ISO-10303-21;
HEADER;
/* Generated by software containing ST-Developer
 * from STEP Tools, Inc. (www.steptools.com) 
 */

FILE_DESCRIPTION(
/* description */ (''),
/* implementation_level */ '2;1');

FILE_NAME(
/* name */ 'Modelos3DComponentes.step',
/* time_stamp */ '2026-06-10T12:03:30+02:00',
/* author */ (''),
/* organization */ (''),
/* preprocessor_version */ 'ST-DEVELOPER v20.1',
/* originating_system */ 'Autodesk Translation Framework v15.8.0.0',
/* authorisation */ '');

FILE_SCHEMA (('AUTOMOTIVE_DESIGN { 1 0 10303 214 3 1 1 }'));
ENDSEC;

DATA;
#10=MECHANICAL_DESIGN_GEOMETRIC_PRESENTATION_REPRESENTATION('',(#5550,#5551,
#5552,#5553,#5554,#5555,#5556,#5557,#5558,#5559,#5560,#5561,#5562,#5563,
#5564,#5565,#5566,#5567,#5568,#5569,#5570,#5571,#5572,#5573,#5574,#5575,
#5576,#5577,#5578,#5579,#5580,#5581,#5582,#5583,#5584,#5585,#5586,#5587,
#5588,#5589,#5590,#5591,#5592,#5593,#5594,#5595,#5596,#5597,#5598,#5599,
#5600,#5601,#5602,#5603,#5604,#5605,#5606,#5607,#5608,#5609,#5610,#5611,
#5612,#5613,#5614,#5615,#5616,#5617,#5618,#5619,#5620,#5621,#5622,#5623,
#5624,#5625,#5626,#5627,#5628,#5629,#5630,#5631,#5632,#5633,#5634,#5635,
#5636,#5637,#5638,#5639,#5640,#5641,#5642,#5643,#5644,#5645,#5646,#5647,
#5648,#5649,#5650,#5651,#5652,#5653,#5654,#5655,#5656,#5657,#5658,#5659,
#5660,#5661,#5662,#5663,#5664,#5665,#5666,#5667,#5668,#5669,#5670,#5671,
#5672,#5673,#5674,#5675,#5676,#5677,#5678,#5679,#5680,#5681,#5682,#5683,
#5684,#5685,#5686,#5687,#5688,#5689,#5690,#5691,#5692,#5693,#5694,#5695,
#5696,#5697,#5698,#5699,#5700,#5701,#5702,#5703,#5704,#5705,#5706,#5707),
#11856);
#11=SHAPE_REPRESENTATION_RELATIONSHIP('SRR','None',#11863,#12);
#12=ADVANCED_BREP_SHAPE_REPRESENTATION('',(#39,#40,#41,#42,#43,#44,#45,
#46,#47),#11855);
#13=ELLIPSE('',#6153,7.28319984622144,5.15);
#14=ELLIPSE('',#6154,7.28319984622144,5.15);
#15=ELLIPSE('',#6156,7.28319984622144,5.15);
#16=ELLIPSE('',#6157,7.28319984622144,5.15);
#17=ELLIPSE('',#6159,7.28319984622144,5.15);
#18=ELLIPSE('',#6160,7.28319984622144,5.15);
#19=ELLIPSE('',#6245,7.28319984622144,5.15);
#20=ELLIPSE('',#6246,7.28319984622144,5.15);
#21=ELLIPSE('',#6248,7.28319984622144,5.15);
#22=ELLIPSE('',#6249,7.28319984622144,5.15);
#23=ELLIPSE('',#6251,7.28319984622144,5.15);
#24=ELLIPSE('',#6252,7.28319984622144,5.15);
#25=B_SPLINE_SURFACE_WITH_KNOTS('',3,3,((#9188,#9189,#9190,#9191,#9192,
#9193,#9194,#9195,#9196,#9197,#9198,#9199,#9200,#9201,#9202,#9203),(#9204,
#9205,#9206,#9207,#9208,#9209,#9210,#9211,#9212,#9213,#9214,#9215,#9216,
#9217,#9218,#9219),(#9220,#9221,#9222,#9223,#9224,#9225,#9226,#9227,#9228,
#9229,#9230,#9231,#9232,#9233,#9234,#9235),(#9236,#9237,#9238,#9239,#9240,
#9241,#9242,#9243,#9244,#9245,#9246,#9247,#9248,#9249,#9250,#9251),(#9252,
#9253,#9254,#9255,#9256,#9257,#9258,#9259,#9260,#9261,#9262,#9263,#9264,
#9265,#9266,#9267)),.UNSPECIFIED.,.F.,.F.,.F.,(4,1,4),(4,2,1,1,1,1,1,1,
1,1,1,1,4),(0.,0.571428571428571,1.),(-3.95782324554939,-3.95685310753935,
-3.95042970486969,-3.94400630220002,-3.93115949686068,-3.90546588618202,
-3.85407866482468,-3.80269144346734,-3.75130422211,-3.69991700075267,-3.64852977939533,
-3.54575533668065,-3.44298089396598),.UNSPECIFIED.);
#26=B_SPLINE_SURFACE_WITH_KNOTS('',3,3,((#9286,#9287,#9288,#9289,#9290,
#9291,#9292,#9293,#9294,#9295,#9296,#9297,#9298,#9299,#9300,#9301,#9302,
#9303),(#9304,#9305,#9306,#9307,#9308,#9309,#9310,#9311,#9312,#9313,#9314,
#9315,#9316,#9317,#9318,#9319,#9320,#9321),(#9322,#9323,#9324,#9325,#9326,
#9327,#9328,#9329,#9330,#9331,#9332,#9333,#9334,#9335,#9336,#9337,#9338,
#9339),(#9340,#9341,#9342,#9343,#9344,#9345,#9346,#9347,#9348,#9349,#9350,
#9351,#9352,#9353,#9354,#9355,#9356,#9357),(#9358,#9359,#9360,#9361,#9362,
#9363,#9364,#9365,#9366,#9367,#9368,#9369,#9370,#9371,#9372,#9373,#9374,
#9375),(#9376,#9377,#9378,#9379,#9380,#9381,#9382,#9383,#9384,#9385,#9386,
#9387,#9388,#9389,#9390,#9391,#9392,#9393)),.UNSPECIFIED.,.F.,.F.,.F.,(4,
1,1,4),(4,1,1,1,1,1,1,1,1,1,1,1,1,2,4),(0.,0.285714285714286,0.571428571428571,
1.),(-0.513867598358667,-0.411094078686934,-0.334013938933134,-0.3083205590152,
-0.205547039343467,-0.179853659425533,-0.1541602795076,-0.128466899589667,
-0.102773519671733,-0.0513867598358667,-0.0256933799179334,-0.0128466899589667,
-0.00642334497948334,0.,0.000970138010040866),.UNSPECIFIED.);
#27=B_SPLINE_SURFACE_WITH_KNOTS('',3,3,((#9649,#9650,#9651,#9652,#9653,
#9654,#9655,#9656,#9657,#9658,#9659,#9660,#9661,#9662,#9663,#9664),(#9665,
#9666,#9667,#9668,#9669,#9670,#9671,#9672,#9673,#9674,#9675,#9676,#9677,
#9678,#9679,#9680),(#9681,#9682,#9683,#9684,#9685,#9686,#9687,#9688,#9689,
#9690,#9691,#9692,#9693,#9694,#9695,#9696),(#9697,#9698,#9699,#9700,#9701,
#9702,#9703,#9704,#9705,#9706,#9707,#9708,#9709,#9710,#9711,#9712),(#9713,
#9714,#9715,#9716,#9717,#9718,#9719,#9720,#9721,#9722,#9723,#9724,#9725,
#9726,#9727,#9728)),.UNSPECIFIED.,.F.,.F.,.F.,(4,1,4),(4,2,1,1,1,1,1,1,
1,1,1,1,4),(0.,0.571428571428571,1.),(-3.95782324554939,-3.95685310753935,
-3.95042970486969,-3.94400630220002,-3.93115949686068,-3.90546588618202,
-3.85407866482468,-3.80269144346734,-3.75130422211,-3.69991700075267,-3.64852977939533,
-3.54575533668065,-3.44298089396598),.UNSPECIFIED.);
#28=B_SPLINE_SURFACE_WITH_KNOTS('',3,3,((#9747,#9748,#9749,#9750,#9751,
#9752,#9753,#9754,#9755,#9756,#9757,#9758,#9759,#9760,#9761,#9762,#9763,
#9764),(#9765,#9766,#9767,#9768,#9769,#9770,#9771,#9772,#9773,#9774,#9775,
#9776,#9777,#9778,#9779,#9780,#9781,#9782),(#9783,#9784,#9785,#9786,#9787,
#9788,#9789,#9790,#9791,#9792,#9793,#9794,#9795,#9796,#9797,#9798,#9799,
#9800),(#9801,#9802,#9803,#9804,#9805,#9806,#9807,#9808,#9809,#9810,#9811,
#9812,#9813,#9814,#9815,#9816,#9817,#9818),(#9819,#9820,#9821,#9822,#9823,
#9824,#9825,#9826,#9827,#9828,#9829,#9830,#9831,#9832,#9833,#9834,#9835,
#9836),(#9837,#9838,#9839,#9840,#9841,#9842,#9843,#9844,#9845,#9846,#9847,
#9848,#9849,#9850,#9851,#9852,#9853,#9854)),.UNSPECIFIED.,.F.,.F.,.F.,(4,
1,1,4),(4,1,1,1,1,1,1,1,1,1,1,1,1,2,4),(0.,0.285714285714286,0.571428571428571,
1.),(-0.513867598358667,-0.411094078686934,-0.334013938933134,-0.3083205590152,
-0.205547039343467,-0.179853659425533,-0.1541602795076,-0.128466899589667,
-0.102773519671733,-0.0513867598358667,-0.0256933799179334,-0.0128466899589667,
-0.00642334497948334,0.,0.000970138010040866),.UNSPECIFIED.);
#29=(
BOUNDED_CURVE()
B_SPLINE_CURVE(5,(#8873,#8874,#8875,#8876,#8877,#8878,#8879,#8880,#8881,
#8882,#8883,#8884,#8885,#8886,#8887,#8888,#8889,#8890,#8891,#8892,#8893,
#8894,#8895,#8896,#8897,#8898,#8899,#8900,#8901,#8902,#8903,#8904,#8905,
#8906,#8907,#8908,#8909,#8910,#8911,#8912,#8913,#8914,#8915,#8916,#8917,
#8918,#8919,#8920,#8921,#8922,#8923,#8924,#8925,#8926,#8927),
 .UNSPECIFIED.,.F.,.F.)
B_SPLINE_CURVE_WITH_KNOTS((6,1,1,1,1,1,1,1,1,1,1,1,1,1,1,1,1,1,1,1,1,1,
1,1,1,1,1,1,1,1,1,1,1,1,1,1,1,1,1,1,1,1,1,1,1,1,1,1,1,1,6),(-1.,-0.980000000000001,
-0.960000000000001,-0.940000000000001,-0.92,-0.9,-0.88,-0.86,-0.84,-0.82,
-0.8,-0.78,-0.76,-0.74,-0.72,-0.7,-0.68,-0.66,-0.64,-0.62,-0.6,-0.58,-0.56,
-0.54,-0.52,-0.5,-0.48,-0.46,-0.44,-0.42,-0.4,-0.38,-0.36,-0.34,-0.32,-0.3,
-0.28,-0.26,-0.24,-0.22,-0.2,-0.18,-0.16,-0.14,-0.12,-0.1,-0.08,-0.06,-0.04,
-0.02,0.),.UNSPECIFIED.)
CURVE()
GEOMETRIC_REPRESENTATION_ITEM()
RATIONAL_B_SPLINE_CURVE((1.,1.,1.,1.,1.,1.,1.,1.,1.,1.,1.,1.,1.,1.,1.,1.,
1.,1.,1.,1.,1.,1.,1.,1.,1.,1.,1.,1.,1.,1.,1.,1.,1.,1.,1.,1.,1.,1.,1.,1.,
1.,1.,1.,1.,1.,1.,1.,1.,1.,1.,1.,1.,1.,1.,1.))
REPRESENTATION_ITEM('')
);
#30=(
BOUNDED_CURVE()
B_SPLINE_CURVE(5,(#8953,#8954,#8955,#8956,#8957,#8958,#8959,#8960,#8961,
#8962,#8963,#8964,#8965,#8966,#8967,#8968,#8969,#8970,#8971,#8972,#8973,
#8974,#8975,#8976,#8977,#8978,#8979,#8980,#8981,#8982,#8983,#8984,#8985,
#8986,#8987,#8988,#8989,#8990,#8991,#8992,#8993,#8994,#8995,#8996,#8997,
#8998,#8999,#9000,#9001,#9002,#9003,#9004,#9005,#9006,#9007,#9008,#9009,
#9010,#9011,#9012),.UNSPECIFIED.,.F.,.F.)
B_SPLINE_CURVE_WITH_KNOTS((6,1,1,1,1,1,1,1,1,1,1,1,1,1,1,1,1,1,1,1,1,1,
1,1,1,1,1,1,1,1,1,1,1,1,1,1,1,1,1,1,1,1,1,1,1,1,1,1,1,1,1,1,1,1,1,6),(-1.,
-0.981818181818182,-0.963636363636364,-0.945454545454546,-0.927272727272727,
-0.909090909090909,-0.890909090909091,-0.872727272727273,-0.854545454545455,
-0.836363636363637,-0.818181818181818,-0.8,-0.781818181818182,-0.763636363636364,
-0.745454545454546,-0.727272727272727,-0.709090909090909,-0.690909090909091,
-0.672727272727273,-0.654545454545455,-0.636363636363636,-0.618181818181818,
-0.6,-0.581818181818182,-0.563636363636364,-0.545454545454546,-0.527272727272727,
-0.509090909090909,-0.490909090909091,-0.472727272727273,-0.454545454545455,
-0.436363636363636,-0.418181818181818,-0.4,-0.381818181818182,-0.363636363636364,
-0.345454545454546,-0.327272727272727,-0.309090909090909,-0.290909090909091,
-0.272727272727273,-0.254545454545455,-0.236363636363636,-0.218181818181818,
-0.2,-0.181818181818182,-0.163636363636364,-0.145454545454545,-0.127272727272727,
-0.109090909090909,-0.0909090909090909,-0.0727272727272727,-0.0545454545454545,
-0.0363636363636364,-0.0181818181818182,0.),.UNSPECIFIED.)
CURVE()
GEOMETRIC_REPRESENTATION_ITEM()
RATIONAL_B_SPLINE_CURVE((1.,1.,1.,1.,1.,1.,1.,1.,1.,1.,1.,1.,1.,1.,1.,1.,
1.,1.,1.,1.,1.,1.,1.,1.,1.,1.,1.,1.,1.,1.,1.,1.,1.,1.,1.,1.,1.,1.,1.,1.,
1.,1.,1.,1.,1.,1.,1.,1.,1.,1.,1.,1.,1.,1.,1.,1.,1.,1.,1.,1.))
REPRESENTATION_ITEM('')
);
#31=(
BOUNDED_CURVE()
B_SPLINE_CURVE(5,(#10741,#10742,#10743,#10744,#10745,#10746,#10747,#10748,
#10749,#10750,#10751,#10752,#10753,#10754,#10755,#10756,#10757,#10758,#10759,
#10760,#10761,#10762,#10763,#10764,#10765,#10766,#10767,#10768,#10769,#10770,
#10771,#10772,#10773,#10774,#10775,#10776,#10777,#10778,#10779,#10780,#10781,
#10782,#10783,#10784,#10785,#10786,#10787,#10788,#10789,#10790,#10791,#10792,
#10793,#10794,#10795),.UNSPECIFIED.,.F.,.F.)
B_SPLINE_CURVE_WITH_KNOTS((6,1,1,1,1,1,1,1,1,1,1,1,1,1,1,1,1,1,1,1,1,1,
1,1,1,1,1,1,1,1,1,1,1,1,1,1,1,1,1,1,1,1,1,1,1,1,1,1,1,1,6),(-1.,-0.980000000000001,
-0.960000000000001,-0.940000000000001,-0.92,-0.9,-0.88,-0.86,-0.84,-0.82,
-0.8,-0.78,-0.76,-0.74,-0.72,-0.7,-0.68,-0.66,-0.64,-0.62,-0.6,-0.58,-0.56,
-0.54,-0.52,-0.5,-0.48,-0.46,-0.44,-0.42,-0.4,-0.38,-0.36,-0.34,-0.32,-0.3,
-0.28,-0.26,-0.24,-0.22,-0.2,-0.18,-0.16,-0.14,-0.12,-0.1,-0.08,-0.06,-0.04,
-0.02,0.),.UNSPECIFIED.)
CURVE()
GEOMETRIC_REPRESENTATION_ITEM()
RATIONAL_B_SPLINE_CURVE((1.,1.,1.,1.,1.,1.,1.,1.,1.,1.,1.,1.,1.,1.,1.,1.,
1.,1.,1.,1.,1.,1.,1.,1.,1.,1.,1.,1.,1.,1.,1.,1.,1.,1.,1.,1.,1.,1.,1.,1.,
1.,1.,1.,1.,1.,1.,1.,1.,1.,1.,1.,1.,1.,1.,1.))
REPRESENTATION_ITEM('')
);
#32=(
BOUNDED_CURVE()
B_SPLINE_CURVE(5,(#10821,#10822,#10823,#10824,#10825,#10826,#10827,#10828,
#10829,#10830,#10831,#10832,#10833,#10834,#10835,#10836,#10837,#10838,#10839,
#10840,#10841,#10842,#10843,#10844,#10845,#10846,#10847,#10848,#10849,#10850,
#10851,#10852,#10853,#10854,#10855,#10856,#10857,#10858,#10859,#10860,#10861,
#10862,#10863,#10864,#10865,#10866,#10867,#10868,#10869,#10870,#10871,#10872,
#10873,#10874,#10875,#10876,#10877,#10878,#10879,#10880),.UNSPECIFIED.,
 .F.,.F.)
B_SPLINE_CURVE_WITH_KNOTS((6,1,1,1,1,1,1,1,1,1,1,1,1,1,1,1,1,1,1,1,1,1,
1,1,1,1,1,1,1,1,1,1,1,1,1,1,1,1,1,1,1,1,1,1,1,1,1,1,1,1,1,1,1,1,1,6),(-1.,
-0.981818181818182,-0.963636363636364,-0.945454545454546,-0.927272727272727,
-0.909090909090909,-0.890909090909091,-0.872727272727273,-0.854545454545455,
-0.836363636363637,-0.818181818181818,-0.8,-0.781818181818182,-0.763636363636364,
-0.745454545454546,-0.727272727272727,-0.709090909090909,-0.690909090909091,
-0.672727272727273,-0.654545454545455,-0.636363636363636,-0.618181818181818,
-0.6,-0.581818181818182,-0.563636363636364,-0.545454545454546,-0.527272727272727,
-0.509090909090909,-0.490909090909091,-0.472727272727273,-0.454545454545455,
-0.436363636363636,-0.418181818181818,-0.4,-0.381818181818182,-0.363636363636364,
-0.345454545454546,-0.327272727272727,-0.309090909090909,-0.290909090909091,
-0.272727272727273,-0.254545454545455,-0.236363636363636,-0.218181818181818,
-0.2,-0.181818181818182,-0.163636363636364,-0.145454545454545,-0.127272727272727,
-0.109090909090909,-0.0909090909090909,-0.0727272727272727,-0.0545454545454545,
-0.0363636363636364,-0.0181818181818182,0.),.UNSPECIFIED.)
CURVE()
GEOMETRIC_REPRESENTATION_ITEM()
RATIONAL_B_SPLINE_CURVE((1.,1.,1.,1.,1.,1.,1.,1.,1.,1.,1.,1.,1.,1.,1.,1.,
1.,1.,1.,1.,1.,1.,1.,1.,1.,1.,1.,1.,1.,1.,1.,1.,1.,1.,1.,1.,1.,1.,1.,1.,
1.,1.,1.,1.,1.,1.,1.,1.,1.,1.,1.,1.,1.,1.,1.,1.,1.,1.,1.,1.))
REPRESENTATION_ITEM('')
);
#33=(
BOUNDED_SURFACE()
B_SPLINE_SURFACE(5,1,((#8761,#8762),(#8763,#8764),(#8765,#8766),(#8767,
#8768),(#8769,#8770),(#8771,#8772),(#8773,#8774),(#8775,#8776),(#8777,#8778),
(#8779,#8780),(#8781,#8782),(#8783,#8784),(#8785,#8786),(#8787,#8788),(#8789,
#8790),(#8791,#8792),(#8793,#8794),(#8795,#8796),(#8797,#8798),(#8799,#8800),
(#8801,#8802),(#8803,#8804),(#8805,#8806),(#8807,#8808),(#8809,#8810),(#8811,
#8812),(#8813,#8814),(#8815,#8816),(#8817,#8818),(#8819,#8820),(#8821,#8822),
(#8823,#8824),(#8825,#8826),(#8827,#8828),(#8829,#8830),(#8831,#8832),(#8833,
#8834),(#8835,#8836),(#8837,#8838),(#8839,#8840),(#8841,#8842),(#8843,#8844),
(#8845,#8846),(#8847,#8848),(#8849,#8850),(#8851,#8852),(#8853,#8854),(#8855,
#8856),(#8857,#8858),(#8859,#8860),(#8861,#8862),(#8863,#8864),(#8865,#8866),
(#8867,#8868),(#8869,#8870)),.UNSPECIFIED.,.F.,.F.,.F.)
B_SPLINE_SURFACE_WITH_KNOTS((6,1,1,1,1,1,1,1,1,1,1,1,1,1,1,1,1,1,1,1,1,
1,1,1,1,1,1,1,1,1,1,1,1,1,1,1,1,1,1,1,1,1,1,1,1,1,1,1,1,1,6),(2,2),(-1.,
-0.980000000000001,-0.960000000000001,-0.940000000000001,-0.92,-0.9,-0.88,
-0.86,-0.84,-0.82,-0.8,-0.78,-0.76,-0.74,-0.72,-0.7,-0.68,-0.66,-0.64,-0.62,
-0.6,-0.58,-0.56,-0.54,-0.52,-0.5,-0.48,-0.46,-0.44,-0.42,-0.4,-0.38,-0.36,
-0.34,-0.32,-0.3,-0.28,-0.26,-0.24,-0.22,-0.2,-0.18,-0.16,-0.14,-0.12,-0.1,
-0.08,-0.06,-0.04,-0.02,0.),(0.,1.4),.UNSPECIFIED.)
GEOMETRIC_REPRESENTATION_ITEM()
RATIONAL_B_SPLINE_SURFACE(((1.,1.),(1.,1.),(1.,1.),(1.,1.),(1.,1.),(1.,
1.),(1.,1.),(1.,1.),(1.,1.),(1.,1.),(1.,1.),(1.,1.),(1.,1.),(1.,1.),(1.,
1.),(1.,1.),(1.,1.),(1.,1.),(1.,1.),(1.,1.),(1.,1.),(1.,1.),(1.,1.),(1.,
1.),(1.,1.),(1.,1.),(1.,1.),(1.,1.),(1.,1.),(1.,1.),(1.,1.),(1.,1.),(1.,
1.),(1.,1.),(1.,1.),(1.,1.),(1.,1.),(1.,1.),(1.,1.),(1.,1.),(1.,1.),(1.,
1.),(1.,1.),(1.,1.),(1.,1.),(1.,1.),(1.,1.),(1.,1.),(1.,1.),(1.,1.),(1.,
1.),(1.,1.),(1.,1.),(1.,1.),(1.,1.)))
REPRESENTATION_ITEM('')
SURFACE()
);
#34=(
BOUNDED_SURFACE()
B_SPLINE_SURFACE(5,1,((#9037,#9038),(#9039,#9040),(#9041,#9042),(#9043,
#9044),(#9045,#9046),(#9047,#9048),(#9049,#9050),(#9051,#9052),(#9053,#9054),
(#9055,#9056),(#9057,#9058),(#9059,#9060),(#9061,#9062),(#9063,#9064),(#9065,
#9066),(#9067,#9068),(#9069,#9070),(#9071,#9072),(#9073,#9074),(#9075,#9076),
(#9077,#9078),(#9079,#9080),(#9081,#9082),(#9083,#9084),(#9085,#9086),(#9087,
#9088),(#9089,#9090),(#9091,#9092),(#9093,#9094),(#9095,#9096),(#9097,#9098),
(#9099,#9100),(#9101,#9102),(#9103,#9104),(#9105,#9106),(#9107,#9108),(#9109,
#9110),(#9111,#9112),(#9113,#9114),(#9115,#9116),(#9117,#9118),(#9119,#9120),
(#9121,#9122),(#9123,#9124),(#9125,#9126),(#9127,#9128),(#9129,#9130),(#9131,
#9132),(#9133,#9134),(#9135,#9136),(#9137,#9138),(#9139,#9140),(#9141,#9142),
(#9143,#9144),(#9145,#9146),(#9147,#9148),(#9149,#9150),(#9151,#9152),(#9153,
#9154),(#9155,#9156)),.UNSPECIFIED.,.F.,.F.,.F.)
B_SPLINE_SURFACE_WITH_KNOTS((6,1,1,1,1,1,1,1,1,1,1,1,1,1,1,1,1,1,1,1,1,
1,1,1,1,1,1,1,1,1,1,1,1,1,1,1,1,1,1,1,1,1,1,1,1,1,1,1,1,1,1,1,1,1,1,6),
(2,2),(-1.,-0.981818181818182,-0.963636363636364,-0.945454545454546,-0.927272727272727,
-0.909090909090909,-0.890909090909091,-0.872727272727273,-0.854545454545455,
-0.836363636363637,-0.818181818181818,-0.8,-0.781818181818182,-0.763636363636364,
-0.745454545454546,-0.727272727272727,-0.709090909090909,-0.690909090909091,
-0.672727272727273,-0.654545454545455,-0.636363636363636,-0.618181818181818,
-0.6,-0.581818181818182,-0.563636363636364,-0.545454545454546,-0.527272727272727,
-0.509090909090909,-0.490909090909091,-0.472727272727273,-0.454545454545455,
-0.436363636363636,-0.418181818181818,-0.4,-0.381818181818182,-0.363636363636364,
-0.345454545454546,-0.327272727272727,-0.309090909090909,-0.290909090909091,
-0.272727272727273,-0.254545454545455,-0.236363636363636,-0.218181818181818,
-0.2,-0.181818181818182,-0.163636363636364,-0.145454545454545,-0.127272727272727,
-0.109090909090909,-0.0909090909090909,-0.0727272727272727,-0.0545454545454545,
-0.0363636363636364,-0.0181818181818182,0.),(0.,1.4),.UNSPECIFIED.)
GEOMETRIC_REPRESENTATION_ITEM()
RATIONAL_B_SPLINE_SURFACE(((1.,1.),(1.,1.),(1.,1.),(1.,1.),(1.,1.),(1.,
1.),(1.,1.),(1.,1.),(1.,1.),(1.,1.),(1.,1.),(1.,1.),(1.,1.),(1.,1.),(1.,
1.),(1.,1.),(1.,1.),(1.,1.),(1.,1.),(1.,1.),(1.,1.),(1.,1.),(1.,1.),(1.,
1.),(1.,1.),(1.,1.),(1.,1.),(1.,1.),(1.,1.),(1.,1.),(1.,1.),(1.,1.),(1.,
1.),(1.,1.),(1.,1.),(1.,1.),(1.,1.),(1.,1.),(1.,1.),(1.,1.),(1.,1.),(1.,
1.),(1.,1.),(1.,1.),(1.,1.),(1.,1.),(1.,1.),(1.,1.),(1.,1.),(1.,1.),(1.,
1.),(1.,1.),(1.,1.),(1.,1.),(1.,1.),(1.,1.),(1.,1.),(1.,1.),(1.,1.),(1.,
1.)))
REPRESENTATION_ITEM('')
SURFACE()
);
#35=(
BOUNDED_SURFACE()
B_SPLINE_SURFACE(2,2,((#9159,#9160,#9161,#9162,#9163,#9164,#9165),(#9166,
#9167,#9168,#9169,#9170,#9171,#9172),(#9173,#9174,#9175,#9176,#9177,#9178,
#9179)),.UNSPECIFIED.,.F.,.F.,.F.)
B_SPLINE_SURFACE_WITH_KNOTS((3,3),(3,2,2,3),(0.,1.5707963267949),(-1.59992666009774,
-0.533308886699249,0.533308886699246,1.59992666009774),.UNSPECIFIED.)
GEOMETRIC_REPRESENTATION_ITEM()
RATIONAL_B_SPLINE_SURFACE(((1.,0.861129597701408,1.,0.861129597701408,1.,
0.861129597701408,1.),(0.707106781186549,0.608910578015111,0.707106781186549,
0.608910578015111,0.707106781186549,0.608910578015111,0.707106781186549),
(1.,0.861129597701408,1.,0.861129597701408,1.,0.861129597701408,1.)))
REPRESENTATION_ITEM('')
SURFACE()
);
#36=(
BOUNDED_SURFACE()
B_SPLINE_SURFACE(2,2,((#9620,#9621,#9622,#9623,#9624,#9625,#9626),(#9627,
#9628,#9629,#9630,#9631,#9632,#9633),(#9634,#9635,#9636,#9637,#9638,#9639,
#9640)),.UNSPECIFIED.,.F.,.F.,.F.)
B_SPLINE_SURFACE_WITH_KNOTS((3,3),(3,2,2,3),(0.,1.5707963267949),(-1.59992666009803,
-0.533308886699342,0.533308886699346,1.59992666009803),.UNSPECIFIED.)
GEOMETRIC_REPRESENTATION_ITEM()
RATIONAL_B_SPLINE_SURFACE(((1.,0.861129597701359,1.,0.861129597701359,1.,
0.861129597701359,1.),(0.707106781186547,0.608910578015074,0.707106781186547,
0.608910578015074,0.707106781186547,0.608910578015074,0.707106781186547),
(1.,0.861129597701359,1.,0.861129597701359,1.,0.861129597701359,1.)))
REPRESENTATION_ITEM('')
SURFACE()
);
#37=(
BOUNDED_SURFACE()
B_SPLINE_SURFACE(5,1,((#10629,#10630),(#10631,#10632),(#10633,#10634),(#10635,
#10636),(#10637,#10638),(#10639,#10640),(#10641,#10642),(#10643,#10644),
(#10645,#10646),(#10647,#10648),(#10649,#10650),(#10651,#10652),(#10653,
#10654),(#10655,#10656),(#10657,#10658),(#10659,#10660),(#10661,#10662),
(#10663,#10664),(#10665,#10666),(#10667,#10668),(#10669,#10670),(#10671,
#10672),(#10673,#10674),(#10675,#10676),(#10677,#10678),(#10679,#10680),
(#10681,#10682),(#10683,#10684),(#10685,#10686),(#10687,#10688),(#10689,
#10690),(#10691,#10692),(#10693,#10694),(#10695,#10696),(#10697,#10698),
(#10699,#10700),(#10701,#10702),(#10703,#10704),(#10705,#10706),(#10707,
#10708),(#10709,#10710),(#10711,#10712),(#10713,#10714),(#10715,#10716),
(#10717,#10718),(#10719,#10720),(#10721,#10722),(#10723,#10724),(#10725,
#10726),(#10727,#10728),(#10729,#10730),(#10731,#10732),(#10733,#10734),
(#10735,#10736),(#10737,#10738)),.UNSPECIFIED.,.F.,.F.,.F.)
B_SPLINE_SURFACE_WITH_KNOTS((6,1,1,1,1,1,1,1,1,1,1,1,1,1,1,1,1,1,1,1,1,
1,1,1,1,1,1,1,1,1,1,1,1,1,1,1,1,1,1,1,1,1,1,1,1,1,1,1,1,1,6),(2,2),(-1.,
-0.980000000000001,-0.960000000000001,-0.940000000000001,-0.92,-0.9,-0.88,
-0.86,-0.84,-0.82,-0.8,-0.78,-0.76,-0.74,-0.72,-0.7,-0.68,-0.66,-0.64,-0.62,
-0.6,-0.58,-0.56,-0.54,-0.52,-0.5,-0.48,-0.46,-0.44,-0.42,-0.4,-0.38,-0.36,
-0.34,-0.32,-0.3,-0.28,-0.26,-0.24,-0.22,-0.2,-0.18,-0.16,-0.14,-0.12,-0.1,
-0.08,-0.06,-0.04,-0.02,0.),(0.,1.4),.UNSPECIFIED.)
GEOMETRIC_REPRESENTATION_ITEM()
RATIONAL_B_SPLINE_SURFACE(((1.,1.),(1.,1.),(1.,1.),(1.,1.),(1.,1.),(1.,
1.),(1.,1.),(1.,1.),(1.,1.),(1.,1.),(1.,1.),(1.,1.),(1.,1.),(1.,1.),(1.,
1.),(1.,1.),(1.,1.),(1.,1.),(1.,1.),(1.,1.),(1.,1.),(1.,1.),(1.,1.),(1.,
1.),(1.,1.),(1.,1.),(1.,1.),(1.,1.),(1.,1.),(1.,1.),(1.,1.),(1.,1.),(1.,
1.),(1.,1.),(1.,1.),(1.,1.),(1.,1.),(1.,1.),(1.,1.),(1.,1.),(1.,1.),(1.,
1.),(1.,1.),(1.,1.),(1.,1.),(1.,1.),(1.,1.),(1.,1.),(1.,1.),(1.,1.),(1.,
1.),(1.,1.),(1.,1.),(1.,1.),(1.,1.)))
REPRESENTATION_ITEM('')
SURFACE()
);
#38=(
BOUNDED_SURFACE()
B_SPLINE_SURFACE(5,1,((#10905,#10906),(#10907,#10908),(#10909,#10910),(#10911,
#10912),(#10913,#10914),(#10915,#10916),(#10917,#10918),(#10919,#10920),
(#10921,#10922),(#10923,#10924),(#10925,#10926),(#10927,#10928),(#10929,
#10930),(#10931,#10932),(#10933,#10934),(#10935,#10936),(#10937,#10938),
(#10939,#10940),(#10941,#10942),(#10943,#10944),(#10945,#10946),(#10947,
#10948),(#10949,#10950),(#10951,#10952),(#10953,#10954),(#10955,#10956),
(#10957,#10958),(#10959,#10960),(#10961,#10962),(#10963,#10964),(#10965,
#10966),(#10967,#10968),(#10969,#10970),(#10971,#10972),(#10973,#10974),
(#10975,#10976),(#10977,#10978),(#10979,#10980),(#10981,#10982),(#10983,
#10984),(#10985,#10986),(#10987,#10988),(#10989,#10990),(#10991,#10992),
(#10993,#10994),(#10995,#10996),(#10997,#10998),(#10999,#11000),(#11001,
#11002),(#11003,#11004),(#11005,#11006),(#11007,#11008),(#11009,#11010),
(#11011,#11012),(#11013,#11014),(#11015,#11016),(#11017,#11018),(#11019,
#11020),(#11021,#11022),(#11023,#11024)),.UNSPECIFIED.,.F.,.F.,.F.)
B_SPLINE_SURFACE_WITH_KNOTS((6,1,1,1,1,1,1,1,1,1,1,1,1,1,1,1,1,1,1,1,1,
1,1,1,1,1,1,1,1,1,1,1,1,1,1,1,1,1,1,1,1,1,1,1,1,1,1,1,1,1,1,1,1,1,1,6),
(2,2),(-1.,-0.981818181818182,-0.963636363636364,-0.945454545454546,-0.927272727272727,
-0.909090909090909,-0.890909090909091,-0.872727272727273,-0.854545454545455,
-0.836363636363637,-0.818181818181818,-0.8,-0.781818181818182,-0.763636363636364,
-0.745454545454546,-0.727272727272727,-0.709090909090909,-0.690909090909091,
-0.672727272727273,-0.654545454545455,-0.636363636363636,-0.618181818181818,
-0.6,-0.581818181818182,-0.563636363636364,-0.545454545454546,-0.527272727272727,
-0.509090909090909,-0.490909090909091,-0.472727272727273,-0.454545454545455,
-0.436363636363636,-0.418181818181818,-0.4,-0.381818181818182,-0.363636363636364,
-0.345454545454546,-0.327272727272727,-0.309090909090909,-0.290909090909091,
-0.272727272727273,-0.254545454545455,-0.236363636363636,-0.218181818181818,
-0.2,-0.181818181818182,-0.163636363636364,-0.145454545454545,-0.127272727272727,
-0.109090909090909,-0.0909090909090909,-0.0727272727272727,-0.0545454545454545,
-0.0363636363636364,-0.0181818181818182,0.),(0.,1.4),.UNSPECIFIED.)
GEOMETRIC_REPRESENTATION_ITEM()
RATIONAL_B_SPLINE_SURFACE(((1.,1.),(1.,1.),(1.,1.),(1.,1.),(1.,1.),(1.,
1.),(1.,1.),(1.,1.),(1.,1.),(1.,1.),(1.,1.),(1.,1.),(1.,1.),(1.,1.),(1.,
1.),(1.,1.),(1.,1.),(1.,1.),(1.,1.),(1.,1.),(1.,1.),(1.,1.),(1.,1.),(1.,
1.),(1.,1.),(1.,1.),(1.,1.),(1.,1.),(1.,1.),(1.,1.),(1.,1.),(1.,1.),(1.,
1.),(1.,1.),(1.,1.),(1.,1.),(1.,1.),(1.,1.),(1.,1.),(1.,1.),(1.,1.),(1.,
1.),(1.,1.),(1.,1.),(1.,1.),(1.,1.),(1.,1.),(1.,1.),(1.,1.),(1.,1.),(1.,
1.),(1.,1.),(1.,1.),(1.,1.),(1.,1.),(1.,1.),(1.,1.),(1.,1.),(1.,1.),(1.,
1.)))
REPRESENTATION_ITEM('')
SURFACE()
);
#39=MANIFOLD_SOLID_BREP('Bomba vacio',#6057);
#40=MANIFOLD_SOLID_BREP('ValvulaVacio',#6058);
#41=MANIFOLD_SOLID_BREP('SensorVacio',#6059);
#42=MANIFOLD_SOLID_BREP('SensorBlando',#6060);
#43=MANIFOLD_SOLID_BREP('ValvulaFuera',#6061);
#44=MANIFOLD_SOLID_BREP('ReleValvulas',#6062);
#45=MANIFOLD_SOLID_BREP('ReleBomba',#6063);
#46=MANIFOLD_SOLID_BREP('ESP32',#6064);
#47=MANIFOLD_SOLID_BREP('CableTipoC',#6065);
#48=FACE_BOUND('',#761,.T.);
#49=FACE_BOUND('',#764,.T.);
#50=FACE_BOUND('',#769,.T.);
#51=FACE_BOUND('',#771,.T.);
#52=FACE_BOUND('',#773,.T.);
#53=FACE_BOUND('',#790,.T.);
#54=FACE_BOUND('',#795,.T.);
#55=FACE_BOUND('',#796,.T.);
#56=FACE_BOUND('',#801,.T.);
#57=FACE_BOUND('',#809,.T.);
#58=FACE_BOUND('',#813,.T.);
#59=FACE_BOUND('',#824,.T.);
#60=FACE_BOUND('',#827,.T.);
#61=FACE_BOUND('',#833,.T.);
#62=FACE_BOUND('',#836,.T.);
#63=FACE_BOUND('',#838,.T.);
#64=FACE_BOUND('',#846,.T.);
#65=FACE_BOUND('',#867,.T.);
#66=FACE_BOUND('',#871,.T.);
#67=FACE_BOUND('',#873,.T.);
#68=FACE_BOUND('',#882,.T.);
#69=FACE_BOUND('',#885,.T.);
#70=FACE_BOUND('',#891,.T.);
#71=FACE_BOUND('',#894,.T.);
#72=FACE_BOUND('',#896,.T.);
#73=FACE_BOUND('',#904,.T.);
#74=FACE_BOUND('',#925,.T.);
#75=FACE_BOUND('',#929,.T.);
#76=FACE_BOUND('',#931,.T.);
#77=FACE_BOUND('',#948,.T.);
#78=FACE_BOUND('',#953,.T.);
#79=FACE_BOUND('',#954,.T.);
#80=FACE_BOUND('',#959,.T.);
#81=FACE_BOUND('',#967,.T.);
#82=FACE_BOUND('',#971,.T.);
#83=FACE_BOUND('',#1022,.T.);
#84=FACE_BOUND('',#1023,.T.);
#85=FACE_BOUND('',#1024,.T.);
#86=FACE_BOUND('',#1032,.T.);
#87=FACE_BOUND('',#1033,.T.);
#88=FACE_BOUND('',#1034,.T.);
#89=FACE_BOUND('',#1045,.T.);
#90=FACE_BOUND('',#1046,.T.);
#91=FACE_BOUND('',#1047,.T.);
#92=FACE_BOUND('',#1048,.T.);
#93=FACE_BOUND('',#1049,.T.);
#94=FACE_BOUND('',#1098,.T.);
#95=FACE_BOUND('',#1099,.T.);
#96=FACE_BOUND('',#1100,.T.);
#97=FACE_BOUND('',#1108,.T.);
#98=FACE_BOUND('',#1109,.T.);
#99=FACE_BOUND('',#1110,.T.);
#100=FACE_BOUND('',#1121,.T.);
#101=FACE_BOUND('',#1122,.T.);
#102=FACE_BOUND('',#1123,.T.);
#103=FACE_BOUND('',#1124,.T.);
#104=FACE_BOUND('',#1125,.T.);
#105=FACE_BOUND('',#1128,.T.);
#106=FACE_BOUND('',#1132,.T.);
#107=FACE_BOUND('',#1133,.T.);
#108=FACE_BOUND('',#1160,.T.);
#109=B_SPLINE_CURVE_WITH_KNOTS('',3,(#8147,#8148,#8149,#8150,#8151,#8152,
#8153,#8154,#8155,#8156,#8157,#8158,#8159,#8160,#8161,#8162,#8163,#8164),
 .UNSPECIFIED.,.F.,.F.,(4,2,2,2,2,2,2,2,4),(0.,0.0849261658377572,0.169852331675514,
0.254776229229461,0.339700126783408,0.424624024337355,0.509547921891302,
0.594474087729059,0.679400253566816),.UNSPECIFIED.);
#110=B_SPLINE_CURVE_WITH_KNOTS('',3,(#8165,#8166,#8167,#8168,#8169,#8170,
#8171,#8172,#8173,#8174,#8175,#8176,#8177,#8178,#8179,#8180,#8181,#8182),
 .UNSPECIFIED.,.F.,.F.,(4,2,2,2,2,2,2,2,4),(0.679400253566816,0.764326419404573,
0.849252585242331,0.934176482796278,1.01910038035022,1.10402427790417,1.18894817545812,
1.27387434129588,1.35880050713363),.UNSPECIFIED.);
#111=B_SPLINE_CURVE_WITH_KNOTS('',3,(#8308,#8309,#8310,#8311,#8312,#8313,
#8314,#8315,#8316,#8317,#8318,#8319,#8320,#8321,#8322,#8323,#8324,#8325,
#8326,#8327,#8328,#8329,#8330,#8331,#8332,#8333,#8334,#8335,#8336,#8337,
#8338,#8339,#8340,#8341,#8342,#8343,#8344,#8345,#8346,#8347,#8348,#8349,
#8350,#8351,#8352,#8353,#8354,#8355,#8356,#8357,#8358,#8359,#8360,#8361,
#8362,#8363,#8364,#8365,#8366,#8367,#8368,#8369,#8370,#8371,#8372,#8373,
#8374,#8375,#8376,#8377,#8378,#8379,#8380,#8381,#8382,#8383,#8384,#8385,
#8386,#8387,#8388,#8389,#8390,#8391,#8392,#8393,#8394,#8395,#8396,#8397,
#8398,#8399,#8400,#8401,#8402,#8403,#8404,#8405,#8406,#8407,#8408,#8409,
#8410,#8411,#8412,#8413,#8414,#8415,#8416,#8417,#8418,#8419,#8420,#8421,
#8422,#8423,#8424,#8425,#8426,#8427,#8428,#8429,#8430,#8431,#8432,#8433,
#8434,#8435,#8436,#8437,#8438,#8439,#8440,#8441,#8442,#8443,#8444,#8445,
#8446,#8447,#8448,#8449,#8450,#8451,#8452,#8453,#8454,#8455,#8456,#8457,
#8458,#8459,#8460,#8461,#8462,#8463,#8464,#8465,#8466,#8467,#8468,#8469,
#8470,#8471,#8472,#8473,#8474,#8475,#8476,#8477,#8478,#8479,#8480,#8481,
#8482,#8483,#8484,#8485,#8486,#8487,#8488),.UNSPECIFIED.,.F.,.F.,(4,3,3,
3,3,3,3,3,3,3,3,3,3,3,3,3,3,3,3,3,3,3,3,3,3,3,3,3,3,3,3,3,3,3,3,3,3,3,3,
3,3,3,3,3,3,3,3,3,3,3,3,3,3,3,3,3,3,3,3,3,4),(-0.612521860212232,-0.5933805520806,
-0.579072647853511,-0.566226736810438,-0.554010441698972,-0.542175885033952,
-0.53071769702895,-0.519434006207767,-0.508105195740697,-0.497046279102107,
-0.486452437714712,-0.476401592958105,-0.466562171379575,-0.456450595340609,
-0.445969742931267,-0.435536531434932,-0.425472889414189,-0.415863241488758,
-0.406711385277295,-0.397694891202883,-0.388464404577897,-0.378954941491279,
-0.369191300431854,-0.35923563771732,-0.349201631078259,-0.339229619162708,
-0.329501091735202,-0.319853438537703,-0.3098580185834,-0.299593746717729,
-0.288988951072717,-0.277948473593515,-0.266375142948344,-0.254096009110765,
-0.240809962012943,-0.228073592138488,-0.217752289785472,-0.208396326094946,
-0.199665485633341,-0.191356154836022,-0.183336876658629,-0.175646975054129,
-0.168133522898581,-0.160447149617973,-0.152314163893098,-0.143133970743059,
-0.130669931502644,-0.120516780091554,-0.111972743929281,-0.104087188824599,
-0.0964638105765392,-0.0885709083471646,-0.0802315501490594,-0.0713780531087552,
-0.061591362736474,-0.0517727999776807,-0.0422548642264695,-0.0325651770825063,
-0.0216125860802729,-0.00906405995413246,0.),.UNSPECIFIED.);
#112=B_SPLINE_CURVE_WITH_KNOTS('',3,(#8496,#8497,#8498,#8499,#8500,#8501,
#8502,#8503,#8504,#8505,#8506,#8507,#8508,#8509,#8510,#8511,#8512,#8513,
#8514,#8515,#8516,#8517,#8518,#8519,#8520,#8521,#8522,#8523,#8524,#8525,
#8526,#8527,#8528,#8529,#8530,#8531,#8532,#8533,#8534,#8535,#8536,#8537,
#8538,#8539,#8540,#8541,#8542,#8543,#8544,#8545,#8546,#8547,#8548,#8549,
#8550,#8551,#8552,#8553,#8554,#8555,#8556,#8557,#8558,#8559,#8560,#8561,
#8562,#8563,#8564,#8565,#8566,#8567,#8568,#8569,#8570,#8571,#8572,#8573,
#8574,#8575,#8576,#8577,#8578,#8579,#8580,#8581,#8582,#8583,#8584,#8585,
#8586,#8587,#8588,#8589,#8590,#8591,#8592,#8593,#8594,#8595,#8596,#8597,
#8598,#8599,#8600,#8601,#8602,#8603,#8604,#8605,#8606,#8607,#8608,#8609,
#8610,#8611,#8612,#8613,#8614,#8615,#8616,#8617,#8618,#8619,#8620,#8621,
#8622,#8623,#8624,#8625,#8626,#8627,#8628,#8629,#8630,#8631,#8632,#8633,
#8634,#8635,#8636,#8637,#8638,#8639,#8640,#8641,#8642,#8643,#8644,#8645,
#8646,#8647,#8648,#8649,#8650,#8651,#8652,#8653,#8654,#8655,#8656,#8657,
#8658,#8659,#8660,#8661,#8662,#8663,#8664,#8665,#8666,#8667,#8668,#8669,
#8670,#8671,#8672,#8673,#8674,#8675,#8676,#8677,#8678,#8679,#8680,#8681,
#8682,#8683,#8684,#8685,#8686,#8687,#8688,#8689,#8690,#8691,#8692,#8693,
#8694,#8695,#8696,#8697,#8698,#8699,#8700,#8701,#8702,#8703,#8704,#8705,
#8706,#8707,#8708,#8709,#8710,#8711,#8712,#8713,#8714,#8715,#8716,#8717,
#8718,#8719,#8720,#8721,#8722,#8723,#8724,#8725,#8726,#8727,#8728,#8729,
#8730,#8731,#8732,#8733,#8734,#8735,#8736,#8737,#8738,#8739,#8740,#8741,
#8742,#8743,#8744,#8745),.UNSPECIFIED.,.F.,.F.,(4,3,3,3,3,3,3,3,3,3,3,3,
3,3,3,3,3,3,3,3,3,3,3,3,3,3,3,3,3,3,3,3,3,3,3,3,3,3,3,3,3,3,3,3,3,3,3,3,
3,3,3,3,3,3,3,3,3,3,3,3,3,3,3,3,3,3,3,3,3,3,3,3,3,3,3,3,3,3,3,3,3,3,3,4),
(-2.35009084779968,-2.31157334184153,-2.27545500837525,-2.2450301706209,
-2.21703614374232,-2.18986522208351,-2.16151938517319,-2.12540822053722,
-2.09607754285625,-2.07140924352514,-2.04902515663477,-2.0272836188951,
-2.00566599903437,-1.98235837545198,-1.95475031913504,-1.92280942616661,
-1.89592205263071,-1.87311826352794,-1.85121704562613,-1.8296447284468,
-1.80710184118269,-1.78305105960495,-1.75746549362388,-1.72919875636501,
-1.69102627934984,-1.65814345799362,-1.63094620530392,-1.60441348261635,
-1.57716064398016,-1.54899630646586,-1.52000373123862,-1.49051194213507,
-1.46103887075939,-1.43207766940528,-1.40390812681461,-1.37683957206788,
-1.35041190910663,-1.32399484362633,-1.29612003852783,-1.26537748883683,
-1.23001076329418,-1.19157292694124,-1.15817092858493,-1.12893015738348,
-1.10198034590042,-1.07635388525379,-1.05187979978002,-1.02850877468129,
-1.00527760970278,-0.981512245043599,-0.95639438450129,-0.928758836796037,
-0.896668168345577,-0.860536899102144,-0.831650305049154,-0.805661233016368,
-0.780484319484606,-0.756094184500712,-0.732466241235065,-0.707783207164958,
-0.679781124205228,-0.645007465100119,-0.612684681536337,-0.586316926114495,
-0.562771436139289,-0.540258107134979,-0.517894712171857,-0.494685844580053,
-0.468788705891368,-0.436960613762487,-0.404990137421865,-0.379248448082477,
-0.355545420077322,-0.332643760905596,-0.308839338459147,-0.283627180642624,
-0.256244350985429,-0.224578319491242,-0.181809011495066,-0.149965232108407,
-0.117173560530458,-0.0808112262066642,-0.0407327651954043,0.),
 .UNSPECIFIED.);
#113=B_SPLINE_CURVE_WITH_KNOTS('',3,(#9269,#9270,#9271,#9272,#9273,#9274,
#9275,#9276,#9277,#9278,#9279,#9280,#9281,#9282,#9283,#9284),
 .UNSPECIFIED.,.F.,.F.,(4,1,1,1,1,1,1,1,1,1,1,2,4),(3.44298089396598,3.54575533668065,
3.64852977939533,3.69991700075267,3.75130422211,3.80269144346734,3.85407866482468,
3.90546588618202,3.93115949686068,3.94400630220002,3.95042970486969,3.95685310753935,
3.95782324554939),.UNSPECIFIED.);
#114=B_SPLINE_CURVE_WITH_KNOTS('',3,(#9395,#9396,#9397,#9398,#9399,#9400,
#9401,#9402,#9403,#9404,#9405,#9406,#9407,#9408,#9409,#9410,#9411,#9412),
 .UNSPECIFIED.,.F.,.F.,(4,2,1,1,1,1,1,1,1,1,1,1,1,1,4),(-0.000970138010040866,
0.,0.00642334497948334,0.0128466899589667,0.0256933799179334,0.0513867598358667,
0.102773519671733,0.128466899589667,0.1541602795076,0.179853659425533,0.205547039343467,
0.3083205590152,0.334013938933134,0.411094078686934,0.513867598358667),
 .UNSPECIFIED.);
#115=B_SPLINE_CURVE_WITH_KNOTS('',3,(#9730,#9731,#9732,#9733,#9734,#9735,
#9736,#9737,#9738,#9739,#9740,#9741,#9742,#9743,#9744,#9745),
 .UNSPECIFIED.,.F.,.F.,(4,1,1,1,1,1,1,1,1,1,1,2,4),(3.44298089396598,3.54575533668065,
3.64852977939533,3.69991700075267,3.75130422211,3.80269144346734,3.85407866482468,
3.90546588618202,3.93115949686068,3.94400630220002,3.95042970486969,3.95685310753935,
3.95782324554939),.UNSPECIFIED.);
#116=B_SPLINE_CURVE_WITH_KNOTS('',3,(#9856,#9857,#9858,#9859,#9860,#9861,
#9862,#9863,#9864,#9865,#9866,#9867,#9868,#9869,#9870,#9871,#9872,#9873),
 .UNSPECIFIED.,.F.,.F.,(4,2,1,1,1,1,1,1,1,1,1,1,1,1,4),(-0.000970138010040866,
0.,0.00642334497948334,0.0128466899589667,0.0256933799179334,0.0513867598358667,
0.102773519671733,0.128466899589667,0.1541602795076,0.179853659425533,0.205547039343467,
0.3083205590152,0.334013938933134,0.411094078686934,0.513867598358667),
 .UNSPECIFIED.);
#117=B_SPLINE_CURVE_WITH_KNOTS('',3,(#10176,#10177,#10178,#10179,#10180,
#10181,#10182,#10183,#10184,#10185,#10186,#10187,#10188,#10189,#10190,#10191,
#10192,#10193,#10194,#10195,#10196,#10197,#10198,#10199,#10200,#10201,#10202,
#10203,#10204,#10205,#10206,#10207,#10208,#10209,#10210,#10211,#10212,#10213,
#10214,#10215,#10216,#10217,#10218,#10219,#10220,#10221,#10222,#10223,#10224,
#10225,#10226,#10227,#10228,#10229,#10230,#10231,#10232,#10233,#10234,#10235,
#10236,#10237,#10238,#10239,#10240,#10241,#10242,#10243,#10244,#10245,#10246,
#10247,#10248,#10249,#10250,#10251,#10252,#10253,#10254,#10255,#10256,#10257,
#10258,#10259,#10260,#10261,#10262,#10263,#10264,#10265,#10266,#10267,#10268,
#10269,#10270,#10271,#10272,#10273,#10274,#10275,#10276,#10277,#10278,#10279,
#10280,#10281,#10282,#10283,#10284,#10285,#10286,#10287,#10288,#10289,#10290,
#10291,#10292,#10293,#10294,#10295,#10296,#10297,#10298,#10299,#10300,#10301,
#10302,#10303,#10304,#10305,#10306,#10307,#10308,#10309,#10310,#10311,#10312,
#10313,#10314,#10315,#10316,#10317,#10318,#10319,#10320,#10321,#10322,#10323,
#10324,#10325,#10326,#10327,#10328,#10329,#10330,#10331,#10332,#10333,#10334,
#10335,#10336,#10337,#10338,#10339,#10340,#10341,#10342,#10343,#10344,#10345,
#10346,#10347,#10348,#10349,#10350,#10351,#10352,#10353,#10354,#10355,#10356),
 .UNSPECIFIED.,.F.,.F.,(4,3,3,3,3,3,3,3,3,3,3,3,3,3,3,3,3,3,3,3,3,3,3,3,
3,3,3,3,3,3,3,3,3,3,3,3,3,3,3,3,3,3,3,3,3,3,3,3,3,3,3,3,3,3,3,3,3,3,3,3,
4),(-0.612521860212232,-0.5933805520806,-0.579072647855104,-0.566226736810018,
-0.55401044169883,-0.542175885032014,-0.530717697025525,-0.51943400620438,
-0.508105195736798,-0.497046279098612,-0.486452437710993,-0.476401592954712,
-0.466562171377004,-0.456450595339134,-0.445969742930629,-0.435536531433751,
-0.425472889412936,-0.415863241488873,-0.406711385277051,-0.397694891203334,
-0.388464404578966,-0.378954941491422,-0.369191300430652,-0.35923563771719,
-0.349201631078843,-0.339229619161533,-0.329501091735792,-0.319853438538248,
-0.309858018583928,-0.299593746718254,-0.288988951074862,-0.277948473595288,
-0.266375142951444,-0.254096009112772,-0.240809962016942,-0.228073592140975,
-0.217752289787038,-0.208396326096246,-0.19966548563415,-0.191356154836915,
-0.183336876659712,-0.175646975055314,-0.168133522899897,-0.160447149619406,
-0.152314163894778,-0.143133970744576,-0.130669931504979,-0.120516780093669,
-0.111972743931162,-0.104087188826207,-0.0964638105782704,-0.0885709083489727,
-0.0802315501509747,-0.0713780531103333,-0.0615913627380894,-0.0517727999798807,
-0.0422548642285709,-0.0325651770849662,-0.0216125860834534,-0.00906405995724614,
0.),.UNSPECIFIED.);
#118=B_SPLINE_CURVE_WITH_KNOTS('',3,(#10364,#10365,#10366,#10367,#10368,
#10369,#10370,#10371,#10372,#10373,#10374,#10375,#10376,#10377,#10378,#10379,
#10380,#10381,#10382,#10383,#10384,#10385,#10386,#10387,#10388,#10389,#10390,
#10391,#10392,#10393,#10394,#10395,#10396,#10397,#10398,#10399,#10400,#10401,
#10402,#10403,#10404,#10405,#10406,#10407,#10408,#10409,#10410,#10411,#10412,
#10413,#10414,#10415,#10416,#10417,#10418,#10419,#10420,#10421,#10422,#10423,
#10424,#10425,#10426,#10427,#10428,#10429,#10430,#10431,#10432,#10433,#10434,
#10435,#10436,#10437,#10438,#10439,#10440,#10441,#10442,#10443,#10444,#10445,
#10446,#10447,#10448,#10449,#10450,#10451,#10452,#10453,#10454,#10455,#10456,
#10457,#10458,#10459,#10460,#10461,#10462,#10463,#10464,#10465,#10466,#10467,
#10468,#10469,#10470,#10471,#10472,#10473,#10474,#10475,#10476,#10477,#10478,
#10479,#10480,#10481,#10482,#10483,#10484,#10485,#10486,#10487,#10488,#10489,
#10490,#10491,#10492,#10493,#10494,#10495,#10496,#10497,#10498,#10499,#10500,
#10501,#10502,#10503,#10504,#10505,#10506,#10507,#10508,#10509,#10510,#10511,
#10512,#10513,#10514,#10515,#10516,#10517,#10518,#10519,#10520,#10521,#10522,
#10523,#10524,#10525,#10526,#10527,#10528,#10529,#10530,#10531,#10532,#10533,
#10534,#10535,#10536,#10537,#10538,#10539,#10540,#10541,#10542,#10543,#10544,
#10545,#10546,#10547,#10548,#10549,#10550,#10551,#10552,#10553,#10554,#10555,
#10556,#10557,#10558,#10559,#10560,#10561,#10562,#10563,#10564,#10565,#10566,
#10567,#10568,#10569,#10570,#10571,#10572,#10573,#10574,#10575,#10576,#10577,
#10578,#10579,#10580,#10581,#10582,#10583,#10584,#10585,#10586,#10587,#10588,
#10589,#10590,#10591,#10592,#10593,#10594,#10595,#10596,#10597,#10598,#10599,
#10600,#10601,#10602,#10603,#10604,#10605,#10606,#10607,#10608,#10609,#10610,
#10611,#10612,#10613),.UNSPECIFIED.,.F.,.F.,(4,3,3,3,3,3,3,3,3,3,3,3,3,
3,3,3,3,3,3,3,3,3,3,3,3,3,3,3,3,3,3,3,3,3,3,3,3,3,3,3,3,3,3,3,3,3,3,3,3,
3,3,3,3,3,3,3,3,3,3,3,3,3,3,3,3,3,3,3,3,3,3,3,3,3,3,3,3,3,3,3,3,3,3,4),
(-2.35009084779968,-2.31157334183583,-2.27545500836964,-2.24503017061738,
-2.21703614373875,-2.18986522208115,-2.16151938516703,-2.12540822053628,
-2.09607754286266,-2.07140924353109,-2.04902515664077,-2.02728361890095,
-2.0056659990403,-1.98235837545848,-1.95475031914489,-1.92280942617244,
-1.89592205263333,-1.87311826352949,-1.85121704562758,-1.82964472844815,
-1.80710184118416,-1.78305105960541,-1.75746549362512,-1.72919875636527,
-1.69102627934724,-1.65814345799091,-1.6309462053024,-1.6044134826149,-1.57716064397918,
-1.54899630646477,-1.52000373123739,-1.49051194213368,-1.46103887075843,
-1.43207766940251,-1.40390812681193,-1.37683957206383,-1.35041190910225,
-1.3239948436217,-1.29612003852225,-1.26537748882946,-1.23001076328707,
-1.19157292693435,-1.15817092857904,-1.12893015737819,-1.10198034589542,
-1.07635388524717,-1.05187979977518,-1.02850877467711,-1.00527760969929,
-0.981512245040269,-0.956394384498841,-0.928758836796154,-0.896668168347091,
-0.860536899106886,-0.831650305052031,-0.805661233019155,-0.780484319487307,
-0.756094184503328,-0.732466241237599,-0.707783207167716,-0.679781124207945,
-0.645007465105503,-0.612684681538718,-0.586316926116448,-0.56277143614171,
-0.540258107137776,-0.517894712174654,-0.494685844583846,-0.468788705894771,
-0.436960613763853,-0.404990137423743,-0.379248448083753,-0.355545420078518,
-0.332643760906626,-0.308839338460199,-0.283627180642935,-0.256244350985326,
-0.224578319491549,-0.181809011498594,-0.149965232110554,-0.117173560538985,
-0.0808112262178156,-0.0407327651963214,0.),.UNSPECIFIED.);
#119=PLANE('',#6082);
#120=PLANE('',#6085);
#121=PLANE('',#6089);
#122=PLANE('',#6094);
#123=PLANE('',#6098);
#124=PLANE('',#6101);
#125=PLANE('',#6102);
#126=PLANE('',#6103);
#127=PLANE('',#6104);
#128=PLANE('',#6105);
#129=PLANE('',#6106);
#130=PLANE('',#6107);
#131=PLANE('',#6108);
#132=PLANE('',#6109);
#133=PLANE('',#6110);
#134=PLANE('',#6111);
#135=PLANE('',#6112);
#136=PLANE('',#6113);
#137=PLANE('',#6114);
#138=PLANE('',#6115);
#139=PLANE('',#6116);
#140=PLANE('',#6117);
#141=PLANE('',#6122);
#142=PLANE('',#6125);
#143=PLANE('',#6128);
#144=PLANE('',#6129);
#145=PLANE('',#6130);
#146=PLANE('',#6131);
#147=PLANE('',#6133);
#148=PLANE('',#6135);
#149=PLANE('',#6137);
#150=PLANE('',#6143);
#151=PLANE('',#6146);
#152=PLANE('',#6147);
#153=PLANE('',#6148);
#154=PLANE('',#6161);
#155=PLANE('',#6163);
#156=PLANE('',#6164);
#157=PLANE('',#6169);
#158=PLANE('',#6175);
#159=PLANE('',#6179);
#160=PLANE('',#6183);
#161=PLANE('',#6184);
#162=PLANE('',#6186);
#163=PLANE('',#6187);
#164=PLANE('',#6188);
#165=PLANE('',#6189);
#166=PLANE('',#6190);
#167=PLANE('',#6191);
#168=PLANE('',#6192);
#169=PLANE('',#6195);
#170=PLANE('',#6199);
#171=PLANE('',#6202);
#172=PLANE('',#6205);
#173=PLANE('',#6208);
#174=PLANE('',#6211);
#175=PLANE('',#6214);
#176=PLANE('',#6217);
#177=PLANE('',#6220);
#178=PLANE('',#6223);
#179=PLANE('',#6226);
#180=PLANE('',#6229);
#181=PLANE('',#6232);
#182=PLANE('',#6238);
#183=PLANE('',#6239);
#184=PLANE('',#6253);
#185=PLANE('',#6255);
#186=PLANE('',#6256);
#187=PLANE('',#6261);
#188=PLANE('',#6267);
#189=PLANE('',#6271);
#190=PLANE('',#6275);
#191=PLANE('',#6276);
#192=PLANE('',#6278);
#193=PLANE('',#6279);
#194=PLANE('',#6280);
#195=PLANE('',#6281);
#196=PLANE('',#6282);
#197=PLANE('',#6283);
#198=PLANE('',#6284);
#199=PLANE('',#6287);
#200=PLANE('',#6291);
#201=PLANE('',#6294);
#202=PLANE('',#6297);
#203=PLANE('',#6300);
#204=PLANE('',#6303);
#205=PLANE('',#6306);
#206=PLANE('',#6309);
#207=PLANE('',#6312);
#208=PLANE('',#6315);
#209=PLANE('',#6318);
#210=PLANE('',#6321);
#211=PLANE('',#6324);
#212=PLANE('',#6330);
#213=PLANE('',#6331);
#214=PLANE('',#6333);
#215=PLANE('',#6334);
#216=PLANE('',#6335);
#217=PLANE('',#6336);
#218=PLANE('',#6337);
#219=PLANE('',#6338);
#220=PLANE('',#6339);
#221=PLANE('',#6340);
#222=PLANE('',#6341);
#223=PLANE('',#6342);
#224=PLANE('',#6343);
#225=PLANE('',#6344);
#226=PLANE('',#6345);
#227=PLANE('',#6346);
#228=PLANE('',#6347);
#229=PLANE('',#6352);
#230=PLANE('',#6355);
#231=PLANE('',#6358);
#232=PLANE('',#6359);
#233=PLANE('',#6360);
#234=PLANE('',#6361);
#235=PLANE('',#6363);
#236=PLANE('',#6365);
#237=PLANE('',#6367);
#238=PLANE('',#6373);
#239=PLANE('',#6376);
#240=PLANE('',#6377);
#241=PLANE('',#6378);
#242=PLANE('',#6379);
#243=PLANE('',#6380);
#244=PLANE('',#6381);
#245=PLANE('',#6382);
#246=PLANE('',#6383);
#247=PLANE('',#6384);
#248=PLANE('',#6385);
#249=PLANE('',#6386);
#250=PLANE('',#6387);
#251=PLANE('',#6388);
#252=PLANE('',#6389);
#253=PLANE('',#6390);
#254=PLANE('',#6391);
#255=PLANE('',#6392);
#256=PLANE('',#6393);
#257=PLANE('',#6394);
#258=PLANE('',#6395);
#259=PLANE('',#6396);
#260=PLANE('',#6397);
#261=PLANE('',#6398);
#262=PLANE('',#6399);
#263=PLANE('',#6400);
#264=PLANE('',#6401);
#265=PLANE('',#6402);
#266=PLANE('',#6403);
#267=PLANE('',#6404);
#268=PLANE('',#6405);
#269=PLANE('',#6406);
#270=PLANE('',#6407);
#271=PLANE('',#6408);
#272=PLANE('',#6409);
#273=PLANE('',#6410);
#274=PLANE('',#6411);
#275=PLANE('',#6412);
#276=PLANE('',#6413);
#277=PLANE('',#6414);
#278=PLANE('',#6415);
#279=PLANE('',#6416);
#280=PLANE('',#6417);
#281=PLANE('',#6418);
#282=PLANE('',#6419);
#283=PLANE('',#6420);
#284=PLANE('',#6421);
#285=PLANE('',#6422);
#286=PLANE('',#6423);
#287=PLANE('',#6424);
#288=PLANE('',#6425);
#289=PLANE('',#6426);
#290=PLANE('',#6427);
#291=PLANE('',#6428);
#292=PLANE('',#6429);
#293=PLANE('',#6430);
#294=PLANE('',#6431);
#295=PLANE('',#6432);
#296=PLANE('',#6433);
#297=PLANE('',#6434);
#298=PLANE('',#6435);
#299=PLANE('',#6436);
#300=PLANE('',#6437);
#301=PLANE('',#6438);
#302=PLANE('',#6439);
#303=PLANE('',#6440);
#304=PLANE('',#6441);
#305=PLANE('',#6442);
#306=PLANE('',#6443);
#307=PLANE('',#6444);
#308=PLANE('',#6445);
#309=PLANE('',#6446);
#310=PLANE('',#6447);
#311=PLANE('',#6448);
#312=PLANE('',#6449);
#313=PLANE('',#6450);
#314=PLANE('',#6451);
#315=PLANE('',#6452);
#316=PLANE('',#6453);
#317=PLANE('',#6454);
#318=PLANE('',#6455);
#319=PLANE('',#6456);
#320=PLANE('',#6457);
#321=PLANE('',#6458);
#322=PLANE('',#6459);
#323=PLANE('',#6460);
#324=PLANE('',#6461);
#325=PLANE('',#6462);
#326=PLANE('',#6463);
#327=PLANE('',#6464);
#328=PLANE('',#6465);
#329=PLANE('',#6466);
#330=PLANE('',#6467);
#331=PLANE('',#6468);
#332=PLANE('',#6469);
#333=PLANE('',#6470);
#334=PLANE('',#6471);
#335=PLANE('',#6472);
#336=PLANE('',#6473);
#337=PLANE('',#6474);
#338=PLANE('',#6475);
#339=PLANE('',#6476);
#340=PLANE('',#6477);
#341=PLANE('',#6478);
#342=PLANE('',#6479);
#343=PLANE('',#6480);
#344=PLANE('',#6481);
#345=PLANE('',#6482);
#346=PLANE('',#6483);
#347=PLANE('',#6484);
#348=PLANE('',#6485);
#349=PLANE('',#6486);
#350=PLANE('',#6487);
#351=PLANE('',#6488);
#352=PLANE('',#6489);
#353=PLANE('',#6490);
#354=PLANE('',#6491);
#355=PLANE('',#6492);
#356=PLANE('',#6493);
#357=PLANE('',#6494);
#358=PLANE('',#6495);
#359=PLANE('',#6496);
#360=PLANE('',#6497);
#361=PLANE('',#6498);
#362=PLANE('',#6499);
#363=PLANE('',#6500);
#364=PLANE('',#6501);
#365=PLANE('',#6502);
#366=PLANE('',#6503);
#367=PLANE('',#6504);
#368=PLANE('',#6505);
#369=PLANE('',#6506);
#370=PLANE('',#6507);
#371=PLANE('',#6508);
#372=PLANE('',#6509);
#373=PLANE('',#6510);
#374=PLANE('',#6511);
#375=PLANE('',#6512);
#376=PLANE('',#6513);
#377=PLANE('',#6514);
#378=PLANE('',#6515);
#379=PLANE('',#6516);
#380=PLANE('',#6517);
#381=PLANE('',#6518);
#382=PLANE('',#6519);
#383=PLANE('',#6520);
#384=PLANE('',#6521);
#385=PLANE('',#6522);
#386=PLANE('',#6523);
#387=PLANE('',#6524);
#388=PLANE('',#6525);
#389=PLANE('',#6526);
#390=PLANE('',#6527);
#391=PLANE('',#6528);
#392=PLANE('',#6529);
#393=PLANE('',#6530);
#394=PLANE('',#6531);
#395=PLANE('',#6532);
#396=PLANE('',#6533);
#397=PLANE('',#6534);
#398=PLANE('',#6535);
#399=PLANE('',#6536);
#400=PLANE('',#6537);
#401=PLANE('',#6538);
#402=PLANE('',#6539);
#403=PLANE('',#6540);
#404=PLANE('',#6541);
#405=PLANE('',#6542);
#406=PLANE('',#6543);
#407=PLANE('',#6544);
#408=FACE_OUTER_BOUND('',#757,.T.);
#409=FACE_OUTER_BOUND('',#758,.T.);
#410=FACE_OUTER_BOUND('',#759,.T.);
#411=FACE_OUTER_BOUND('',#760,.T.);
#412=FACE_OUTER_BOUND('',#762,.T.);
#413=FACE_OUTER_BOUND('',#763,.T.);
#414=FACE_OUTER_BOUND('',#765,.T.);
#415=FACE_OUTER_BOUND('',#766,.T.);
#416=FACE_OUTER_BOUND('',#767,.T.);
#417=FACE_OUTER_BOUND('',#768,.T.);
#418=FACE_OUTER_BOUND('',#770,.T.);
#419=FACE_OUTER_BOUND('',#772,.T.);
#420=FACE_OUTER_BOUND('',#774,.T.);
#421=FACE_OUTER_BOUND('',#775,.T.);
#422=FACE_OUTER_BOUND('',#776,.T.);
#423=FACE_OUTER_BOUND('',#777,.T.);
#424=FACE_OUTER_BOUND('',#778,.T.);
#425=FACE_OUTER_BOUND('',#779,.T.);
#426=FACE_OUTER_BOUND('',#780,.T.);
#427=FACE_OUTER_BOUND('',#781,.T.);
#428=FACE_OUTER_BOUND('',#782,.T.);
#429=FACE_OUTER_BOUND('',#783,.T.);
#430=FACE_OUTER_BOUND('',#784,.T.);
#431=FACE_OUTER_BOUND('',#785,.T.);
#432=FACE_OUTER_BOUND('',#786,.T.);
#433=FACE_OUTER_BOUND('',#787,.T.);
#434=FACE_OUTER_BOUND('',#788,.T.);
#435=FACE_OUTER_BOUND('',#789,.T.);
#436=FACE_OUTER_BOUND('',#791,.T.);
#437=FACE_OUTER_BOUND('',#792,.T.);
#438=FACE_OUTER_BOUND('',#793,.T.);
#439=FACE_OUTER_BOUND('',#794,.T.);
#440=FACE_OUTER_BOUND('',#797,.T.);
#441=FACE_OUTER_BOUND('',#798,.T.);
#442=FACE_OUTER_BOUND('',#799,.T.);
#443=FACE_OUTER_BOUND('',#800,.T.);
#444=FACE_OUTER_BOUND('',#802,.T.);
#445=FACE_OUTER_BOUND('',#803,.T.);
#446=FACE_OUTER_BOUND('',#804,.T.);
#447=FACE_OUTER_BOUND('',#805,.T.);
#448=FACE_OUTER_BOUND('',#806,.T.);
#449=FACE_OUTER_BOUND('',#807,.T.);
#450=FACE_OUTER_BOUND('',#808,.T.);
#451=FACE_OUTER_BOUND('',#810,.T.);
#452=FACE_OUTER_BOUND('',#811,.T.);
#453=FACE_OUTER_BOUND('',#812,.T.);
#454=FACE_OUTER_BOUND('',#814,.T.);
#455=FACE_OUTER_BOUND('',#815,.T.);
#456=FACE_OUTER_BOUND('',#816,.T.);
#457=FACE_OUTER_BOUND('',#817,.T.);
#458=FACE_OUTER_BOUND('',#818,.T.);
#459=FACE_OUTER_BOUND('',#819,.T.);
#460=FACE_OUTER_BOUND('',#820,.T.);
#461=FACE_OUTER_BOUND('',#821,.T.);
#462=FACE_OUTER_BOUND('',#822,.T.);
#463=FACE_OUTER_BOUND('',#823,.T.);
#464=FACE_OUTER_BOUND('',#825,.T.);
#465=FACE_OUTER_BOUND('',#826,.T.);
#466=FACE_OUTER_BOUND('',#828,.T.);
#467=FACE_OUTER_BOUND('',#829,.T.);
#468=FACE_OUTER_BOUND('',#830,.T.);
#469=FACE_OUTER_BOUND('',#831,.T.);
#470=FACE_OUTER_BOUND('',#832,.T.);
#471=FACE_OUTER_BOUND('',#834,.T.);
#472=FACE_OUTER_BOUND('',#835,.T.);
#473=FACE_OUTER_BOUND('',#837,.T.);
#474=FACE_OUTER_BOUND('',#839,.T.);
#475=FACE_OUTER_BOUND('',#840,.T.);
#476=FACE_OUTER_BOUND('',#841,.T.);
#477=FACE_OUTER_BOUND('',#842,.T.);
#478=FACE_OUTER_BOUND('',#843,.T.);
#479=FACE_OUTER_BOUND('',#844,.T.);
#480=FACE_OUTER_BOUND('',#845,.T.);
#481=FACE_OUTER_BOUND('',#847,.T.);
#482=FACE_OUTER_BOUND('',#848,.T.);
#483=FACE_OUTER_BOUND('',#849,.T.);
#484=FACE_OUTER_BOUND('',#850,.T.);
#485=FACE_OUTER_BOUND('',#851,.T.);
#486=FACE_OUTER_BOUND('',#852,.T.);
#487=FACE_OUTER_BOUND('',#853,.T.);
#488=FACE_OUTER_BOUND('',#854,.T.);
#489=FACE_OUTER_BOUND('',#855,.T.);
#490=FACE_OUTER_BOUND('',#856,.T.);
#491=FACE_OUTER_BOUND('',#857,.T.);
#492=FACE_OUTER_BOUND('',#858,.T.);
#493=FACE_OUTER_BOUND('',#859,.T.);
#494=FACE_OUTER_BOUND('',#860,.T.);
#495=FACE_OUTER_BOUND('',#861,.T.);
#496=FACE_OUTER_BOUND('',#862,.T.);
#497=FACE_OUTER_BOUND('',#863,.T.);
#498=FACE_OUTER_BOUND('',#864,.T.);
#499=FACE_OUTER_BOUND('',#865,.T.);
#500=FACE_OUTER_BOUND('',#866,.T.);
#501=FACE_OUTER_BOUND('',#868,.T.);
#502=FACE_OUTER_BOUND('',#869,.T.);
#503=FACE_OUTER_BOUND('',#870,.T.);
#504=FACE_OUTER_BOUND('',#872,.T.);
#505=FACE_OUTER_BOUND('',#874,.T.);
#506=FACE_OUTER_BOUND('',#875,.T.);
#507=FACE_OUTER_BOUND('',#876,.T.);
#508=FACE_OUTER_BOUND('',#877,.T.);
#509=FACE_OUTER_BOUND('',#878,.T.);
#510=FACE_OUTER_BOUND('',#879,.T.);
#511=FACE_OUTER_BOUND('',#880,.T.);
#512=FACE_OUTER_BOUND('',#881,.T.);
#513=FACE_OUTER_BOUND('',#883,.T.);
#514=FACE_OUTER_BOUND('',#884,.T.);
#515=FACE_OUTER_BOUND('',#886,.T.);
#516=FACE_OUTER_BOUND('',#887,.T.);
#517=FACE_OUTER_BOUND('',#888,.T.);
#518=FACE_OUTER_BOUND('',#889,.T.);
#519=FACE_OUTER_BOUND('',#890,.T.);
#520=FACE_OUTER_BOUND('',#892,.T.);
#521=FACE_OUTER_BOUND('',#893,.T.);
#522=FACE_OUTER_BOUND('',#895,.T.);
#523=FACE_OUTER_BOUND('',#897,.T.);
#524=FACE_OUTER_BOUND('',#898,.T.);
#525=FACE_OUTER_BOUND('',#899,.T.);
#526=FACE_OUTER_BOUND('',#900,.T.);
#527=FACE_OUTER_BOUND('',#901,.T.);
#528=FACE_OUTER_BOUND('',#902,.T.);
#529=FACE_OUTER_BOUND('',#903,.T.);
#530=FACE_OUTER_BOUND('',#905,.T.);
#531=FACE_OUTER_BOUND('',#906,.T.);
#532=FACE_OUTER_BOUND('',#907,.T.);
#533=FACE_OUTER_BOUND('',#908,.T.);
#534=FACE_OUTER_BOUND('',#909,.T.);
#535=FACE_OUTER_BOUND('',#910,.T.);
#536=FACE_OUTER_BOUND('',#911,.T.);
#537=FACE_OUTER_BOUND('',#912,.T.);
#538=FACE_OUTER_BOUND('',#913,.T.);
#539=FACE_OUTER_BOUND('',#914,.T.);
#540=FACE_OUTER_BOUND('',#915,.T.);
#541=FACE_OUTER_BOUND('',#916,.T.);
#542=FACE_OUTER_BOUND('',#917,.T.);
#543=FACE_OUTER_BOUND('',#918,.T.);
#544=FACE_OUTER_BOUND('',#919,.T.);
#545=FACE_OUTER_BOUND('',#920,.T.);
#546=FACE_OUTER_BOUND('',#921,.T.);
#547=FACE_OUTER_BOUND('',#922,.T.);
#548=FACE_OUTER_BOUND('',#923,.T.);
#549=FACE_OUTER_BOUND('',#924,.T.);
#550=FACE_OUTER_BOUND('',#926,.T.);
#551=FACE_OUTER_BOUND('',#927,.T.);
#552=FACE_OUTER_BOUND('',#928,.T.);
#553=FACE_OUTER_BOUND('',#930,.T.);
#554=FACE_OUTER_BOUND('',#932,.T.);
#555=FACE_OUTER_BOUND('',#933,.T.);
#556=FACE_OUTER_BOUND('',#934,.T.);
#557=FACE_OUTER_BOUND('',#935,.T.);
#558=FACE_OUTER_BOUND('',#936,.T.);
#559=FACE_OUTER_BOUND('',#937,.T.);
#560=FACE_OUTER_BOUND('',#938,.T.);
#561=FACE_OUTER_BOUND('',#939,.T.);
#562=FACE_OUTER_BOUND('',#940,.T.);
#563=FACE_OUTER_BOUND('',#941,.T.);
#564=FACE_OUTER_BOUND('',#942,.T.);
#565=FACE_OUTER_BOUND('',#943,.T.);
#566=FACE_OUTER_BOUND('',#944,.T.);
#567=FACE_OUTER_BOUND('',#945,.T.);
#568=FACE_OUTER_BOUND('',#946,.T.);
#569=FACE_OUTER_BOUND('',#947,.T.);
#570=FACE_OUTER_BOUND('',#949,.T.);
#571=FACE_OUTER_BOUND('',#950,.T.);
#572=FACE_OUTER_BOUND('',#951,.T.);
#573=FACE_OUTER_BOUND('',#952,.T.);
#574=FACE_OUTER_BOUND('',#955,.T.);
#575=FACE_OUTER_BOUND('',#956,.T.);
#576=FACE_OUTER_BOUND('',#957,.T.);
#577=FACE_OUTER_BOUND('',#958,.T.);
#578=FACE_OUTER_BOUND('',#960,.T.);
#579=FACE_OUTER_BOUND('',#961,.T.);
#580=FACE_OUTER_BOUND('',#962,.T.);
#581=FACE_OUTER_BOUND('',#963,.T.);
#582=FACE_OUTER_BOUND('',#964,.T.);
#583=FACE_OUTER_BOUND('',#965,.T.);
#584=FACE_OUTER_BOUND('',#966,.T.);
#585=FACE_OUTER_BOUND('',#968,.T.);
#586=FACE_OUTER_BOUND('',#969,.T.);
#587=FACE_OUTER_BOUND('',#970,.T.);
#588=FACE_OUTER_BOUND('',#972,.T.);
#589=FACE_OUTER_BOUND('',#973,.T.);
#590=FACE_OUTER_BOUND('',#974,.T.);
#591=FACE_OUTER_BOUND('',#975,.T.);
#592=FACE_OUTER_BOUND('',#976,.T.);
#593=FACE_OUTER_BOUND('',#977,.T.);
#594=FACE_OUTER_BOUND('',#978,.T.);
#595=FACE_OUTER_BOUND('',#979,.T.);
#596=FACE_OUTER_BOUND('',#980,.T.);
#597=FACE_OUTER_BOUND('',#981,.T.);
#598=FACE_OUTER_BOUND('',#982,.T.);
#599=FACE_OUTER_BOUND('',#983,.T.);
#600=FACE_OUTER_BOUND('',#984,.T.);
#601=FACE_OUTER_BOUND('',#985,.T.);
#602=FACE_OUTER_BOUND('',#986,.T.);
#603=FACE_OUTER_BOUND('',#987,.T.);
#604=FACE_OUTER_BOUND('',#988,.T.);
#605=FACE_OUTER_BOUND('',#989,.T.);
#606=FACE_OUTER_BOUND('',#990,.T.);
#607=FACE_OUTER_BOUND('',#991,.T.);
#608=FACE_OUTER_BOUND('',#992,.T.);
#609=FACE_OUTER_BOUND('',#993,.T.);
#610=FACE_OUTER_BOUND('',#994,.T.);
#611=FACE_OUTER_BOUND('',#995,.T.);
#612=FACE_OUTER_BOUND('',#996,.T.);
#613=FACE_OUTER_BOUND('',#997,.T.);
#614=FACE_OUTER_BOUND('',#998,.T.);
#615=FACE_OUTER_BOUND('',#999,.T.);
#616=FACE_OUTER_BOUND('',#1000,.T.);
#617=FACE_OUTER_BOUND('',#1001,.T.);
#618=FACE_OUTER_BOUND('',#1002,.T.);
#619=FACE_OUTER_BOUND('',#1003,.T.);
#620=FACE_OUTER_BOUND('',#1004,.T.);
#621=FACE_OUTER_BOUND('',#1005,.T.);
#622=FACE_OUTER_BOUND('',#1006,.T.);
#623=FACE_OUTER_BOUND('',#1007,.T.);
#624=FACE_OUTER_BOUND('',#1008,.T.);
#625=FACE_OUTER_BOUND('',#1009,.T.);
#626=FACE_OUTER_BOUND('',#1010,.T.);
#627=FACE_OUTER_BOUND('',#1011,.T.);
#628=FACE_OUTER_BOUND('',#1012,.T.);
#629=FACE_OUTER_BOUND('',#1013,.T.);
#630=FACE_OUTER_BOUND('',#1014,.T.);
#631=FACE_OUTER_BOUND('',#1015,.T.);
#632=FACE_OUTER_BOUND('',#1016,.T.);
#633=FACE_OUTER_BOUND('',#1017,.T.);
#634=FACE_OUTER_BOUND('',#1018,.T.);
#635=FACE_OUTER_BOUND('',#1019,.T.);
#636=FACE_OUTER_BOUND('',#1020,.T.);
#637=FACE_OUTER_BOUND('',#1021,.T.);
#638=FACE_OUTER_BOUND('',#1025,.T.);
#639=FACE_OUTER_BOUND('',#1026,.T.);
#640=FACE_OUTER_BOUND('',#1027,.T.);
#641=FACE_OUTER_BOUND('',#1028,.T.);
#642=FACE_OUTER_BOUND('',#1029,.T.);
#643=FACE_OUTER_BOUND('',#1030,.T.);
#644=FACE_OUTER_BOUND('',#1031,.T.);
#645=FACE_OUTER_BOUND('',#1035,.T.);
#646=FACE_OUTER_BOUND('',#1036,.T.);
#647=FACE_OUTER_BOUND('',#1037,.T.);
#648=FACE_OUTER_BOUND('',#1038,.T.);
#649=FACE_OUTER_BOUND('',#1039,.T.);
#650=FACE_OUTER_BOUND('',#1040,.T.);
#651=FACE_OUTER_BOUND('',#1041,.T.);
#652=FACE_OUTER_BOUND('',#1042,.T.);
#653=FACE_OUTER_BOUND('',#1043,.T.);
#654=FACE_OUTER_BOUND('',#1044,.T.);
#655=FACE_OUTER_BOUND('',#1050,.T.);
#656=FACE_OUTER_BOUND('',#1051,.T.);
#657=FACE_OUTER_BOUND('',#1052,.T.);
#658=FACE_OUTER_BOUND('',#1053,.T.);
#659=FACE_OUTER_BOUND('',#1054,.T.);
#660=FACE_OUTER_BOUND('',#1055,.T.);
#661=FACE_OUTER_BOUND('',#1056,.T.);
#662=FACE_OUTER_BOUND('',#1057,.T.);
#663=FACE_OUTER_BOUND('',#1058,.T.);
#664=FACE_OUTER_BOUND('',#1059,.T.);
#665=FACE_OUTER_BOUND('',#1060,.T.);
#666=FACE_OUTER_BOUND('',#1061,.T.);
#667=FACE_OUTER_BOUND('',#1062,.T.);
#668=FACE_OUTER_BOUND('',#1063,.T.);
#669=FACE_OUTER_BOUND('',#1064,.T.);
#670=FACE_OUTER_BOUND('',#1065,.T.);
#671=FACE_OUTER_BOUND('',#1066,.T.);
#672=FACE_OUTER_BOUND('',#1067,.T.);
#673=FACE_OUTER_BOUND('',#1068,.T.);
#674=FACE_OUTER_BOUND('',#1069,.T.);
#675=FACE_OUTER_BOUND('',#1070,.T.);
#676=FACE_OUTER_BOUND('',#1071,.T.);
#677=FACE_OUTER_BOUND('',#1072,.T.);
#678=FACE_OUTER_BOUND('',#1073,.T.);
#679=FACE_OUTER_BOUND('',#1074,.T.);
#680=FACE_OUTER_BOUND('',#1075,.T.);
#681=FACE_OUTER_BOUND('',#1076,.T.);
#682=FACE_OUTER_BOUND('',#1077,.T.);
#683=FACE_OUTER_BOUND('',#1078,.T.);
#684=FACE_OUTER_BOUND('',#1079,.T.);
#685=FACE_OUTER_BOUND('',#1080,.T.);
#686=FACE_OUTER_BOUND('',#1081,.T.);
#687=FACE_OUTER_BOUND('',#1082,.T.);
#688=FACE_OUTER_BOUND('',#1083,.T.);
#689=FACE_OUTER_BOUND('',#1084,.T.);
#690=FACE_OUTER_BOUND('',#1085,.T.);
#691=FACE_OUTER_BOUND('',#1086,.T.);
#692=FACE_OUTER_BOUND('',#1087,.T.);
#693=FACE_OUTER_BOUND('',#1088,.T.);
#694=FACE_OUTER_BOUND('',#1089,.T.);
#695=FACE_OUTER_BOUND('',#1090,.T.);
#696=FACE_OUTER_BOUND('',#1091,.T.);
#697=FACE_OUTER_BOUND('',#1092,.T.);
#698=FACE_OUTER_BOUND('',#1093,.T.);
#699=FACE_OUTER_BOUND('',#1094,.T.);
#700=FACE_OUTER_BOUND('',#1095,.T.);
#701=FACE_OUTER_BOUND('',#1096,.T.);
#702=FACE_OUTER_BOUND('',#1097,.T.);
#703=FACE_OUTER_BOUND('',#1101,.T.);
#704=FACE_OUTER_BOUND('',#1102,.T.);
#705=FACE_OUTER_BOUND('',#1103,.T.);
#706=FACE_OUTER_BOUND('',#1104,.T.);
#707=FACE_OUTER_BOUND('',#1105,.T.);
#708=FACE_OUTER_BOUND('',#1106,.T.);
#709=FACE_OUTER_BOUND('',#1107,.T.);
#710=FACE_OUTER_BOUND('',#1111,.T.);
#711=FACE_OUTER_BOUND('',#1112,.T.);
#712=FACE_OUTER_BOUND('',#1113,.T.);
#713=FACE_OUTER_BOUND('',#1114,.T.);
#714=FACE_OUTER_BOUND('',#1115,.T.);
#715=FACE_OUTER_BOUND('',#1116,.T.);
#716=FACE_OUTER_BOUND('',#1117,.T.);
#717=FACE_OUTER_BOUND('',#1118,.T.);
#718=FACE_OUTER_BOUND('',#1119,.T.);
#719=FACE_OUTER_BOUND('',#1120,.T.);
#720=FACE_OUTER_BOUND('',#1126,.T.);
#721=FACE_OUTER_BOUND('',#1127,.T.);
#722=FACE_OUTER_BOUND('',#1129,.T.);
#723=FACE_OUTER_BOUND('',#1130,.T.);
#724=FACE_OUTER_BOUND('',#1131,.T.);
#725=FACE_OUTER_BOUND('',#1134,.T.);
#726=FACE_OUTER_BOUND('',#1135,.T.);
#727=FACE_OUTER_BOUND('',#1136,.T.);
#728=FACE_OUTER_BOUND('',#1137,.T.);
#729=FACE_OUTER_BOUND('',#1138,.T.);
#730=FACE_OUTER_BOUND('',#1139,.T.);
#731=FACE_OUTER_BOUND('',#1140,.T.);
#732=FACE_OUTER_BOUND('',#1141,.T.);
#733=FACE_OUTER_BOUND('',#1142,.T.);
#734=FACE_OUTER_BOUND('',#1143,.T.);
#735=FACE_OUTER_BOUND('',#1144,.T.);
#736=FACE_OUTER_BOUND('',#1145,.T.);
#737=FACE_OUTER_BOUND('',#1146,.T.);
#738=FACE_OUTER_BOUND('',#1147,.T.);
#739=FACE_OUTER_BOUND('',#1148,.T.);
#740=FACE_OUTER_BOUND('',#1149,.T.);
#741=FACE_OUTER_BOUND('',#1150,.T.);
#742=FACE_OUTER_BOUND('',#1151,.T.);
#743=FACE_OUTER_BOUND('',#1152,.T.);
#744=FACE_OUTER_BOUND('',#1153,.T.);
#745=FACE_OUTER_BOUND('',#1154,.T.);
#746=FACE_OUTER_BOUND('',#1155,.T.);
#747=FACE_OUTER_BOUND('',#1156,.T.);
#748=FACE_OUTER_BOUND('',#1157,.T.);
#749=FACE_OUTER_BOUND('',#1158,.T.);
#750=FACE_OUTER_BOUND('',#1159,.T.);
#751=FACE_OUTER_BOUND('',#1161,.T.);
#752=FACE_OUTER_BOUND('',#1162,.T.);
#753=FACE_OUTER_BOUND('',#1163,.T.);
#754=FACE_OUTER_BOUND('',#1164,.T.);
#755=FACE_OUTER_BOUND('',#1165,.T.);
#756=FACE_OUTER_BOUND('',#1166,.T.);
#757=EDGE_LOOP('',(#3910,#3911,#3912,#3913));
#758=EDGE_LOOP('',(#3914));
#759=EDGE_LOOP('',(#3915,#3916,#3917,#3918,#3919));
#760=EDGE_LOOP('',(#3920));
#761=EDGE_LOOP('',(#3921));
#762=EDGE_LOOP('',(#3922,#3923,#3924,#3925));
#763=EDGE_LOOP('',(#3926));
#764=EDGE_LOOP('',(#3927));
#765=EDGE_LOOP('',(#3928,#3929,#3930,#3931));
#766=EDGE_LOOP('',(#3932));
#767=EDGE_LOOP('',(#3933,#3934,#3935,#3936));
#768=EDGE_LOOP('',(#3937));
#769=EDGE_LOOP('',(#3938));
#770=EDGE_LOOP('',(#3939,#3940,#3941,#3942));
#771=EDGE_LOOP('',(#3943,#3944));
#772=EDGE_LOOP('',(#3945));
#773=EDGE_LOOP('',(#3946));
#774=EDGE_LOOP('',(#3947));
#775=EDGE_LOOP('',(#3948,#3949,#3950,#3951,#3952,#3953));
#776=EDGE_LOOP('',(#3954,#3955,#3956,#3957));
#777=EDGE_LOOP('',(#3958,#3959,#3960,#3961));
#778=EDGE_LOOP('',(#3962,#3963,#3964,#3965));
#779=EDGE_LOOP('',(#3966,#3967,#3968,#3969));
#780=EDGE_LOOP('',(#3970,#3971,#3972,#3973));
#781=EDGE_LOOP('',(#3974,#3975,#3976,#3977));
#782=EDGE_LOOP('',(#3978,#3979,#3980,#3981,#3982,#3983));
#783=EDGE_LOOP('',(#3984,#3985,#3986,#3987));
#784=EDGE_LOOP('',(#3988,#3989,#3990,#3991));
#785=EDGE_LOOP('',(#3992,#3993,#3994,#3995));
#786=EDGE_LOOP('',(#3996,#3997,#3998,#3999));
#787=EDGE_LOOP('',(#4000,#4001,#4002,#4003));
#788=EDGE_LOOP('',(#4004,#4005,#4006,#4007));
#789=EDGE_LOOP('',(#4008));
#790=EDGE_LOOP('',(#4009));
#791=EDGE_LOOP('',(#4010,#4011,#4012,#4013));
#792=EDGE_LOOP('',(#4014));
#793=EDGE_LOOP('',(#4015,#4016,#4017,#4018));
#794=EDGE_LOOP('',(#4019,#4020,#4021,#4022,#4023,#4024,#4025,#4026));
#795=EDGE_LOOP('',(#4027));
#796=EDGE_LOOP('',(#4028));
#797=EDGE_LOOP('',(#4029,#4030,#4031,#4032,#4033,#4034));
#798=EDGE_LOOP('',(#4035,#4036,#4037,#4038));
#799=EDGE_LOOP('',(#4039,#4040,#4041,#4042,#4043,#4044));
#800=EDGE_LOOP('',(#4045,#4046,#4047,#4048));
#801=EDGE_LOOP('',(#4049,#4050,#4051,#4052,#4053,#4054));
#802=EDGE_LOOP('',(#4055));
#803=EDGE_LOOP('',(#4056));
#804=EDGE_LOOP('',(#4057,#4058,#4059,#4060));
#805=EDGE_LOOP('',(#4061,#4062,#4063,#4064));
#806=EDGE_LOOP('',(#4065,#4066,#4067,#4068));
#807=EDGE_LOOP('',(#4069,#4070,#4071,#4072));
#808=EDGE_LOOP('',(#4073,#4074,#4075,#4076,#4077,#4078,#4079,#4080));
#809=EDGE_LOOP('',(#4081));
#810=EDGE_LOOP('',(#4082,#4083,#4084,#4085));
#811=EDGE_LOOP('',(#4086,#4087,#4088,#4089));
#812=EDGE_LOOP('',(#4090,#4091,#4092,#4093));
#813=EDGE_LOOP('',(#4094,#4095,#4096,#4097,#4098,#4099));
#814=EDGE_LOOP('',(#4100,#4101,#4102,#4103,#4104,#4105));
#815=EDGE_LOOP('',(#4106,#4107,#4108,#4109));
#816=EDGE_LOOP('',(#4110,#4111,#4112,#4113,#4114,#4115));
#817=EDGE_LOOP('',(#4116,#4117,#4118,#4119));
#818=EDGE_LOOP('',(#4120,#4121,#4122));
#819=EDGE_LOOP('',(#4123,#4124,#4125));
#820=EDGE_LOOP('',(#4126,#4127,#4128,#4129,#4130,#4131,#4132,#4133));
#821=EDGE_LOOP('',(#4134));
#822=EDGE_LOOP('',(#4135,#4136,#4137));
#823=EDGE_LOOP('',(#4138));
#824=EDGE_LOOP('',(#4139));
#825=EDGE_LOOP('',(#4140,#4141,#4142,#4143));
#826=EDGE_LOOP('',(#4144));
#827=EDGE_LOOP('',(#4145));
#828=EDGE_LOOP('',(#4146,#4147,#4148,#4149));
#829=EDGE_LOOP('',(#4150,#4151,#4152,#4153));
#830=EDGE_LOOP('',(#4154));
#831=EDGE_LOOP('',(#4155,#4156,#4157,#4158));
#832=EDGE_LOOP('',(#4159));
#833=EDGE_LOOP('',(#4160));
#834=EDGE_LOOP('',(#4161,#4162,#4163,#4164));
#835=EDGE_LOOP('',(#4165));
#836=EDGE_LOOP('',(#4166));
#837=EDGE_LOOP('',(#4167,#4168,#4169,#4170,#4171,#4172));
#838=EDGE_LOOP('',(#4173));
#839=EDGE_LOOP('',(#4174,#4175,#4176,#4177));
#840=EDGE_LOOP('',(#4178,#4179,#4180,#4181));
#841=EDGE_LOOP('',(#4182,#4183,#4184,#4185));
#842=EDGE_LOOP('',(#4186,#4187,#4188,#4189));
#843=EDGE_LOOP('',(#4190,#4191,#4192,#4193));
#844=EDGE_LOOP('',(#4194,#4195,#4196,#4197));
#845=EDGE_LOOP('',(#4198,#4199,#4200,#4201,#4202,#4203));
#846=EDGE_LOOP('',(#4204));
#847=EDGE_LOOP('',(#4205,#4206,#4207,#4208));
#848=EDGE_LOOP('',(#4209,#4210,#4211,#4212,#4213));
#849=EDGE_LOOP('',(#4214,#4215,#4216,#4217));
#850=EDGE_LOOP('',(#4218,#4219,#4220,#4221));
#851=EDGE_LOOP('',(#4222,#4223,#4224,#4225));
#852=EDGE_LOOP('',(#4226,#4227,#4228,#4229));
#853=EDGE_LOOP('',(#4230,#4231,#4232,#4233));
#854=EDGE_LOOP('',(#4234,#4235,#4236,#4237,#4238));
#855=EDGE_LOOP('',(#4239,#4240,#4241,#4242));
#856=EDGE_LOOP('',(#4243,#4244,#4245,#4246,#4247));
#857=EDGE_LOOP('',(#4248,#4249,#4250,#4251));
#858=EDGE_LOOP('',(#4252,#4253,#4254,#4255,#4256));
#859=EDGE_LOOP('',(#4257,#4258,#4259,#4260));
#860=EDGE_LOOP('',(#4261,#4262,#4263,#4264,#4265));
#861=EDGE_LOOP('',(#4266,#4267,#4268,#4269));
#862=EDGE_LOOP('',(#4270,#4271,#4272,#4273,#4274));
#863=EDGE_LOOP('',(#4275,#4276,#4277,#4278));
#864=EDGE_LOOP('',(#4279,#4280,#4281,#4282,#4283));
#865=EDGE_LOOP('',(#4284,#4285,#4286,#4287));
#866=EDGE_LOOP('',(#4288,#4289,#4290,#4291,#4292,#4293,#4294,#4295,#4296,
#4297,#4298,#4299));
#867=EDGE_LOOP('',(#4300));
#868=EDGE_LOOP('',(#4301,#4302,#4303,#4304,#4305,#4306,#4307,#4308,#4309,
#4310));
#869=EDGE_LOOP('',(#4311,#4312,#4313,#4314));
#870=EDGE_LOOP('',(#4315));
#871=EDGE_LOOP('',(#4316));
#872=EDGE_LOOP('',(#4317));
#873=EDGE_LOOP('',(#4318));
#874=EDGE_LOOP('',(#4319,#4320,#4321,#4322,#4323,#4324,#4325,#4326,#4327));
#875=EDGE_LOOP('',(#4328,#4329,#4330,#4331));
#876=EDGE_LOOP('',(#4332,#4333,#4334));
#877=EDGE_LOOP('',(#4335,#4336,#4337));
#878=EDGE_LOOP('',(#4338,#4339,#4340,#4341,#4342,#4343,#4344,#4345));
#879=EDGE_LOOP('',(#4346));
#880=EDGE_LOOP('',(#4347,#4348,#4349));
#881=EDGE_LOOP('',(#4350));
#882=EDGE_LOOP('',(#4351));
#883=EDGE_LOOP('',(#4352,#4353,#4354,#4355));
#884=EDGE_LOOP('',(#4356));
#885=EDGE_LOOP('',(#4357));
#886=EDGE_LOOP('',(#4358,#4359,#4360,#4361));
#887=EDGE_LOOP('',(#4362,#4363,#4364,#4365));
#888=EDGE_LOOP('',(#4366));
#889=EDGE_LOOP('',(#4367,#4368,#4369,#4370));
#890=EDGE_LOOP('',(#4371));
#891=EDGE_LOOP('',(#4372));
#892=EDGE_LOOP('',(#4373,#4374,#4375,#4376));
#893=EDGE_LOOP('',(#4377));
#894=EDGE_LOOP('',(#4378));
#895=EDGE_LOOP('',(#4379,#4380,#4381,#4382,#4383,#4384));
#896=EDGE_LOOP('',(#4385));
#897=EDGE_LOOP('',(#4386,#4387,#4388,#4389));
#898=EDGE_LOOP('',(#4390,#4391,#4392,#4393));
#899=EDGE_LOOP('',(#4394,#4395,#4396,#4397));
#900=EDGE_LOOP('',(#4398,#4399,#4400,#4401));
#901=EDGE_LOOP('',(#4402,#4403,#4404,#4405));
#902=EDGE_LOOP('',(#4406,#4407,#4408,#4409));
#903=EDGE_LOOP('',(#4410,#4411,#4412,#4413,#4414,#4415));
#904=EDGE_LOOP('',(#4416));
#905=EDGE_LOOP('',(#4417,#4418,#4419,#4420));
#906=EDGE_LOOP('',(#4421,#4422,#4423,#4424,#4425));
#907=EDGE_LOOP('',(#4426,#4427,#4428,#4429));
#908=EDGE_LOOP('',(#4430,#4431,#4432,#4433));
#909=EDGE_LOOP('',(#4434,#4435,#4436,#4437));
#910=EDGE_LOOP('',(#4438,#4439,#4440,#4441));
#911=EDGE_LOOP('',(#4442,#4443,#4444,#4445));
#912=EDGE_LOOP('',(#4446,#4447,#4448,#4449,#4450));
#913=EDGE_LOOP('',(#4451,#4452,#4453,#4454));
#914=EDGE_LOOP('',(#4455,#4456,#4457,#4458,#4459));
#915=EDGE_LOOP('',(#4460,#4461,#4462,#4463));
#916=EDGE_LOOP('',(#4464,#4465,#4466,#4467,#4468));
#917=EDGE_LOOP('',(#4469,#4470,#4471,#4472));
#918=EDGE_LOOP('',(#4473,#4474,#4475,#4476,#4477));
#919=EDGE_LOOP('',(#4478,#4479,#4480,#4481));
#920=EDGE_LOOP('',(#4482,#4483,#4484,#4485,#4486));
#921=EDGE_LOOP('',(#4487,#4488,#4489,#4490));
#922=EDGE_LOOP('',(#4491,#4492,#4493,#4494,#4495));
#923=EDGE_LOOP('',(#4496,#4497,#4498,#4499));
#924=EDGE_LOOP('',(#4500,#4501,#4502,#4503,#4504,#4505,#4506,#4507,#4508,
#4509,#4510,#4511));
#925=EDGE_LOOP('',(#4512));
#926=EDGE_LOOP('',(#4513,#4514,#4515,#4516,#4517,#4518,#4519,#4520,#4521,
#4522));
#927=EDGE_LOOP('',(#4523,#4524,#4525,#4526));
#928=EDGE_LOOP('',(#4527));
#929=EDGE_LOOP('',(#4528));
#930=EDGE_LOOP('',(#4529));
#931=EDGE_LOOP('',(#4530));
#932=EDGE_LOOP('',(#4531,#4532,#4533,#4534,#4535,#4536,#4537,#4538,#4539));
#933=EDGE_LOOP('',(#4540,#4541,#4542,#4543,#4544,#4545));
#934=EDGE_LOOP('',(#4546,#4547,#4548,#4549));
#935=EDGE_LOOP('',(#4550,#4551,#4552,#4553));
#936=EDGE_LOOP('',(#4554,#4555,#4556,#4557));
#937=EDGE_LOOP('',(#4558,#4559,#4560,#4561));
#938=EDGE_LOOP('',(#4562,#4563,#4564,#4565));
#939=EDGE_LOOP('',(#4566,#4567,#4568,#4569));
#940=EDGE_LOOP('',(#4570,#4571,#4572,#4573,#4574,#4575));
#941=EDGE_LOOP('',(#4576,#4577,#4578,#4579));
#942=EDGE_LOOP('',(#4580,#4581,#4582,#4583));
#943=EDGE_LOOP('',(#4584,#4585,#4586,#4587));
#944=EDGE_LOOP('',(#4588,#4589,#4590,#4591));
#945=EDGE_LOOP('',(#4592,#4593,#4594,#4595));
#946=EDGE_LOOP('',(#4596,#4597,#4598,#4599));
#947=EDGE_LOOP('',(#4600));
#948=EDGE_LOOP('',(#4601));
#949=EDGE_LOOP('',(#4602,#4603,#4604,#4605));
#950=EDGE_LOOP('',(#4606));
#951=EDGE_LOOP('',(#4607,#4608,#4609,#4610));
#952=EDGE_LOOP('',(#4611,#4612,#4613,#4614,#4615,#4616,#4617,#4618));
#953=EDGE_LOOP('',(#4619));
#954=EDGE_LOOP('',(#4620));
#955=EDGE_LOOP('',(#4621,#4622,#4623,#4624,#4625,#4626));
#956=EDGE_LOOP('',(#4627,#4628,#4629,#4630));
#957=EDGE_LOOP('',(#4631,#4632,#4633,#4634,#4635,#4636));
#958=EDGE_LOOP('',(#4637,#4638,#4639,#4640));
#959=EDGE_LOOP('',(#4641,#4642,#4643,#4644,#4645,#4646));
#960=EDGE_LOOP('',(#4647));
#961=EDGE_LOOP('',(#4648));
#962=EDGE_LOOP('',(#4649,#4650,#4651,#4652));
#963=EDGE_LOOP('',(#4653,#4654,#4655,#4656));
#964=EDGE_LOOP('',(#4657,#4658,#4659,#4660));
#965=EDGE_LOOP('',(#4661,#4662,#4663,#4664));
#966=EDGE_LOOP('',(#4665,#4666,#4667,#4668,#4669,#4670,#4671,#4672));
#967=EDGE_LOOP('',(#4673));
#968=EDGE_LOOP('',(#4674,#4675,#4676,#4677));
#969=EDGE_LOOP('',(#4678,#4679,#4680,#4681));
#970=EDGE_LOOP('',(#4682,#4683,#4684,#4685));
#971=EDGE_LOOP('',(#4686,#4687,#4688,#4689,#4690,#4691));
#972=EDGE_LOOP('',(#4692,#4693,#4694,#4695,#4696,#4697));
#973=EDGE_LOOP('',(#4698,#4699,#4700,#4701));
#974=EDGE_LOOP('',(#4702,#4703,#4704,#4705,#4706,#4707));
#975=EDGE_LOOP('',(#4708,#4709,#4710,#4711));
#976=EDGE_LOOP('',(#4712,#4713,#4714,#4715));
#977=EDGE_LOOP('',(#4716,#4717,#4718,#4719,#4720,#4721));
#978=EDGE_LOOP('',(#4722,#4723,#4724,#4725));
#979=EDGE_LOOP('',(#4726,#4727,#4728,#4729));
#980=EDGE_LOOP('',(#4730,#4731,#4732,#4733,#4734,#4735));
#981=EDGE_LOOP('',(#4736,#4737,#4738,#4739));
#982=EDGE_LOOP('',(#4740,#4741,#4742,#4743));
#983=EDGE_LOOP('',(#4744,#4745,#4746,#4747));
#984=EDGE_LOOP('',(#4748,#4749,#4750,#4751));
#985=EDGE_LOOP('',(#4752,#4753,#4754,#4755));
#986=EDGE_LOOP('',(#4756,#4757,#4758,#4759));
#987=EDGE_LOOP('',(#4760,#4761,#4762,#4763));
#988=EDGE_LOOP('',(#4764,#4765,#4766,#4767));
#989=EDGE_LOOP('',(#4768,#4769,#4770,#4771));
#990=EDGE_LOOP('',(#4772,#4773,#4774,#4775));
#991=EDGE_LOOP('',(#4776,#4777,#4778,#4779));
#992=EDGE_LOOP('',(#4780,#4781,#4782,#4783));
#993=EDGE_LOOP('',(#4784,#4785,#4786,#4787));
#994=EDGE_LOOP('',(#4788,#4789,#4790,#4791));
#995=EDGE_LOOP('',(#4792,#4793,#4794,#4795));
#996=EDGE_LOOP('',(#4796,#4797,#4798,#4799));
#997=EDGE_LOOP('',(#4800,#4801,#4802,#4803));
#998=EDGE_LOOP('',(#4804,#4805,#4806,#4807));
#999=EDGE_LOOP('',(#4808,#4809,#4810,#4811));
#1000=EDGE_LOOP('',(#4812,#4813,#4814,#4815));
#1001=EDGE_LOOP('',(#4816,#4817,#4818,#4819));
#1002=EDGE_LOOP('',(#4820,#4821,#4822,#4823));
#1003=EDGE_LOOP('',(#4824,#4825,#4826,#4827));
#1004=EDGE_LOOP('',(#4828,#4829,#4830,#4831));
#1005=EDGE_LOOP('',(#4832,#4833,#4834,#4835));
#1006=EDGE_LOOP('',(#4836,#4837,#4838,#4839));
#1007=EDGE_LOOP('',(#4840,#4841,#4842,#4843));
#1008=EDGE_LOOP('',(#4844,#4845,#4846,#4847));
#1009=EDGE_LOOP('',(#4848,#4849,#4850,#4851));
#1010=EDGE_LOOP('',(#4852,#4853,#4854,#4855));
#1011=EDGE_LOOP('',(#4856,#4857,#4858,#4859));
#1012=EDGE_LOOP('',(#4860,#4861,#4862,#4863));
#1013=EDGE_LOOP('',(#4864,#4865,#4866,#4867));
#1014=EDGE_LOOP('',(#4868,#4869,#4870,#4871));
#1015=EDGE_LOOP('',(#4872,#4873,#4874,#4875));
#1016=EDGE_LOOP('',(#4876,#4877,#4878,#4879));
#1017=EDGE_LOOP('',(#4880,#4881,#4882,#4883));
#1018=EDGE_LOOP('',(#4884,#4885,#4886,#4887));
#1019=EDGE_LOOP('',(#4888,#4889,#4890,#4891));
#1020=EDGE_LOOP('',(#4892,#4893,#4894,#4895,#4896,#4897));
#1021=EDGE_LOOP('',(#4898,#4899,#4900,#4901));
#1022=EDGE_LOOP('',(#4902,#4903,#4904,#4905));
#1023=EDGE_LOOP('',(#4906,#4907,#4908,#4909));
#1024=EDGE_LOOP('',(#4910,#4911,#4912,#4913));
#1025=EDGE_LOOP('',(#4914,#4915,#4916,#4917));
#1026=EDGE_LOOP('',(#4918,#4919,#4920,#4921));
#1027=EDGE_LOOP('',(#4922,#4923,#4924,#4925));
#1028=EDGE_LOOP('',(#4926,#4927,#4928,#4929));
#1029=EDGE_LOOP('',(#4930,#4931,#4932,#4933));
#1030=EDGE_LOOP('',(#4934,#4935,#4936,#4937,#4938,#4939));
#1031=EDGE_LOOP('',(#4940,#4941,#4942,#4943));
#1032=EDGE_LOOP('',(#4944,#4945,#4946,#4947));
#1033=EDGE_LOOP('',(#4948,#4949,#4950,#4951));
#1034=EDGE_LOOP('',(#4952,#4953,#4954,#4955));
#1035=EDGE_LOOP('',(#4956,#4957,#4958,#4959));
#1036=EDGE_LOOP('',(#4960,#4961,#4962,#4963));
#1037=EDGE_LOOP('',(#4964,#4965,#4966,#4967));
#1038=EDGE_LOOP('',(#4968,#4969,#4970,#4971));
#1039=EDGE_LOOP('',(#4972,#4973,#4974,#4975));
#1040=EDGE_LOOP('',(#4976,#4977,#4978,#4979));
#1041=EDGE_LOOP('',(#4980,#4981,#4982,#4983));
#1042=EDGE_LOOP('',(#4984,#4985,#4986,#4987));
#1043=EDGE_LOOP('',(#4988,#4989,#4990,#4991));
#1044=EDGE_LOOP('',(#4992,#4993,#4994,#4995));
#1045=EDGE_LOOP('',(#4996,#4997,#4998,#4999));
#1046=EDGE_LOOP('',(#5000,#5001,#5002,#5003));
#1047=EDGE_LOOP('',(#5004,#5005,#5006,#5007));
#1048=EDGE_LOOP('',(#5008,#5009,#5010,#5011));
#1049=EDGE_LOOP('',(#5012,#5013,#5014,#5015));
#1050=EDGE_LOOP('',(#5016,#5017,#5018,#5019));
#1051=EDGE_LOOP('',(#5020,#5021,#5022,#5023));
#1052=EDGE_LOOP('',(#5024,#5025,#5026,#5027));
#1053=EDGE_LOOP('',(#5028,#5029,#5030,#5031,#5032,#5033));
#1054=EDGE_LOOP('',(#5034,#5035,#5036,#5037));
#1055=EDGE_LOOP('',(#5038,#5039,#5040,#5041));
#1056=EDGE_LOOP('',(#5042,#5043,#5044,#5045,#5046,#5047));
#1057=EDGE_LOOP('',(#5048,#5049,#5050,#5051));
#1058=EDGE_LOOP('',(#5052,#5053,#5054,#5055));
#1059=EDGE_LOOP('',(#5056,#5057,#5058,#5059));
#1060=EDGE_LOOP('',(#5060,#5061,#5062,#5063));
#1061=EDGE_LOOP('',(#5064,#5065,#5066,#5067));
#1062=EDGE_LOOP('',(#5068,#5069,#5070,#5071));
#1063=EDGE_LOOP('',(#5072,#5073,#5074,#5075));
#1064=EDGE_LOOP('',(#5076,#5077,#5078,#5079));
#1065=EDGE_LOOP('',(#5080,#5081,#5082,#5083));
#1066=EDGE_LOOP('',(#5084,#5085,#5086,#5087));
#1067=EDGE_LOOP('',(#5088,#5089,#5090,#5091));
#1068=EDGE_LOOP('',(#5092,#5093,#5094,#5095));
#1069=EDGE_LOOP('',(#5096,#5097,#5098,#5099));
#1070=EDGE_LOOP('',(#5100,#5101,#5102,#5103));
#1071=EDGE_LOOP('',(#5104,#5105,#5106,#5107));
#1072=EDGE_LOOP('',(#5108,#5109,#5110,#5111));
#1073=EDGE_LOOP('',(#5112,#5113,#5114,#5115));
#1074=EDGE_LOOP('',(#5116,#5117,#5118,#5119));
#1075=EDGE_LOOP('',(#5120,#5121,#5122,#5123));
#1076=EDGE_LOOP('',(#5124,#5125,#5126,#5127));
#1077=EDGE_LOOP('',(#5128,#5129,#5130,#5131));
#1078=EDGE_LOOP('',(#5132,#5133,#5134,#5135));
#1079=EDGE_LOOP('',(#5136,#5137,#5138,#5139));
#1080=EDGE_LOOP('',(#5140,#5141,#5142,#5143));
#1081=EDGE_LOOP('',(#5144,#5145,#5146,#5147));
#1082=EDGE_LOOP('',(#5148,#5149,#5150,#5151));
#1083=EDGE_LOOP('',(#5152,#5153,#5154,#5155));
#1084=EDGE_LOOP('',(#5156,#5157,#5158,#5159));
#1085=EDGE_LOOP('',(#5160,#5161,#5162,#5163));
#1086=EDGE_LOOP('',(#5164,#5165,#5166,#5167));
#1087=EDGE_LOOP('',(#5168,#5169,#5170,#5171));
#1088=EDGE_LOOP('',(#5172,#5173,#5174,#5175));
#1089=EDGE_LOOP('',(#5176,#5177,#5178,#5179));
#1090=EDGE_LOOP('',(#5180,#5181,#5182,#5183));
#1091=EDGE_LOOP('',(#5184,#5185,#5186,#5187));
#1092=EDGE_LOOP('',(#5188,#5189,#5190,#5191));
#1093=EDGE_LOOP('',(#5192,#5193,#5194,#5195));
#1094=EDGE_LOOP('',(#5196,#5197,#5198,#5199));
#1095=EDGE_LOOP('',(#5200,#5201,#5202,#5203));
#1096=EDGE_LOOP('',(#5204,#5205,#5206,#5207,#5208,#5209));
#1097=EDGE_LOOP('',(#5210,#5211,#5212,#5213));
#1098=EDGE_LOOP('',(#5214,#5215,#5216,#5217));
#1099=EDGE_LOOP('',(#5218,#5219,#5220,#5221));
#1100=EDGE_LOOP('',(#5222,#5223,#5224,#5225));
#1101=EDGE_LOOP('',(#5226,#5227,#5228,#5229));
#1102=EDGE_LOOP('',(#5230,#5231,#5232,#5233));
#1103=EDGE_LOOP('',(#5234,#5235,#5236,#5237));
#1104=EDGE_LOOP('',(#5238,#5239,#5240,#5241));
#1105=EDGE_LOOP('',(#5242,#5243,#5244,#5245));
#1106=EDGE_LOOP('',(#5246,#5247,#5248,#5249,#5250,#5251));
#1107=EDGE_LOOP('',(#5252,#5253,#5254,#5255));
#1108=EDGE_LOOP('',(#5256,#5257,#5258,#5259));
#1109=EDGE_LOOP('',(#5260,#5261,#5262,#5263));
#1110=EDGE_LOOP('',(#5264,#5265,#5266,#5267));
#1111=EDGE_LOOP('',(#5268,#5269,#5270,#5271));
#1112=EDGE_LOOP('',(#5272,#5273,#5274,#5275));
#1113=EDGE_LOOP('',(#5276,#5277,#5278,#5279));
#1114=EDGE_LOOP('',(#5280,#5281,#5282,#5283));
#1115=EDGE_LOOP('',(#5284,#5285,#5286,#5287));
#1116=EDGE_LOOP('',(#5288,#5289,#5290,#5291));
#1117=EDGE_LOOP('',(#5292,#5293,#5294,#5295));
#1118=EDGE_LOOP('',(#5296,#5297,#5298,#5299));
#1119=EDGE_LOOP('',(#5300,#5301,#5302,#5303));
#1120=EDGE_LOOP('',(#5304,#5305,#5306,#5307));
#1121=EDGE_LOOP('',(#5308,#5309,#5310,#5311));
#1122=EDGE_LOOP('',(#5312,#5313,#5314,#5315));
#1123=EDGE_LOOP('',(#5316,#5317,#5318,#5319));
#1124=EDGE_LOOP('',(#5320,#5321,#5322,#5323));
#1125=EDGE_LOOP('',(#5324,#5325,#5326,#5327));
#1126=EDGE_LOOP('',(#5328,#5329,#5330,#5331));
#1127=EDGE_LOOP('',(#5332,#5333,#5334,#5335));
#1128=EDGE_LOOP('',(#5336,#5337,#5338,#5339));
#1129=EDGE_LOOP('',(#5340,#5341,#5342,#5343));
#1130=EDGE_LOOP('',(#5344,#5345,#5346,#5347));
#1131=EDGE_LOOP('',(#5348,#5349,#5350,#5351));
#1132=EDGE_LOOP('',(#5352,#5353,#5354,#5355));
#1133=EDGE_LOOP('',(#5356,#5357,#5358,#5359));
#1134=EDGE_LOOP('',(#5360,#5361,#5362,#5363));
#1135=EDGE_LOOP('',(#5364,#5365,#5366,#5367));
#1136=EDGE_LOOP('',(#5368,#5369,#5370,#5371));
#1137=EDGE_LOOP('',(#5372,#5373,#5374,#5375));
#1138=EDGE_LOOP('',(#5376,#5377,#5378,#5379));
#1139=EDGE_LOOP('',(#5380,#5381,#5382,#5383));
#1140=EDGE_LOOP('',(#5384,#5385,#5386,#5387));
#1141=EDGE_LOOP('',(#5388,#5389,#5390,#5391));
#1142=EDGE_LOOP('',(#5392,#5393,#5394,#5395));
#1143=EDGE_LOOP('',(#5396,#5397,#5398,#5399));
#1144=EDGE_LOOP('',(#5400,#5401,#5402,#5403));
#1145=EDGE_LOOP('',(#5404,#5405,#5406,#5407));
#1146=EDGE_LOOP('',(#5408,#5409,#5410,#5411));
#1147=EDGE_LOOP('',(#5412,#5413,#5414,#5415));
#1148=EDGE_LOOP('',(#5416,#5417,#5418,#5419));
#1149=EDGE_LOOP('',(#5420,#5421,#5422,#5423));
#1150=EDGE_LOOP('',(#5424,#5425,#5426,#5427));
#1151=EDGE_LOOP('',(#5428,#5429,#5430,#5431));
#1152=EDGE_LOOP('',(#5432,#5433,#5434,#5435));
#1153=EDGE_LOOP('',(#5436,#5437,#5438,#5439));
#1154=EDGE_LOOP('',(#5440,#5441,#5442,#5443));
#1155=EDGE_LOOP('',(#5444,#5445,#5446,#5447));
#1156=EDGE_LOOP('',(#5448,#5449,#5450,#5451));
#1157=EDGE_LOOP('',(#5452,#5453,#5454,#5455,#5456,#5457,#5458,#5459));
#1158=EDGE_LOOP('',(#5460,#5461,#5462,#5463));
#1159=EDGE_LOOP('',(#5464,#5465,#5466,#5467,#5468,#5469,#5470,#5471));
#1160=EDGE_LOOP('',(#5472,#5473,#5474,#5475));
#1161=EDGE_LOOP('',(#5476,#5477,#5478,#5479));
#1162=EDGE_LOOP('',(#5480,#5481,#5482,#5483));
#1163=EDGE_LOOP('',(#5484,#5485,#5486,#5487));
#1164=EDGE_LOOP('',(#5488,#5489,#5490,#5491));
#1165=EDGE_LOOP('',(#5492,#5493,#5494,#5495));
#1166=EDGE_LOOP('',(#5496,#5497,#5498,#5499));
#1167=LINE('',#8138,#1821);
#1168=LINE('',#8145,#1822);
#1169=LINE('',#8188,#1823);
#1170=LINE('',#8197,#1824);
#1171=LINE('',#8204,#1825);
#1172=LINE('',#8210,#1826);
#1173=LINE('',#8216,#1827);
#1174=LINE('',#8218,#1828);
#1175=LINE('',#8220,#1829);
#1176=LINE('',#8222,#1830);
#1177=LINE('',#8224,#1831);
#1178=LINE('',#8225,#1832);
#1179=LINE('',#8229,#1833);
#1180=LINE('',#8231,#1834);
#1181=LINE('',#8233,#1835);
#1182=LINE('',#8234,#1836);
#1183=LINE('',#8237,#1837);
#1184=LINE('',#8239,#1838);
#1185=LINE('',#8240,#1839);
#1186=LINE('',#8243,#1840);
#1187=LINE('',#8245,#1841);
#1188=LINE('',#8246,#1842);
#1189=LINE('',#8249,#1843);
#1190=LINE('',#8251,#1844);
#1191=LINE('',#8252,#1845);
#1192=LINE('',#8255,#1846);
#1193=LINE('',#8257,#1847);
#1194=LINE('',#8258,#1848);
#1195=LINE('',#8260,#1849);
#1196=LINE('',#8261,#1850);
#1197=LINE('',#8266,#1851);
#1198=LINE('',#8267,#1852);
#1199=LINE('',#8268,#1853);
#1200=LINE('',#8271,#1854);
#1201=LINE('',#8272,#1855);
#1202=LINE('',#8275,#1856);
#1203=LINE('',#8276,#1857);
#1204=LINE('',#8279,#1858);
#1205=LINE('',#8280,#1859);
#1206=LINE('',#8283,#1860);
#1207=LINE('',#8284,#1861);
#1208=LINE('',#8286,#1862);
#1209=LINE('',#8295,#1863);
#1210=LINE('',#8299,#1864);
#1211=LINE('',#8304,#1865);
#1212=LINE('',#8306,#1866);
#1213=LINE('',#8490,#1867);
#1214=LINE('',#8492,#1868);
#1215=LINE('',#8494,#1869);
#1216=LINE('',#8746,#1870);
#1217=LINE('',#8753,#1871);
#1218=LINE('',#8755,#1872);
#1219=LINE('',#8757,#1873);
#1220=LINE('',#8759,#1874);
#1221=LINE('',#8760,#1875);
#1222=LINE('',#8872,#1876);
#1223=LINE('',#8930,#1877);
#1224=LINE('',#8932,#1878);
#1225=LINE('',#8934,#1879);
#1226=LINE('',#8935,#1880);
#1227=LINE('',#8938,#1881);
#1228=LINE('',#8939,#1882);
#1229=LINE('',#8951,#1883);
#1230=LINE('',#9014,#1884);
#1231=LINE('',#9020,#1885);
#1232=LINE('',#9023,#1886);
#1233=LINE('',#9025,#1887);
#1234=LINE('',#9027,#1888);
#1235=LINE('',#9028,#1889);
#1236=LINE('',#9030,#1890);
#1237=LINE('',#9032,#1891);
#1238=LINE('',#9034,#1892);
#1239=LINE('',#9036,#1893);
#1240=LINE('',#9157,#1894);
#1241=LINE('',#9419,#1895);
#1242=LINE('',#9436,#1896);
#1243=LINE('',#9440,#1897);
#1244=LINE('',#9446,#1898);
#1245=LINE('',#9453,#1899);
#1246=LINE('',#9460,#1900);
#1247=LINE('',#9466,#1901);
#1248=LINE('',#9468,#1902);
#1249=LINE('',#9470,#1903);
#1250=LINE('',#9472,#1904);
#1251=LINE('',#9474,#1905);
#1252=LINE('',#9475,#1906);
#1253=LINE('',#9480,#1907);
#1254=LINE('',#9482,#1908);
#1255=LINE('',#9483,#1909);
#1256=LINE('',#9486,#1910);
#1257=LINE('',#9487,#1911);
#1258=LINE('',#9490,#1912);
#1259=LINE('',#9491,#1913);
#1260=LINE('',#9494,#1914);
#1261=LINE('',#9495,#1915);
#1262=LINE('',#9498,#1916);
#1263=LINE('',#9499,#1917);
#1264=LINE('',#9501,#1918);
#1265=LINE('',#9505,#1919);
#1266=LINE('',#9514,#1920);
#1267=LINE('',#9517,#1921);
#1268=LINE('',#9522,#1922);
#1269=LINE('',#9525,#1923);
#1270=LINE('',#9530,#1924);
#1271=LINE('',#9533,#1925);
#1272=LINE('',#9538,#1926);
#1273=LINE('',#9541,#1927);
#1274=LINE('',#9546,#1928);
#1275=LINE('',#9549,#1929);
#1276=LINE('',#9553,#1930);
#1277=LINE('',#9556,#1931);
#1278=LINE('',#9559,#1932);
#1279=LINE('',#9561,#1933);
#1280=LINE('',#9562,#1934);
#1281=LINE('',#9566,#1935);
#1282=LINE('',#9569,#1936);
#1283=LINE('',#9570,#1937);
#1284=LINE('',#9574,#1938);
#1285=LINE('',#9577,#1939);
#1286=LINE('',#9578,#1940);
#1287=LINE('',#9582,#1941);
#1288=LINE('',#9585,#1942);
#1289=LINE('',#9586,#1943);
#1290=LINE('',#9590,#1944);
#1291=LINE('',#9593,#1945);
#1292=LINE('',#9594,#1946);
#1293=LINE('',#9598,#1947);
#1294=LINE('',#9601,#1948);
#1295=LINE('',#9602,#1949);
#1296=LINE('',#9608,#1950);
#1297=LINE('',#9614,#1951);
#1298=LINE('',#9619,#1952);
#1299=LINE('',#9880,#1953);
#1300=LINE('',#9897,#1954);
#1301=LINE('',#9901,#1955);
#1302=LINE('',#9907,#1956);
#1303=LINE('',#9914,#1957);
#1304=LINE('',#9921,#1958);
#1305=LINE('',#9927,#1959);
#1306=LINE('',#9929,#1960);
#1307=LINE('',#9931,#1961);
#1308=LINE('',#9933,#1962);
#1309=LINE('',#9935,#1963);
#1310=LINE('',#9936,#1964);
#1311=LINE('',#9941,#1965);
#1312=LINE('',#9943,#1966);
#1313=LINE('',#9944,#1967);
#1314=LINE('',#9947,#1968);
#1315=LINE('',#9948,#1969);
#1316=LINE('',#9951,#1970);
#1317=LINE('',#9952,#1971);
#1318=LINE('',#9955,#1972);
#1319=LINE('',#9956,#1973);
#1320=LINE('',#9959,#1974);
#1321=LINE('',#9960,#1975);
#1322=LINE('',#9962,#1976);
#1323=LINE('',#9966,#1977);
#1324=LINE('',#9975,#1978);
#1325=LINE('',#9978,#1979);
#1326=LINE('',#9983,#1980);
#1327=LINE('',#9986,#1981);
#1328=LINE('',#9991,#1982);
#1329=LINE('',#9994,#1983);
#1330=LINE('',#9999,#1984);
#1331=LINE('',#10002,#1985);
#1332=LINE('',#10007,#1986);
#1333=LINE('',#10010,#1987);
#1334=LINE('',#10014,#1988);
#1335=LINE('',#10017,#1989);
#1336=LINE('',#10020,#1990);
#1337=LINE('',#10022,#1991);
#1338=LINE('',#10023,#1992);
#1339=LINE('',#10027,#1993);
#1340=LINE('',#10030,#1994);
#1341=LINE('',#10031,#1995);
#1342=LINE('',#10035,#1996);
#1343=LINE('',#10038,#1997);
#1344=LINE('',#10039,#1998);
#1345=LINE('',#10043,#1999);
#1346=LINE('',#10046,#2000);
#1347=LINE('',#10047,#2001);
#1348=LINE('',#10051,#2002);
#1349=LINE('',#10054,#2003);
#1350=LINE('',#10055,#2004);
#1351=LINE('',#10059,#2005);
#1352=LINE('',#10062,#2006);
#1353=LINE('',#10063,#2007);
#1354=LINE('',#10069,#2008);
#1355=LINE('',#10075,#2009);
#1356=LINE('',#10080,#2010);
#1357=LINE('',#10084,#2011);
#1358=LINE('',#10086,#2012);
#1359=LINE('',#10088,#2013);
#1360=LINE('',#10090,#2014);
#1361=LINE('',#10092,#2015);
#1362=LINE('',#10093,#2016);
#1363=LINE('',#10097,#2017);
#1364=LINE('',#10099,#2018);
#1365=LINE('',#10101,#2019);
#1366=LINE('',#10102,#2020);
#1367=LINE('',#10105,#2021);
#1368=LINE('',#10107,#2022);
#1369=LINE('',#10108,#2023);
#1370=LINE('',#10111,#2024);
#1371=LINE('',#10113,#2025);
#1372=LINE('',#10114,#2026);
#1373=LINE('',#10117,#2027);
#1374=LINE('',#10119,#2028);
#1375=LINE('',#10120,#2029);
#1376=LINE('',#10123,#2030);
#1377=LINE('',#10125,#2031);
#1378=LINE('',#10126,#2032);
#1379=LINE('',#10128,#2033);
#1380=LINE('',#10129,#2034);
#1381=LINE('',#10134,#2035);
#1382=LINE('',#10135,#2036);
#1383=LINE('',#10136,#2037);
#1384=LINE('',#10139,#2038);
#1385=LINE('',#10140,#2039);
#1386=LINE('',#10143,#2040);
#1387=LINE('',#10144,#2041);
#1388=LINE('',#10147,#2042);
#1389=LINE('',#10148,#2043);
#1390=LINE('',#10151,#2044);
#1391=LINE('',#10152,#2045);
#1392=LINE('',#10154,#2046);
#1393=LINE('',#10163,#2047);
#1394=LINE('',#10167,#2048);
#1395=LINE('',#10172,#2049);
#1396=LINE('',#10174,#2050);
#1397=LINE('',#10358,#2051);
#1398=LINE('',#10360,#2052);
#1399=LINE('',#10362,#2053);
#1400=LINE('',#10614,#2054);
#1401=LINE('',#10621,#2055);
#1402=LINE('',#10623,#2056);
#1403=LINE('',#10625,#2057);
#1404=LINE('',#10627,#2058);
#1405=LINE('',#10628,#2059);
#1406=LINE('',#10740,#2060);
#1407=LINE('',#10798,#2061);
#1408=LINE('',#10800,#2062);
#1409=LINE('',#10802,#2063);
#1410=LINE('',#10803,#2064);
#1411=LINE('',#10806,#2065);
#1412=LINE('',#10807,#2066);
#1413=LINE('',#10819,#2067);
#1414=LINE('',#10882,#2068);
#1415=LINE('',#10888,#2069);
#1416=LINE('',#10891,#2070);
#1417=LINE('',#10893,#2071);
#1418=LINE('',#10895,#2072);
#1419=LINE('',#10896,#2073);
#1420=LINE('',#10898,#2074);
#1421=LINE('',#10900,#2075);
#1422=LINE('',#10902,#2076);
#1423=LINE('',#10904,#2077);
#1424=LINE('',#11025,#2078);
#1425=LINE('',#11030,#2079);
#1426=LINE('',#11032,#2080);
#1427=LINE('',#11034,#2081);
#1428=LINE('',#11035,#2082);
#1429=LINE('',#11038,#2083);
#1430=LINE('',#11040,#2084);
#1431=LINE('',#11041,#2085);
#1432=LINE('',#11044,#2086);
#1433=LINE('',#11046,#2087);
#1434=LINE('',#11048,#2088);
#1435=LINE('',#11049,#2089);
#1436=LINE('',#11053,#2090);
#1437=LINE('',#11055,#2091);
#1438=LINE('',#11057,#2092);
#1439=LINE('',#11058,#2093);
#1440=LINE('',#11061,#2094);
#1441=LINE('',#11063,#2095);
#1442=LINE('',#11064,#2096);
#1443=LINE('',#11067,#2097);
#1444=LINE('',#11069,#2098);
#1445=LINE('',#11071,#2099);
#1446=LINE('',#11072,#2100);
#1447=LINE('',#11075,#2101);
#1448=LINE('',#11076,#2102);
#1449=LINE('',#11079,#2103);
#1450=LINE('',#11080,#2104);
#1451=LINE('',#11084,#2105);
#1452=LINE('',#11086,#2106);
#1453=LINE('',#11088,#2107);
#1454=LINE('',#11089,#2108);
#1455=LINE('',#11092,#2109);
#1456=LINE('',#11094,#2110);
#1457=LINE('',#11095,#2111);
#1458=LINE('',#11098,#2112);
#1459=LINE('',#11100,#2113);
#1460=LINE('',#11101,#2114);
#1461=LINE('',#11103,#2115);
#1462=LINE('',#11104,#2116);
#1463=LINE('',#11109,#2117);
#1464=LINE('',#11111,#2118);
#1465=LINE('',#11113,#2119);
#1466=LINE('',#11114,#2120);
#1467=LINE('',#11117,#2121);
#1468=LINE('',#11119,#2122);
#1469=LINE('',#11120,#2123);
#1470=LINE('',#11123,#2124);
#1471=LINE('',#11125,#2125);
#1472=LINE('',#11126,#2126);
#1473=LINE('',#11128,#2127);
#1474=LINE('',#11129,#2128);
#1475=LINE('',#11134,#2129);
#1476=LINE('',#11136,#2130);
#1477=LINE('',#11138,#2131);
#1478=LINE('',#11139,#2132);
#1479=LINE('',#11142,#2133);
#1480=LINE('',#11144,#2134);
#1481=LINE('',#11145,#2135);
#1482=LINE('',#11148,#2136);
#1483=LINE('',#11150,#2137);
#1484=LINE('',#11151,#2138);
#1485=LINE('',#11153,#2139);
#1486=LINE('',#11154,#2140);
#1487=LINE('',#11159,#2141);
#1488=LINE('',#11161,#2142);
#1489=LINE('',#11163,#2143);
#1490=LINE('',#11164,#2144);
#1491=LINE('',#11167,#2145);
#1492=LINE('',#11169,#2146);
#1493=LINE('',#11170,#2147);
#1494=LINE('',#11173,#2148);
#1495=LINE('',#11175,#2149);
#1496=LINE('',#11176,#2150);
#1497=LINE('',#11178,#2151);
#1498=LINE('',#11179,#2152);
#1499=LINE('',#11184,#2153);
#1500=LINE('',#11186,#2154);
#1501=LINE('',#11188,#2155);
#1502=LINE('',#11189,#2156);
#1503=LINE('',#11192,#2157);
#1504=LINE('',#11194,#2158);
#1505=LINE('',#11195,#2159);
#1506=LINE('',#11198,#2160);
#1507=LINE('',#11200,#2161);
#1508=LINE('',#11201,#2162);
#1509=LINE('',#11203,#2163);
#1510=LINE('',#11204,#2164);
#1511=LINE('',#11209,#2165);
#1512=LINE('',#11211,#2166);
#1513=LINE('',#11213,#2167);
#1514=LINE('',#11214,#2168);
#1515=LINE('',#11217,#2169);
#1516=LINE('',#11219,#2170);
#1517=LINE('',#11220,#2171);
#1518=LINE('',#11223,#2172);
#1519=LINE('',#11225,#2173);
#1520=LINE('',#11226,#2174);
#1521=LINE('',#11228,#2175);
#1522=LINE('',#11229,#2176);
#1523=LINE('',#11234,#2177);
#1524=LINE('',#11236,#2178);
#1525=LINE('',#11238,#2179);
#1526=LINE('',#11239,#2180);
#1527=LINE('',#11243,#2181);
#1528=LINE('',#11245,#2182);
#1529=LINE('',#11247,#2183);
#1530=LINE('',#11248,#2184);
#1531=LINE('',#11252,#2185);
#1532=LINE('',#11254,#2186);
#1533=LINE('',#11256,#2187);
#1534=LINE('',#11257,#2188);
#1535=LINE('',#11261,#2189);
#1536=LINE('',#11262,#2190);
#1537=LINE('',#11263,#2191);
#1538=LINE('',#11266,#2192);
#1539=LINE('',#11267,#2193);
#1540=LINE('',#11270,#2194);
#1541=LINE('',#11271,#2195);
#1542=LINE('',#11273,#2196);
#1543=LINE('',#11276,#2197);
#1544=LINE('',#11278,#2198);
#1545=LINE('',#11279,#2199);
#1546=LINE('',#11281,#2200);
#1547=LINE('',#11283,#2201);
#1548=LINE('',#11287,#2202);
#1549=LINE('',#11288,#2203);
#1550=LINE('',#11289,#2204);
#1551=LINE('',#11292,#2205);
#1552=LINE('',#11293,#2206);
#1553=LINE('',#11296,#2207);
#1554=LINE('',#11297,#2208);
#1555=LINE('',#11299,#2209);
#1556=LINE('',#11302,#2210);
#1557=LINE('',#11304,#2211);
#1558=LINE('',#11305,#2212);
#1559=LINE('',#11307,#2213);
#1560=LINE('',#11309,#2214);
#1561=LINE('',#11313,#2215);
#1562=LINE('',#11314,#2216);
#1563=LINE('',#11315,#2217);
#1564=LINE('',#11318,#2218);
#1565=LINE('',#11319,#2219);
#1566=LINE('',#11322,#2220);
#1567=LINE('',#11323,#2221);
#1568=LINE('',#11325,#2222);
#1569=LINE('',#11329,#2223);
#1570=LINE('',#11331,#2224);
#1571=LINE('',#11333,#2225);
#1572=LINE('',#11334,#2226);
#1573=LINE('',#11337,#2227);
#1574=LINE('',#11339,#2228);
#1575=LINE('',#11340,#2229);
#1576=LINE('',#11343,#2230);
#1577=LINE('',#11345,#2231);
#1578=LINE('',#11346,#2232);
#1579=LINE('',#11348,#2233);
#1580=LINE('',#11349,#2234);
#1581=LINE('',#11355,#2235);
#1582=LINE('',#11357,#2236);
#1583=LINE('',#11359,#2237);
#1584=LINE('',#11360,#2238);
#1585=LINE('',#11363,#2239);
#1586=LINE('',#11365,#2240);
#1587=LINE('',#11366,#2241);
#1588=LINE('',#11369,#2242);
#1589=LINE('',#11371,#2243);
#1590=LINE('',#11373,#2244);
#1591=LINE('',#11374,#2245);
#1592=LINE('',#11378,#2246);
#1593=LINE('',#11380,#2247);
#1594=LINE('',#11382,#2248);
#1595=LINE('',#11383,#2249);
#1596=LINE('',#11386,#2250);
#1597=LINE('',#11388,#2251);
#1598=LINE('',#11389,#2252);
#1599=LINE('',#11392,#2253);
#1600=LINE('',#11394,#2254);
#1601=LINE('',#11396,#2255);
#1602=LINE('',#11397,#2256);
#1603=LINE('',#11400,#2257);
#1604=LINE('',#11401,#2258);
#1605=LINE('',#11404,#2259);
#1606=LINE('',#11405,#2260);
#1607=LINE('',#11409,#2261);
#1608=LINE('',#11411,#2262);
#1609=LINE('',#11413,#2263);
#1610=LINE('',#11414,#2264);
#1611=LINE('',#11417,#2265);
#1612=LINE('',#11419,#2266);
#1613=LINE('',#11420,#2267);
#1614=LINE('',#11423,#2268);
#1615=LINE('',#11425,#2269);
#1616=LINE('',#11426,#2270);
#1617=LINE('',#11428,#2271);
#1618=LINE('',#11429,#2272);
#1619=LINE('',#11434,#2273);
#1620=LINE('',#11436,#2274);
#1621=LINE('',#11438,#2275);
#1622=LINE('',#11439,#2276);
#1623=LINE('',#11442,#2277);
#1624=LINE('',#11444,#2278);
#1625=LINE('',#11445,#2279);
#1626=LINE('',#11448,#2280);
#1627=LINE('',#11450,#2281);
#1628=LINE('',#11451,#2282);
#1629=LINE('',#11453,#2283);
#1630=LINE('',#11454,#2284);
#1631=LINE('',#11459,#2285);
#1632=LINE('',#11461,#2286);
#1633=LINE('',#11463,#2287);
#1634=LINE('',#11464,#2288);
#1635=LINE('',#11467,#2289);
#1636=LINE('',#11469,#2290);
#1637=LINE('',#11470,#2291);
#1638=LINE('',#11473,#2292);
#1639=LINE('',#11475,#2293);
#1640=LINE('',#11476,#2294);
#1641=LINE('',#11478,#2295);
#1642=LINE('',#11479,#2296);
#1643=LINE('',#11484,#2297);
#1644=LINE('',#11486,#2298);
#1645=LINE('',#11488,#2299);
#1646=LINE('',#11489,#2300);
#1647=LINE('',#11492,#2301);
#1648=LINE('',#11494,#2302);
#1649=LINE('',#11495,#2303);
#1650=LINE('',#11498,#2304);
#1651=LINE('',#11500,#2305);
#1652=LINE('',#11501,#2306);
#1653=LINE('',#11503,#2307);
#1654=LINE('',#11504,#2308);
#1655=LINE('',#11509,#2309);
#1656=LINE('',#11511,#2310);
#1657=LINE('',#11513,#2311);
#1658=LINE('',#11514,#2312);
#1659=LINE('',#11517,#2313);
#1660=LINE('',#11519,#2314);
#1661=LINE('',#11520,#2315);
#1662=LINE('',#11523,#2316);
#1663=LINE('',#11525,#2317);
#1664=LINE('',#11526,#2318);
#1665=LINE('',#11528,#2319);
#1666=LINE('',#11529,#2320);
#1667=LINE('',#11534,#2321);
#1668=LINE('',#11536,#2322);
#1669=LINE('',#11538,#2323);
#1670=LINE('',#11539,#2324);
#1671=LINE('',#11542,#2325);
#1672=LINE('',#11544,#2326);
#1673=LINE('',#11545,#2327);
#1674=LINE('',#11548,#2328);
#1675=LINE('',#11550,#2329);
#1676=LINE('',#11551,#2330);
#1677=LINE('',#11553,#2331);
#1678=LINE('',#11554,#2332);
#1679=LINE('',#11559,#2333);
#1680=LINE('',#11561,#2334);
#1681=LINE('',#11563,#2335);
#1682=LINE('',#11564,#2336);
#1683=LINE('',#11568,#2337);
#1684=LINE('',#11570,#2338);
#1685=LINE('',#11572,#2339);
#1686=LINE('',#11573,#2340);
#1687=LINE('',#11577,#2341);
#1688=LINE('',#11579,#2342);
#1689=LINE('',#11581,#2343);
#1690=LINE('',#11582,#2344);
#1691=LINE('',#11586,#2345);
#1692=LINE('',#11587,#2346);
#1693=LINE('',#11588,#2347);
#1694=LINE('',#11591,#2348);
#1695=LINE('',#11592,#2349);
#1696=LINE('',#11595,#2350);
#1697=LINE('',#11596,#2351);
#1698=LINE('',#11598,#2352);
#1699=LINE('',#11601,#2353);
#1700=LINE('',#11603,#2354);
#1701=LINE('',#11604,#2355);
#1702=LINE('',#11606,#2356);
#1703=LINE('',#11608,#2357);
#1704=LINE('',#11612,#2358);
#1705=LINE('',#11613,#2359);
#1706=LINE('',#11614,#2360);
#1707=LINE('',#11617,#2361);
#1708=LINE('',#11618,#2362);
#1709=LINE('',#11621,#2363);
#1710=LINE('',#11622,#2364);
#1711=LINE('',#11624,#2365);
#1712=LINE('',#11627,#2366);
#1713=LINE('',#11629,#2367);
#1714=LINE('',#11630,#2368);
#1715=LINE('',#11632,#2369);
#1716=LINE('',#11634,#2370);
#1717=LINE('',#11638,#2371);
#1718=LINE('',#11639,#2372);
#1719=LINE('',#11640,#2373);
#1720=LINE('',#11643,#2374);
#1721=LINE('',#11644,#2375);
#1722=LINE('',#11647,#2376);
#1723=LINE('',#11648,#2377);
#1724=LINE('',#11650,#2378);
#1725=LINE('',#11654,#2379);
#1726=LINE('',#11656,#2380);
#1727=LINE('',#11658,#2381);
#1728=LINE('',#11659,#2382);
#1729=LINE('',#11662,#2383);
#1730=LINE('',#11664,#2384);
#1731=LINE('',#11665,#2385);
#1732=LINE('',#11668,#2386);
#1733=LINE('',#11670,#2387);
#1734=LINE('',#11671,#2388);
#1735=LINE('',#11673,#2389);
#1736=LINE('',#11674,#2390);
#1737=LINE('',#11680,#2391);
#1738=LINE('',#11682,#2392);
#1739=LINE('',#11684,#2393);
#1740=LINE('',#11685,#2394);
#1741=LINE('',#11688,#2395);
#1742=LINE('',#11690,#2396);
#1743=LINE('',#11692,#2397);
#1744=LINE('',#11693,#2398);
#1745=LINE('',#11696,#2399);
#1746=LINE('',#11698,#2400);
#1747=LINE('',#11699,#2401);
#1748=LINE('',#11702,#2402);
#1749=LINE('',#11703,#2403);
#1750=LINE('',#11706,#2404);
#1751=LINE('',#11707,#2405);
#1752=LINE('',#11710,#2406);
#1753=LINE('',#11712,#2407);
#1754=LINE('',#11714,#2408);
#1755=LINE('',#11715,#2409);
#1756=LINE('',#11718,#2410);
#1757=LINE('',#11720,#2411);
#1758=LINE('',#11722,#2412);
#1759=LINE('',#11723,#2413);
#1760=LINE('',#11725,#2414);
#1761=LINE('',#11729,#2415);
#1762=LINE('',#11731,#2416);
#1763=LINE('',#11732,#2417);
#1764=LINE('',#11735,#2418);
#1765=LINE('',#11737,#2419);
#1766=LINE('',#11738,#2420);
#1767=LINE('',#11741,#2421);
#1768=LINE('',#11743,#2422);
#1769=LINE('',#11744,#2423);
#1770=LINE('',#11747,#2424);
#1771=LINE('',#11748,#2425);
#1772=LINE('',#11751,#2426);
#1773=LINE('',#11752,#2427);
#1774=LINE('',#11755,#2428);
#1775=LINE('',#11756,#2429);
#1776=LINE('',#11759,#2430);
#1777=LINE('',#11760,#2431);
#1778=LINE('',#11763,#2432);
#1779=LINE('',#11764,#2433);
#1780=LINE('',#11767,#2434);
#1781=LINE('',#11768,#2435);
#1782=LINE('',#11770,#2436);
#1783=LINE('',#11772,#2437);
#1784=LINE('',#11777,#2438);
#1785=LINE('',#11779,#2439);
#1786=LINE('',#11781,#2440);
#1787=LINE('',#11782,#2441);
#1788=LINE('',#11785,#2442);
#1789=LINE('',#11787,#2443);
#1790=LINE('',#11788,#2444);
#1791=LINE('',#11791,#2445);
#1792=LINE('',#11793,#2446);
#1793=LINE('',#11794,#2447);
#1794=LINE('',#11796,#2448);
#1795=LINE('',#11800,#2449);
#1796=LINE('',#11802,#2450);
#1797=LINE('',#11804,#2451);
#1798=LINE('',#11805,#2452);
#1799=LINE('',#11808,#2453);
#1800=LINE('',#11810,#2454);
#1801=LINE('',#11811,#2455);
#1802=LINE('',#11814,#2456);
#1803=LINE('',#11816,#2457);
#1804=LINE('',#11817,#2458);
#1805=LINE('',#11819,#2459);
#1806=LINE('',#11820,#2460);
#1807=LINE('',#11823,#2461);
#1808=LINE('',#11824,#2462);
#1809=LINE('',#11830,#2463);
#1810=LINE('',#11832,#2464);
#1811=LINE('',#11834,#2465);
#1812=LINE('',#11835,#2466);
#1813=LINE('',#11838,#2467);
#1814=LINE('',#11840,#2468);
#1815=LINE('',#11841,#2469);
#1816=LINE('',#11844,#2470);
#1817=LINE('',#11846,#2471);
#1818=LINE('',#11847,#2472);
#1819=LINE('',#11849,#2473);
#1820=LINE('',#11851,#2474);
#1821=VECTOR('',#6551,1.75);
#1822=VECTOR('',#6560,2.25);
#1823=VECTOR('',#6567,12.);
#1824=VECTOR('',#6578,1.5);
#1825=VECTOR('',#6587,2.05);
#1826=VECTOR('',#6596,13.5);
#1827=VECTOR('',#6603,10.);
#1828=VECTOR('',#6604,10.);
#1829=VECTOR('',#6605,10.);
#1830=VECTOR('',#6606,10.);
#1831=VECTOR('',#6607,10.);
#1832=VECTOR('',#6608,10.);
#1833=VECTOR('',#6611,10.);
#1834=VECTOR('',#6612,10.);
#1835=VECTOR('',#6613,10.);
#1836=VECTOR('',#6614,10.);
#1837=VECTOR('',#6617,10.);
#1838=VECTOR('',#6618,10.);
#1839=VECTOR('',#6619,10.);
#1840=VECTOR('',#6622,10.);
#1841=VECTOR('',#6623,10.);
#1842=VECTOR('',#6624,10.);
#1843=VECTOR('',#6627,10.);
#1844=VECTOR('',#6628,10.);
#1845=VECTOR('',#6629,10.);
#1846=VECTOR('',#6632,10.);
#1847=VECTOR('',#6633,10.);
#1848=VECTOR('',#6634,10.);
#1849=VECTOR('',#6637,10.);
#1850=VECTOR('',#6638,10.);
#1851=VECTOR('',#6643,10.);
#1852=VECTOR('',#6644,10.);
#1853=VECTOR('',#6645,10.);
#1854=VECTOR('',#6648,10.);
#1855=VECTOR('',#6649,10.);
#1856=VECTOR('',#6652,10.);
#1857=VECTOR('',#6653,10.);
#1858=VECTOR('',#6656,10.);
#1859=VECTOR('',#6657,10.);
#1860=VECTOR('',#6660,10.);
#1861=VECTOR('',#6661,10.);
#1862=VECTOR('',#6664,10.);
#1863=VECTOR('',#6675,3.5);
#1864=VECTOR('',#6680,10.2);
#1865=VECTOR('',#6685,10.);
#1866=VECTOR('',#6686,10.);
#1867=VECTOR('',#6687,10.);
#1868=VECTOR('',#6688,10.);
#1869=VECTOR('',#6689,10.);
#1870=VECTOR('',#6690,10.);
#1871=VECTOR('',#6697,10.);
#1872=VECTOR('',#6698,10.);
#1873=VECTOR('',#6699,10.);
#1874=VECTOR('',#6700,10.);
#1875=VECTOR('',#6701,10.);
#1876=VECTOR('',#6702,10.);
#1877=VECTOR('',#6705,10.);
#1878=VECTOR('',#6706,10.);
#1879=VECTOR('',#6707,10.);
#1880=VECTOR('',#6708,10.);
#1881=VECTOR('',#6711,10.);
#1882=VECTOR('',#6712,10.);
#1883=VECTOR('',#6727,10.);
#1884=VECTOR('',#6728,10.);
#1885=VECTOR('',#6737,10.);
#1886=VECTOR('',#6740,10.);
#1887=VECTOR('',#6743,10.);
#1888=VECTOR('',#6744,10.);
#1889=VECTOR('',#6745,10.);
#1890=VECTOR('',#6748,1.49999999999999);
#1891=VECTOR('',#6751,1.5);
#1892=VECTOR('',#6754,10.);
#1893=VECTOR('',#6757,10.);
#1894=VECTOR('',#6758,10.);
#1895=VECTOR('',#6779,5.15);
#1896=VECTOR('',#6802,7.36);
#1897=VECTOR('',#6807,5.15);
#1898=VECTOR('',#6814,6.18);
#1899=VECTOR('',#6823,8.68);
#1900=VECTOR('',#6832,10.375);
#1901=VECTOR('',#6839,10.);
#1902=VECTOR('',#6840,10.);
#1903=VECTOR('',#6841,10.);
#1904=VECTOR('',#6842,10.);
#1905=VECTOR('',#6843,10.);
#1906=VECTOR('',#6844,10.);
#1907=VECTOR('',#6849,10.);
#1908=VECTOR('',#6850,10.);
#1909=VECTOR('',#6851,10.);
#1910=VECTOR('',#6854,10.);
#1911=VECTOR('',#6855,10.);
#1912=VECTOR('',#6858,10.);
#1913=VECTOR('',#6859,10.);
#1914=VECTOR('',#6862,10.);
#1915=VECTOR('',#6863,10.);
#1916=VECTOR('',#6866,10.);
#1917=VECTOR('',#6867,10.);
#1918=VECTOR('',#6870,10.);
#1919=VECTOR('',#6875,9.);
#1920=VECTOR('',#6884,10.);
#1921=VECTOR('',#6887,10.);
#1922=VECTOR('',#6892,10.);
#1923=VECTOR('',#6895,10.);
#1924=VECTOR('',#6900,10.);
#1925=VECTOR('',#6903,10.);
#1926=VECTOR('',#6908,10.);
#1927=VECTOR('',#6911,10.);
#1928=VECTOR('',#6916,10.);
#1929=VECTOR('',#6919,10.);
#1930=VECTOR('',#6924,10.);
#1931=VECTOR('',#6927,10.);
#1932=VECTOR('',#6930,10.);
#1933=VECTOR('',#6931,10.);
#1934=VECTOR('',#6932,10.);
#1935=VECTOR('',#6937,10.);
#1936=VECTOR('',#6940,10.);
#1937=VECTOR('',#6941,10.);
#1938=VECTOR('',#6946,10.);
#1939=VECTOR('',#6949,10.);
#1940=VECTOR('',#6950,10.);
#1941=VECTOR('',#6955,10.);
#1942=VECTOR('',#6958,10.);
#1943=VECTOR('',#6959,10.);
#1944=VECTOR('',#6964,10.);
#1945=VECTOR('',#6967,10.);
#1946=VECTOR('',#6968,10.);
#1947=VECTOR('',#6973,10.);
#1948=VECTOR('',#6976,10.);
#1949=VECTOR('',#6977,10.);
#1950=VECTOR('',#6986,13.5);
#1951=VECTOR('',#6993,14.5);
#1952=VECTOR('',#7002,5.15);
#1953=VECTOR('',#7021,5.15);
#1954=VECTOR('',#7044,7.36);
#1955=VECTOR('',#7049,5.15);
#1956=VECTOR('',#7056,6.18);
#1957=VECTOR('',#7065,8.68);
#1958=VECTOR('',#7074,10.375);
#1959=VECTOR('',#7081,10.);
#1960=VECTOR('',#7082,10.);
#1961=VECTOR('',#7083,10.);
#1962=VECTOR('',#7084,10.);
#1963=VECTOR('',#7085,10.);
#1964=VECTOR('',#7086,10.);
#1965=VECTOR('',#7091,10.);
#1966=VECTOR('',#7092,10.);
#1967=VECTOR('',#7093,10.);
#1968=VECTOR('',#7096,10.);
#1969=VECTOR('',#7097,10.);
#1970=VECTOR('',#7100,10.);
#1971=VECTOR('',#7101,10.);
#1972=VECTOR('',#7104,10.);
#1973=VECTOR('',#7105,10.);
#1974=VECTOR('',#7108,10.);
#1975=VECTOR('',#7109,10.);
#1976=VECTOR('',#7112,10.);
#1977=VECTOR('',#7117,9.);
#1978=VECTOR('',#7126,10.);
#1979=VECTOR('',#7129,10.);
#1980=VECTOR('',#7134,10.);
#1981=VECTOR('',#7137,10.);
#1982=VECTOR('',#7142,10.);
#1983=VECTOR('',#7145,10.);
#1984=VECTOR('',#7150,10.);
#1985=VECTOR('',#7153,10.);
#1986=VECTOR('',#7158,10.);
#1987=VECTOR('',#7161,10.);
#1988=VECTOR('',#7166,10.);
#1989=VECTOR('',#7169,10.);
#1990=VECTOR('',#7172,10.);
#1991=VECTOR('',#7173,10.);
#1992=VECTOR('',#7174,10.);
#1993=VECTOR('',#7179,10.);
#1994=VECTOR('',#7182,10.);
#1995=VECTOR('',#7183,10.);
#1996=VECTOR('',#7188,10.);
#1997=VECTOR('',#7191,10.);
#1998=VECTOR('',#7192,10.);
#1999=VECTOR('',#7197,10.);
#2000=VECTOR('',#7200,10.);
#2001=VECTOR('',#7201,10.);
#2002=VECTOR('',#7206,10.);
#2003=VECTOR('',#7209,10.);
#2004=VECTOR('',#7210,10.);
#2005=VECTOR('',#7215,10.);
#2006=VECTOR('',#7218,10.);
#2007=VECTOR('',#7219,10.);
#2008=VECTOR('',#7228,13.5);
#2009=VECTOR('',#7235,14.5);
#2010=VECTOR('',#7244,5.15);
#2011=VECTOR('',#7247,10.);
#2012=VECTOR('',#7248,10.);
#2013=VECTOR('',#7249,10.);
#2014=VECTOR('',#7250,10.);
#2015=VECTOR('',#7251,10.);
#2016=VECTOR('',#7252,10.);
#2017=VECTOR('',#7255,10.);
#2018=VECTOR('',#7256,10.);
#2019=VECTOR('',#7257,10.);
#2020=VECTOR('',#7258,10.);
#2021=VECTOR('',#7261,10.);
#2022=VECTOR('',#7262,10.);
#2023=VECTOR('',#7263,10.);
#2024=VECTOR('',#7266,10.);
#2025=VECTOR('',#7267,10.);
#2026=VECTOR('',#7268,10.);
#2027=VECTOR('',#7271,10.);
#2028=VECTOR('',#7272,10.);
#2029=VECTOR('',#7273,10.);
#2030=VECTOR('',#7276,10.);
#2031=VECTOR('',#7277,10.);
#2032=VECTOR('',#7278,10.);
#2033=VECTOR('',#7281,10.);
#2034=VECTOR('',#7282,10.);
#2035=VECTOR('',#7287,10.);
#2036=VECTOR('',#7288,10.);
#2037=VECTOR('',#7289,10.);
#2038=VECTOR('',#7292,10.);
#2039=VECTOR('',#7293,10.);
#2040=VECTOR('',#7296,10.);
#2041=VECTOR('',#7297,10.);
#2042=VECTOR('',#7300,10.);
#2043=VECTOR('',#7301,10.);
#2044=VECTOR('',#7304,10.);
#2045=VECTOR('',#7305,10.);
#2046=VECTOR('',#7308,10.);
#2047=VECTOR('',#7319,3.5);
#2048=VECTOR('',#7324,10.2);
#2049=VECTOR('',#7329,10.);
#2050=VECTOR('',#7330,10.);
#2051=VECTOR('',#7331,10.);
#2052=VECTOR('',#7332,10.);
#2053=VECTOR('',#7333,10.);
#2054=VECTOR('',#7334,10.);
#2055=VECTOR('',#7341,10.);
#2056=VECTOR('',#7342,10.);
#2057=VECTOR('',#7343,10.);
#2058=VECTOR('',#7344,10.);
#2059=VECTOR('',#7345,10.);
#2060=VECTOR('',#7346,10.);
#2061=VECTOR('',#7349,10.);
#2062=VECTOR('',#7350,10.);
#2063=VECTOR('',#7351,10.);
#2064=VECTOR('',#7352,10.);
#2065=VECTOR('',#7355,10.);
#2066=VECTOR('',#7356,10.);
#2067=VECTOR('',#7371,10.);
#2068=VECTOR('',#7372,10.);
#2069=VECTOR('',#7381,10.);
#2070=VECTOR('',#7384,10.);
#2071=VECTOR('',#7387,10.);
#2072=VECTOR('',#7388,10.);
#2073=VECTOR('',#7389,10.);
#2074=VECTOR('',#7392,1.49999999999999);
#2075=VECTOR('',#7395,1.5);
#2076=VECTOR('',#7398,10.);
#2077=VECTOR('',#7401,10.);
#2078=VECTOR('',#7402,10.);
#2079=VECTOR('',#7407,10.);
#2080=VECTOR('',#7408,10.);
#2081=VECTOR('',#7409,10.);
#2082=VECTOR('',#7410,10.);
#2083=VECTOR('',#7413,10.);
#2084=VECTOR('',#7414,10.);
#2085=VECTOR('',#7415,10.);
#2086=VECTOR('',#7418,10.);
#2087=VECTOR('',#7419,10.);
#2088=VECTOR('',#7420,10.);
#2089=VECTOR('',#7421,10.);
#2090=VECTOR('',#7424,10.);
#2091=VECTOR('',#7425,10.);
#2092=VECTOR('',#7426,10.);
#2093=VECTOR('',#7427,10.);
#2094=VECTOR('',#7430,10.);
#2095=VECTOR('',#7431,10.);
#2096=VECTOR('',#7432,10.);
#2097=VECTOR('',#7435,10.);
#2098=VECTOR('',#7436,10.);
#2099=VECTOR('',#7437,10.);
#2100=VECTOR('',#7438,10.);
#2101=VECTOR('',#7441,10.);
#2102=VECTOR('',#7442,10.);
#2103=VECTOR('',#7445,10.);
#2104=VECTOR('',#7446,10.);
#2105=VECTOR('',#7449,10.);
#2106=VECTOR('',#7450,10.);
#2107=VECTOR('',#7451,10.);
#2108=VECTOR('',#7452,10.);
#2109=VECTOR('',#7455,10.);
#2110=VECTOR('',#7456,10.);
#2111=VECTOR('',#7457,10.);
#2112=VECTOR('',#7460,10.);
#2113=VECTOR('',#7461,10.);
#2114=VECTOR('',#7462,10.);
#2115=VECTOR('',#7465,10.);
#2116=VECTOR('',#7466,10.);
#2117=VECTOR('',#7471,10.);
#2118=VECTOR('',#7472,10.);
#2119=VECTOR('',#7473,10.);
#2120=VECTOR('',#7474,10.);
#2121=VECTOR('',#7477,10.);
#2122=VECTOR('',#7478,10.);
#2123=VECTOR('',#7479,10.);
#2124=VECTOR('',#7482,10.);
#2125=VECTOR('',#7483,10.);
#2126=VECTOR('',#7484,10.);
#2127=VECTOR('',#7487,10.);
#2128=VECTOR('',#7488,10.);
#2129=VECTOR('',#7493,10.);
#2130=VECTOR('',#7494,10.);
#2131=VECTOR('',#7495,10.);
#2132=VECTOR('',#7496,10.);
#2133=VECTOR('',#7499,10.);
#2134=VECTOR('',#7500,10.);
#2135=VECTOR('',#7501,10.);
#2136=VECTOR('',#7504,10.);
#2137=VECTOR('',#7505,10.);
#2138=VECTOR('',#7506,10.);
#2139=VECTOR('',#7509,10.);
#2140=VECTOR('',#7510,10.);
#2141=VECTOR('',#7515,10.);
#2142=VECTOR('',#7516,10.);
#2143=VECTOR('',#7517,10.);
#2144=VECTOR('',#7518,10.);
#2145=VECTOR('',#7521,10.);
#2146=VECTOR('',#7522,10.);
#2147=VECTOR('',#7523,10.);
#2148=VECTOR('',#7526,10.);
#2149=VECTOR('',#7527,10.);
#2150=VECTOR('',#7528,10.);
#2151=VECTOR('',#7531,10.);
#2152=VECTOR('',#7532,10.);
#2153=VECTOR('',#7537,10.);
#2154=VECTOR('',#7538,10.);
#2155=VECTOR('',#7539,10.);
#2156=VECTOR('',#7540,10.);
#2157=VECTOR('',#7543,10.);
#2158=VECTOR('',#7544,10.);
#2159=VECTOR('',#7545,10.);
#2160=VECTOR('',#7548,10.);
#2161=VECTOR('',#7549,10.);
#2162=VECTOR('',#7550,10.);
#2163=VECTOR('',#7553,10.);
#2164=VECTOR('',#7554,10.);
#2165=VECTOR('',#7559,10.);
#2166=VECTOR('',#7560,10.);
#2167=VECTOR('',#7561,10.);
#2168=VECTOR('',#7562,10.);
#2169=VECTOR('',#7565,10.);
#2170=VECTOR('',#7566,10.);
#2171=VECTOR('',#7567,10.);
#2172=VECTOR('',#7570,10.);
#2173=VECTOR('',#7571,10.);
#2174=VECTOR('',#7572,10.);
#2175=VECTOR('',#7575,10.);
#2176=VECTOR('',#7576,10.);
#2177=VECTOR('',#7581,10.);
#2178=VECTOR('',#7582,10.);
#2179=VECTOR('',#7583,10.);
#2180=VECTOR('',#7584,10.);
#2181=VECTOR('',#7587,10.);
#2182=VECTOR('',#7588,10.);
#2183=VECTOR('',#7589,10.);
#2184=VECTOR('',#7590,10.);
#2185=VECTOR('',#7593,10.);
#2186=VECTOR('',#7594,10.);
#2187=VECTOR('',#7595,10.);
#2188=VECTOR('',#7596,10.);
#2189=VECTOR('',#7599,10.);
#2190=VECTOR('',#7600,10.);
#2191=VECTOR('',#7601,10.);
#2192=VECTOR('',#7604,10.);
#2193=VECTOR('',#7605,10.);
#2194=VECTOR('',#7608,10.);
#2195=VECTOR('',#7609,10.);
#2196=VECTOR('',#7612,10.);
#2197=VECTOR('',#7615,10.);
#2198=VECTOR('',#7616,10.);
#2199=VECTOR('',#7617,10.);
#2200=VECTOR('',#7620,10.);
#2201=VECTOR('',#7623,10.);
#2202=VECTOR('',#7626,10.);
#2203=VECTOR('',#7627,10.);
#2204=VECTOR('',#7628,10.);
#2205=VECTOR('',#7631,10.);
#2206=VECTOR('',#7632,10.);
#2207=VECTOR('',#7635,10.);
#2208=VECTOR('',#7636,10.);
#2209=VECTOR('',#7639,10.);
#2210=VECTOR('',#7642,10.);
#2211=VECTOR('',#7643,10.);
#2212=VECTOR('',#7644,10.);
#2213=VECTOR('',#7647,10.);
#2214=VECTOR('',#7650,10.);
#2215=VECTOR('',#7653,10.);
#2216=VECTOR('',#7654,10.);
#2217=VECTOR('',#7655,10.);
#2218=VECTOR('',#7658,10.);
#2219=VECTOR('',#7659,10.);
#2220=VECTOR('',#7662,10.);
#2221=VECTOR('',#7663,10.);
#2222=VECTOR('',#7666,10.);
#2223=VECTOR('',#7669,10.);
#2224=VECTOR('',#7670,10.);
#2225=VECTOR('',#7671,10.);
#2226=VECTOR('',#7672,10.);
#2227=VECTOR('',#7675,10.);
#2228=VECTOR('',#7676,10.);
#2229=VECTOR('',#7677,10.);
#2230=VECTOR('',#7680,10.);
#2231=VECTOR('',#7681,10.);
#2232=VECTOR('',#7682,10.);
#2233=VECTOR('',#7685,10.);
#2234=VECTOR('',#7686,10.);
#2235=VECTOR('',#7693,10.);
#2236=VECTOR('',#7694,10.);
#2237=VECTOR('',#7695,10.);
#2238=VECTOR('',#7696,10.);
#2239=VECTOR('',#7699,10.);
#2240=VECTOR('',#7700,10.);
#2241=VECTOR('',#7701,10.);
#2242=VECTOR('',#7704,10.);
#2243=VECTOR('',#7705,10.);
#2244=VECTOR('',#7706,10.);
#2245=VECTOR('',#7707,10.);
#2246=VECTOR('',#7710,10.);
#2247=VECTOR('',#7711,10.);
#2248=VECTOR('',#7712,10.);
#2249=VECTOR('',#7713,10.);
#2250=VECTOR('',#7716,10.);
#2251=VECTOR('',#7717,10.);
#2252=VECTOR('',#7718,10.);
#2253=VECTOR('',#7721,10.);
#2254=VECTOR('',#7722,10.);
#2255=VECTOR('',#7723,10.);
#2256=VECTOR('',#7724,10.);
#2257=VECTOR('',#7727,10.);
#2258=VECTOR('',#7728,10.);
#2259=VECTOR('',#7731,10.);
#2260=VECTOR('',#7732,10.);
#2261=VECTOR('',#7735,10.);
#2262=VECTOR('',#7736,10.);
#2263=VECTOR('',#7737,10.);
#2264=VECTOR('',#7738,10.);
#2265=VECTOR('',#7741,10.);
#2266=VECTOR('',#7742,10.);
#2267=VECTOR('',#7743,10.);
#2268=VECTOR('',#7746,10.);
#2269=VECTOR('',#7747,10.);
#2270=VECTOR('',#7748,10.);
#2271=VECTOR('',#7751,10.);
#2272=VECTOR('',#7752,10.);
#2273=VECTOR('',#7757,10.);
#2274=VECTOR('',#7758,10.);
#2275=VECTOR('',#7759,10.);
#2276=VECTOR('',#7760,10.);
#2277=VECTOR('',#7763,10.);
#2278=VECTOR('',#7764,10.);
#2279=VECTOR('',#7765,10.);
#2280=VECTOR('',#7768,10.);
#2281=VECTOR('',#7769,10.);
#2282=VECTOR('',#7770,10.);
#2283=VECTOR('',#7773,10.);
#2284=VECTOR('',#7774,10.);
#2285=VECTOR('',#7779,10.);
#2286=VECTOR('',#7780,10.);
#2287=VECTOR('',#7781,10.);
#2288=VECTOR('',#7782,10.);
#2289=VECTOR('',#7785,10.);
#2290=VECTOR('',#7786,10.);
#2291=VECTOR('',#7787,10.);
#2292=VECTOR('',#7790,10.);
#2293=VECTOR('',#7791,10.);
#2294=VECTOR('',#7792,10.);
#2295=VECTOR('',#7795,10.);
#2296=VECTOR('',#7796,10.);
#2297=VECTOR('',#7801,10.);
#2298=VECTOR('',#7802,10.);
#2299=VECTOR('',#7803,10.);
#2300=VECTOR('',#7804,10.);
#2301=VECTOR('',#7807,10.);
#2302=VECTOR('',#7808,10.);
#2303=VECTOR('',#7809,10.);
#2304=VECTOR('',#7812,10.);
#2305=VECTOR('',#7813,10.);
#2306=VECTOR('',#7814,10.);
#2307=VECTOR('',#7817,10.);
#2308=VECTOR('',#7818,10.);
#2309=VECTOR('',#7823,10.);
#2310=VECTOR('',#7824,10.);
#2311=VECTOR('',#7825,10.);
#2312=VECTOR('',#7826,10.);
#2313=VECTOR('',#7829,10.);
#2314=VECTOR('',#7830,10.);
#2315=VECTOR('',#7831,10.);
#2316=VECTOR('',#7834,10.);
#2317=VECTOR('',#7835,10.);
#2318=VECTOR('',#7836,10.);
#2319=VECTOR('',#7839,10.);
#2320=VECTOR('',#7840,10.);
#2321=VECTOR('',#7845,10.);
#2322=VECTOR('',#7846,10.);
#2323=VECTOR('',#7847,10.);
#2324=VECTOR('',#7848,10.);
#2325=VECTOR('',#7851,10.);
#2326=VECTOR('',#7852,10.);
#2327=VECTOR('',#7853,10.);
#2328=VECTOR('',#7856,10.);
#2329=VECTOR('',#7857,10.);
#2330=VECTOR('',#7858,10.);
#2331=VECTOR('',#7861,10.);
#2332=VECTOR('',#7862,10.);
#2333=VECTOR('',#7867,10.);
#2334=VECTOR('',#7868,10.);
#2335=VECTOR('',#7869,10.);
#2336=VECTOR('',#7870,10.);
#2337=VECTOR('',#7873,10.);
#2338=VECTOR('',#7874,10.);
#2339=VECTOR('',#7875,10.);
#2340=VECTOR('',#7876,10.);
#2341=VECTOR('',#7879,10.);
#2342=VECTOR('',#7880,10.);
#2343=VECTOR('',#7881,10.);
#2344=VECTOR('',#7882,10.);
#2345=VECTOR('',#7885,10.);
#2346=VECTOR('',#7886,10.);
#2347=VECTOR('',#7887,10.);
#2348=VECTOR('',#7890,10.);
#2349=VECTOR('',#7891,10.);
#2350=VECTOR('',#7894,10.);
#2351=VECTOR('',#7895,10.);
#2352=VECTOR('',#7898,10.);
#2353=VECTOR('',#7901,10.);
#2354=VECTOR('',#7902,10.);
#2355=VECTOR('',#7903,10.);
#2356=VECTOR('',#7906,10.);
#2357=VECTOR('',#7909,10.);
#2358=VECTOR('',#7912,10.);
#2359=VECTOR('',#7913,10.);
#2360=VECTOR('',#7914,10.);
#2361=VECTOR('',#7917,10.);
#2362=VECTOR('',#7918,10.);
#2363=VECTOR('',#7921,10.);
#2364=VECTOR('',#7922,10.);
#2365=VECTOR('',#7925,10.);
#2366=VECTOR('',#7928,10.);
#2367=VECTOR('',#7929,10.);
#2368=VECTOR('',#7930,10.);
#2369=VECTOR('',#7933,10.);
#2370=VECTOR('',#7936,10.);
#2371=VECTOR('',#7939,10.);
#2372=VECTOR('',#7940,10.);
#2373=VECTOR('',#7941,10.);
#2374=VECTOR('',#7944,10.);
#2375=VECTOR('',#7945,10.);
#2376=VECTOR('',#7948,10.);
#2377=VECTOR('',#7949,10.);
#2378=VECTOR('',#7952,10.);
#2379=VECTOR('',#7955,10.);
#2380=VECTOR('',#7956,10.);
#2381=VECTOR('',#7957,10.);
#2382=VECTOR('',#7958,10.);
#2383=VECTOR('',#7961,10.);
#2384=VECTOR('',#7962,10.);
#2385=VECTOR('',#7963,10.);
#2386=VECTOR('',#7966,10.);
#2387=VECTOR('',#7967,10.);
#2388=VECTOR('',#7968,10.);
#2389=VECTOR('',#7971,10.);
#2390=VECTOR('',#7972,10.);
#2391=VECTOR('',#7979,10.);
#2392=VECTOR('',#7980,10.);
#2393=VECTOR('',#7981,10.);
#2394=VECTOR('',#7982,10.);
#2395=VECTOR('',#7983,10.);
#2396=VECTOR('',#7984,10.);
#2397=VECTOR('',#7985,10.);
#2398=VECTOR('',#7986,10.);
#2399=VECTOR('',#7989,10.);
#2400=VECTOR('',#7990,10.);
#2401=VECTOR('',#7991,10.);
#2402=VECTOR('',#7994,10.);
#2403=VECTOR('',#7995,10.);
#2404=VECTOR('',#7998,10.);
#2405=VECTOR('',#7999,10.);
#2406=VECTOR('',#8000,10.);
#2407=VECTOR('',#8001,10.);
#2408=VECTOR('',#8002,10.);
#2409=VECTOR('',#8003,10.);
#2410=VECTOR('',#8004,10.);
#2411=VECTOR('',#8005,10.);
#2412=VECTOR('',#8006,10.);
#2413=VECTOR('',#8007,10.);
#2414=VECTOR('',#8010,10.);
#2415=VECTOR('',#8015,10.);
#2416=VECTOR('',#8016,10.);
#2417=VECTOR('',#8017,10.);
#2418=VECTOR('',#8020,10.);
#2419=VECTOR('',#8021,10.);
#2420=VECTOR('',#8022,10.);
#2421=VECTOR('',#8025,10.);
#2422=VECTOR('',#8026,10.);
#2423=VECTOR('',#8027,10.);
#2424=VECTOR('',#8030,10.);
#2425=VECTOR('',#8031,10.);
#2426=VECTOR('',#8034,10.);
#2427=VECTOR('',#8035,10.);
#2428=VECTOR('',#8038,10.);
#2429=VECTOR('',#8039,10.);
#2430=VECTOR('',#8042,10.);
#2431=VECTOR('',#8043,10.);
#2432=VECTOR('',#8046,10.);
#2433=VECTOR('',#8047,10.);
#2434=VECTOR('',#8050,10.);
#2435=VECTOR('',#8051,10.);
#2436=VECTOR('',#8054,10.);
#2437=VECTOR('',#8057,10.);
#2438=VECTOR('',#8062,10.);
#2439=VECTOR('',#8063,10.);
#2440=VECTOR('',#8064,10.);
#2441=VECTOR('',#8065,10.);
#2442=VECTOR('',#8068,10.);
#2443=VECTOR('',#8069,10.);
#2444=VECTOR('',#8070,10.);
#2445=VECTOR('',#8073,10.);
#2446=VECTOR('',#8074,10.);
#2447=VECTOR('',#8075,10.);
#2448=VECTOR('',#8078,10.);
#2449=VECTOR('',#8081,10.);
#2450=VECTOR('',#8082,10.);
#2451=VECTOR('',#8083,10.);
#2452=VECTOR('',#8084,10.);
#2453=VECTOR('',#8087,10.);
#2454=VECTOR('',#8088,10.);
#2455=VECTOR('',#8089,10.);
#2456=VECTOR('',#8092,10.);
#2457=VECTOR('',#8093,10.);
#2458=VECTOR('',#8094,10.);
#2459=VECTOR('',#8097,10.);
#2460=VECTOR('',#8098,10.);
#2461=VECTOR('',#8103,10.);
#2462=VECTOR('',#8104,10.);
#2463=VECTOR('',#8111,10.);
#2464=VECTOR('',#8112,10.);
#2465=VECTOR('',#8113,10.);
#2466=VECTOR('',#8114,10.);
#2467=VECTOR('',#8117,10.);
#2468=VECTOR('',#8118,10.);
#2469=VECTOR('',#8119,10.);
#2470=VECTOR('',#8122,10.);
#2471=VECTOR('',#8123,10.);
#2472=VECTOR('',#8124,10.);
#2473=VECTOR('',#8127,10.);
#2474=VECTOR('',#8130,10.);
#2475=CIRCLE('',#6080,1.75);
#2476=CIRCLE('',#6081,1.75);
#2477=CIRCLE('',#6084,2.25);
#2478=CIRCLE('',#6087,12.);
#2479=CIRCLE('',#6088,12.);
#2480=CIRCLE('',#6090,13.5);
#2481=CIRCLE('',#6092,1.5);
#2482=CIRCLE('',#6093,1.5);
#2483=CIRCLE('',#6096,2.05);
#2484=CIRCLE('',#6097,2.05);
#2485=CIRCLE('',#6100,13.5);
#2486=CIRCLE('',#6118,10.2);
#2487=CIRCLE('',#6119,3.5);
#2488=CIRCLE('',#6121,3.5);
#2489=CIRCLE('',#6124,10.2);
#2490=CIRCLE('',#6126,1.5);
#2491=CIRCLE('',#6127,1.49999999999999);
#2492=CIRCLE('',#6132,1.5);
#2493=CIRCLE('',#6134,1.49999999999999);
#2494=CIRCLE('',#6136,10.25);
#2495=CIRCLE('',#6138,10.25);
#2496=CIRCLE('',#6140,10.25);
#2497=CIRCLE('',#6142,10.25);
#2498=CIRCLE('',#6149,5.);
#2499=CIRCLE('',#6150,5.15);
#2500=CIRCLE('',#6151,5.);
#2501=CIRCLE('',#6152,0.149999999999999);
#2502=CIRCLE('',#6158,5.15);
#2503=CIRCLE('',#6162,5.15);
#2504=CIRCLE('',#6165,7.36);
#2505=CIRCLE('',#6166,5.15);
#2506=CIRCLE('',#6168,7.36);
#2507=CIRCLE('',#6171,5.15);
#2508=CIRCLE('',#6173,6.18);
#2509=CIRCLE('',#6174,6.18);
#2510=CIRCLE('',#6177,8.68);
#2511=CIRCLE('',#6178,8.68);
#2512=CIRCLE('',#6181,10.375);
#2513=CIRCLE('',#6182,10.375);
#2514=CIRCLE('',#6185,9.);
#2515=CIRCLE('',#6194,9.);
#2516=CIRCLE('',#6196,13.5);
#2517=CIRCLE('',#6197,13.5);
#2518=CIRCLE('',#6198,14.5);
#2519=CIRCLE('',#6200,13.5);
#2520=CIRCLE('',#6201,14.5);
#2521=CIRCLE('',#6203,13.5);
#2522=CIRCLE('',#6204,14.5);
#2523=CIRCLE('',#6206,13.5);
#2524=CIRCLE('',#6207,14.5);
#2525=CIRCLE('',#6209,13.5);
#2526=CIRCLE('',#6210,14.5);
#2527=CIRCLE('',#6212,13.5);
#2528=CIRCLE('',#6213,14.5);
#2529=CIRCLE('',#6216,14.5);
#2530=CIRCLE('',#6219,14.5);
#2531=CIRCLE('',#6222,14.5);
#2532=CIRCLE('',#6225,14.5);
#2533=CIRCLE('',#6228,14.5);
#2534=CIRCLE('',#6231,14.5);
#2535=CIRCLE('',#6234,13.5);
#2536=CIRCLE('',#6236,14.5);
#2537=CIRCLE('',#6237,14.5);
#2538=CIRCLE('',#6241,5.);
#2539=CIRCLE('',#6242,5.15);
#2540=CIRCLE('',#6243,5.);
#2541=CIRCLE('',#6244,0.149999999999999);
#2542=CIRCLE('',#6250,5.15);
#2543=CIRCLE('',#6254,5.15);
#2544=CIRCLE('',#6257,7.36);
#2545=CIRCLE('',#6258,5.15);
#2546=CIRCLE('',#6260,7.36);
#2547=CIRCLE('',#6263,5.15);
#2548=CIRCLE('',#6265,6.18);
#2549=CIRCLE('',#6266,6.18);
#2550=CIRCLE('',#6269,8.68);
#2551=CIRCLE('',#6270,8.68);
#2552=CIRCLE('',#6273,10.375);
#2553=CIRCLE('',#6274,10.375);
#2554=CIRCLE('',#6277,9.);
#2555=CIRCLE('',#6286,9.);
#2556=CIRCLE('',#6288,13.5);
#2557=CIRCLE('',#6289,13.5);
#2558=CIRCLE('',#6290,14.5);
#2559=CIRCLE('',#6292,13.5);
#2560=CIRCLE('',#6293,14.5);
#2561=CIRCLE('',#6295,13.5);
#2562=CIRCLE('',#6296,14.5);
#2563=CIRCLE('',#6298,13.5);
#2564=CIRCLE('',#6299,14.5);
#2565=CIRCLE('',#6301,13.5);
#2566=CIRCLE('',#6302,14.5);
#2567=CIRCLE('',#6304,13.5);
#2568=CIRCLE('',#6305,14.5);
#2569=CIRCLE('',#6308,14.5);
#2570=CIRCLE('',#6311,14.5);
#2571=CIRCLE('',#6314,14.5);
#2572=CIRCLE('',#6317,14.5);
#2573=CIRCLE('',#6320,14.5);
#2574=CIRCLE('',#6323,14.5);
#2575=CIRCLE('',#6326,13.5);
#2576=CIRCLE('',#6328,14.5);
#2577=CIRCLE('',#6329,14.5);
#2578=CIRCLE('',#6348,10.2);
#2579=CIRCLE('',#6349,3.5);
#2580=CIRCLE('',#6351,3.5);
#2581=CIRCLE('',#6354,10.2);
#2582=CIRCLE('',#6356,1.5);
#2583=CIRCLE('',#6357,1.49999999999999);
#2584=CIRCLE('',#6362,1.5);
#2585=CIRCLE('',#6364,1.49999999999999);
#2586=CIRCLE('',#6366,10.25);
#2587=CIRCLE('',#6368,10.25);
#2588=CIRCLE('',#6370,10.25);
#2589=CIRCLE('',#6372,10.25);
#2590=VERTEX_POINT('',#8135);
#2591=VERTEX_POINT('',#8137);
#2592=VERTEX_POINT('',#8142);
#2593=VERTEX_POINT('',#8144);
#2594=VERTEX_POINT('',#8146);
#2595=VERTEX_POINT('',#8185);
#2596=VERTEX_POINT('',#8187);
#2597=VERTEX_POINT('',#8191);
#2598=VERTEX_POINT('',#8194);
#2599=VERTEX_POINT('',#8196);
#2600=VERTEX_POINT('',#8201);
#2601=VERTEX_POINT('',#8203);
#2602=VERTEX_POINT('',#8208);
#2603=VERTEX_POINT('',#8214);
#2604=VERTEX_POINT('',#8215);
#2605=VERTEX_POINT('',#8217);
#2606=VERTEX_POINT('',#8219);
#2607=VERTEX_POINT('',#8221);
#2608=VERTEX_POINT('',#8223);
#2609=VERTEX_POINT('',#8227);
#2610=VERTEX_POINT('',#8228);
#2611=VERTEX_POINT('',#8230);
#2612=VERTEX_POINT('',#8232);
#2613=VERTEX_POINT('',#8236);
#2614=VERTEX_POINT('',#8238);
#2615=VERTEX_POINT('',#8242);
#2616=VERTEX_POINT('',#8244);
#2617=VERTEX_POINT('',#8248);
#2618=VERTEX_POINT('',#8250);
#2619=VERTEX_POINT('',#8254);
#2620=VERTEX_POINT('',#8256);
#2621=VERTEX_POINT('',#8264);
#2622=VERTEX_POINT('',#8265);
#2623=VERTEX_POINT('',#8270);
#2624=VERTEX_POINT('',#8274);
#2625=VERTEX_POINT('',#8278);
#2626=VERTEX_POINT('',#8282);
#2627=VERTEX_POINT('',#8288);
#2628=VERTEX_POINT('',#8290);
#2629=VERTEX_POINT('',#8293);
#2630=VERTEX_POINT('',#8298);
#2631=VERTEX_POINT('',#8302);
#2632=VERTEX_POINT('',#8303);
#2633=VERTEX_POINT('',#8305);
#2634=VERTEX_POINT('',#8307);
#2635=VERTEX_POINT('',#8489);
#2636=VERTEX_POINT('',#8491);
#2637=VERTEX_POINT('',#8493);
#2638=VERTEX_POINT('',#8495);
#2639=VERTEX_POINT('',#8747);
#2640=VERTEX_POINT('',#8749);
#2641=VERTEX_POINT('',#8752);
#2642=VERTEX_POINT('',#8754);
#2643=VERTEX_POINT('',#8756);
#2644=VERTEX_POINT('',#8758);
#2645=VERTEX_POINT('',#8871);
#2646=VERTEX_POINT('',#8929);
#2647=VERTEX_POINT('',#8931);
#2648=VERTEX_POINT('',#8933);
#2649=VERTEX_POINT('',#8937);
#2650=VERTEX_POINT('',#8941);
#2651=VERTEX_POINT('',#8944);
#2652=VERTEX_POINT('',#8949);
#2653=VERTEX_POINT('',#8950);
#2654=VERTEX_POINT('',#8952);
#2655=VERTEX_POINT('',#9013);
#2656=VERTEX_POINT('',#9019);
#2657=VERTEX_POINT('',#9021);
#2658=VERTEX_POINT('',#9026);
#2659=VERTEX_POINT('',#9180);
#2660=VERTEX_POINT('',#9181);
#2661=VERTEX_POINT('',#9183);
#2662=VERTEX_POINT('',#9185);
#2663=VERTEX_POINT('',#9268);
#2664=VERTEX_POINT('',#9414);
#2665=VERTEX_POINT('',#9416);
#2666=VERTEX_POINT('',#9418);
#2667=VERTEX_POINT('',#9421);
#2668=VERTEX_POINT('',#9425);
#2669=VERTEX_POINT('',#9429);
#2670=VERTEX_POINT('',#9431);
#2671=VERTEX_POINT('',#9434);
#2672=VERTEX_POINT('',#9439);
#2673=VERTEX_POINT('',#9443);
#2674=VERTEX_POINT('',#9445);
#2675=VERTEX_POINT('',#9450);
#2676=VERTEX_POINT('',#9452);
#2677=VERTEX_POINT('',#9457);
#2678=VERTEX_POINT('',#9459);
#2679=VERTEX_POINT('',#9464);
#2680=VERTEX_POINT('',#9465);
#2681=VERTEX_POINT('',#9467);
#2682=VERTEX_POINT('',#9469);
#2683=VERTEX_POINT('',#9471);
#2684=VERTEX_POINT('',#9473);
#2685=VERTEX_POINT('',#9476);
#2686=VERTEX_POINT('',#9479);
#2687=VERTEX_POINT('',#9481);
#2688=VERTEX_POINT('',#9485);
#2689=VERTEX_POINT('',#9489);
#2690=VERTEX_POINT('',#9493);
#2691=VERTEX_POINT('',#9497);
#2692=VERTEX_POINT('',#9504);
#2693=VERTEX_POINT('',#9508);
#2694=VERTEX_POINT('',#9509);
#2695=VERTEX_POINT('',#9511);
#2696=VERTEX_POINT('',#9513);
#2697=VERTEX_POINT('',#9515);
#2698=VERTEX_POINT('',#9519);
#2699=VERTEX_POINT('',#9521);
#2700=VERTEX_POINT('',#9523);
#2701=VERTEX_POINT('',#9527);
#2702=VERTEX_POINT('',#9529);
#2703=VERTEX_POINT('',#9531);
#2704=VERTEX_POINT('',#9535);
#2705=VERTEX_POINT('',#9537);
#2706=VERTEX_POINT('',#9539);
#2707=VERTEX_POINT('',#9543);
#2708=VERTEX_POINT('',#9545);
#2709=VERTEX_POINT('',#9547);
#2710=VERTEX_POINT('',#9552);
#2711=VERTEX_POINT('',#9554);
#2712=VERTEX_POINT('',#9558);
#2713=VERTEX_POINT('',#9560);
#2714=VERTEX_POINT('',#9564);
#2715=VERTEX_POINT('',#9568);
#2716=VERTEX_POINT('',#9572);
#2717=VERTEX_POINT('',#9576);
#2718=VERTEX_POINT('',#9580);
#2719=VERTEX_POINT('',#9584);
#2720=VERTEX_POINT('',#9588);
#2721=VERTEX_POINT('',#9592);
#2722=VERTEX_POINT('',#9596);
#2723=VERTEX_POINT('',#9600);
#2724=VERTEX_POINT('',#9607);
#2725=VERTEX_POINT('',#9611);
#2726=VERTEX_POINT('',#9613);
#2727=VERTEX_POINT('',#9641);
#2728=VERTEX_POINT('',#9642);
#2729=VERTEX_POINT('',#9644);
#2730=VERTEX_POINT('',#9646);
#2731=VERTEX_POINT('',#9729);
#2732=VERTEX_POINT('',#9875);
#2733=VERTEX_POINT('',#9877);
#2734=VERTEX_POINT('',#9879);
#2735=VERTEX_POINT('',#9882);
#2736=VERTEX_POINT('',#9886);
#2737=VERTEX_POINT('',#9890);
#2738=VERTEX_POINT('',#9892);
#2739=VERTEX_POINT('',#9895);
#2740=VERTEX_POINT('',#9900);
#2741=VERTEX_POINT('',#9904);
#2742=VERTEX_POINT('',#9906);
#2743=VERTEX_POINT('',#9911);
#2744=VERTEX_POINT('',#9913);
#2745=VERTEX_POINT('',#9918);
#2746=VERTEX_POINT('',#9920);
#2747=VERTEX_POINT('',#9925);
#2748=VERTEX_POINT('',#9926);
#2749=VERTEX_POINT('',#9928);
#2750=VERTEX_POINT('',#9930);
#2751=VERTEX_POINT('',#9932);
#2752=VERTEX_POINT('',#9934);
#2753=VERTEX_POINT('',#9937);
#2754=VERTEX_POINT('',#9940);
#2755=VERTEX_POINT('',#9942);
#2756=VERTEX_POINT('',#9946);
#2757=VERTEX_POINT('',#9950);
#2758=VERTEX_POINT('',#9954);
#2759=VERTEX_POINT('',#9958);
#2760=VERTEX_POINT('',#9965);
#2761=VERTEX_POINT('',#9969);
#2762=VERTEX_POINT('',#9970);
#2763=VERTEX_POINT('',#9972);
#2764=VERTEX_POINT('',#9974);
#2765=VERTEX_POINT('',#9976);
#2766=VERTEX_POINT('',#9980);
#2767=VERTEX_POINT('',#9982);
#2768=VERTEX_POINT('',#9984);
#2769=VERTEX_POINT('',#9988);
#2770=VERTEX_POINT('',#9990);
#2771=VERTEX_POINT('',#9992);
#2772=VERTEX_POINT('',#9996);
#2773=VERTEX_POINT('',#9998);
#2774=VERTEX_POINT('',#10000);
#2775=VERTEX_POINT('',#10004);
#2776=VERTEX_POINT('',#10006);
#2777=VERTEX_POINT('',#10008);
#2778=VERTEX_POINT('',#10013);
#2779=VERTEX_POINT('',#10015);
#2780=VERTEX_POINT('',#10019);
#2781=VERTEX_POINT('',#10021);
#2782=VERTEX_POINT('',#10025);
#2783=VERTEX_POINT('',#10029);
#2784=VERTEX_POINT('',#10033);
#2785=VERTEX_POINT('',#10037);
#2786=VERTEX_POINT('',#10041);
#2787=VERTEX_POINT('',#10045);
#2788=VERTEX_POINT('',#10049);
#2789=VERTEX_POINT('',#10053);
#2790=VERTEX_POINT('',#10057);
#2791=VERTEX_POINT('',#10061);
#2792=VERTEX_POINT('',#10068);
#2793=VERTEX_POINT('',#10072);
#2794=VERTEX_POINT('',#10074);
#2795=VERTEX_POINT('',#10082);
#2796=VERTEX_POINT('',#10083);
#2797=VERTEX_POINT('',#10085);
#2798=VERTEX_POINT('',#10087);
#2799=VERTEX_POINT('',#10089);
#2800=VERTEX_POINT('',#10091);
#2801=VERTEX_POINT('',#10095);
#2802=VERTEX_POINT('',#10096);
#2803=VERTEX_POINT('',#10098);
#2804=VERTEX_POINT('',#10100);
#2805=VERTEX_POINT('',#10104);
#2806=VERTEX_POINT('',#10106);
#2807=VERTEX_POINT('',#10110);
#2808=VERTEX_POINT('',#10112);
#2809=VERTEX_POINT('',#10116);
#2810=VERTEX_POINT('',#10118);
#2811=VERTEX_POINT('',#10122);
#2812=VERTEX_POINT('',#10124);
#2813=VERTEX_POINT('',#10132);
#2814=VERTEX_POINT('',#10133);
#2815=VERTEX_POINT('',#10138);
#2816=VERTEX_POINT('',#10142);
#2817=VERTEX_POINT('',#10146);
#2818=VERTEX_POINT('',#10150);
#2819=VERTEX_POINT('',#10156);
#2820=VERTEX_POINT('',#10158);
#2821=VERTEX_POINT('',#10161);
#2822=VERTEX_POINT('',#10166);
#2823=VERTEX_POINT('',#10170);
#2824=VERTEX_POINT('',#10171);
#2825=VERTEX_POINT('',#10173);
#2826=VERTEX_POINT('',#10175);
#2827=VERTEX_POINT('',#10357);
#2828=VERTEX_POINT('',#10359);
#2829=VERTEX_POINT('',#10361);
#2830=VERTEX_POINT('',#10363);
#2831=VERTEX_POINT('',#10615);
#2832=VERTEX_POINT('',#10617);
#2833=VERTEX_POINT('',#10620);
#2834=VERTEX_POINT('',#10622);
#2835=VERTEX_POINT('',#10624);
#2836=VERTEX_POINT('',#10626);
#2837=VERTEX_POINT('',#10739);
#2838=VERTEX_POINT('',#10797);
#2839=VERTEX_POINT('',#10799);
#2840=VERTEX_POINT('',#10801);
#2841=VERTEX_POINT('',#10805);
#2842=VERTEX_POINT('',#10809);
#2843=VERTEX_POINT('',#10812);
#2844=VERTEX_POINT('',#10817);
#2845=VERTEX_POINT('',#10818);
#2846=VERTEX_POINT('',#10820);
#2847=VERTEX_POINT('',#10881);
#2848=VERTEX_POINT('',#10887);
#2849=VERTEX_POINT('',#10889);
#2850=VERTEX_POINT('',#10894);
#2851=VERTEX_POINT('',#11028);
#2852=VERTEX_POINT('',#11029);
#2853=VERTEX_POINT('',#11031);
#2854=VERTEX_POINT('',#11033);
#2855=VERTEX_POINT('',#11037);
#2856=VERTEX_POINT('',#11039);
#2857=VERTEX_POINT('',#11043);
#2858=VERTEX_POINT('',#11045);
#2859=VERTEX_POINT('',#11047);
#2860=VERTEX_POINT('',#11051);
#2861=VERTEX_POINT('',#11052);
#2862=VERTEX_POINT('',#11054);
#2863=VERTEX_POINT('',#11056);
#2864=VERTEX_POINT('',#11060);
#2865=VERTEX_POINT('',#11062);
#2866=VERTEX_POINT('',#11066);
#2867=VERTEX_POINT('',#11068);
#2868=VERTEX_POINT('',#11070);
#2869=VERTEX_POINT('',#11074);
#2870=VERTEX_POINT('',#11078);
#2871=VERTEX_POINT('',#11082);
#2872=VERTEX_POINT('',#11083);
#2873=VERTEX_POINT('',#11085);
#2874=VERTEX_POINT('',#11087);
#2875=VERTEX_POINT('',#11091);
#2876=VERTEX_POINT('',#11093);
#2877=VERTEX_POINT('',#11097);
#2878=VERTEX_POINT('',#11099);
#2879=VERTEX_POINT('',#11107);
#2880=VERTEX_POINT('',#11108);
#2881=VERTEX_POINT('',#11110);
#2882=VERTEX_POINT('',#11112);
#2883=VERTEX_POINT('',#11116);
#2884=VERTEX_POINT('',#11118);
#2885=VERTEX_POINT('',#11122);
#2886=VERTEX_POINT('',#11124);
#2887=VERTEX_POINT('',#11132);
#2888=VERTEX_POINT('',#11133);
#2889=VERTEX_POINT('',#11135);
#2890=VERTEX_POINT('',#11137);
#2891=VERTEX_POINT('',#11141);
#2892=VERTEX_POINT('',#11143);
#2893=VERTEX_POINT('',#11147);
#2894=VERTEX_POINT('',#11149);
#2895=VERTEX_POINT('',#11157);
#2896=VERTEX_POINT('',#11158);
#2897=VERTEX_POINT('',#11160);
#2898=VERTEX_POINT('',#11162);
#2899=VERTEX_POINT('',#11166);
#2900=VERTEX_POINT('',#11168);
#2901=VERTEX_POINT('',#11172);
#2902=VERTEX_POINT('',#11174);
#2903=VERTEX_POINT('',#11182);
#2904=VERTEX_POINT('',#11183);
#2905=VERTEX_POINT('',#11185);
#2906=VERTEX_POINT('',#11187);
#2907=VERTEX_POINT('',#11191);
#2908=VERTEX_POINT('',#11193);
#2909=VERTEX_POINT('',#11197);
#2910=VERTEX_POINT('',#11199);
#2911=VERTEX_POINT('',#11207);
#2912=VERTEX_POINT('',#11208);
#2913=VERTEX_POINT('',#11210);
#2914=VERTEX_POINT('',#11212);
#2915=VERTEX_POINT('',#11216);
#2916=VERTEX_POINT('',#11218);
#2917=VERTEX_POINT('',#11222);
#2918=VERTEX_POINT('',#11224);
#2919=VERTEX_POINT('',#11232);
#2920=VERTEX_POINT('',#11233);
#2921=VERTEX_POINT('',#11235);
#2922=VERTEX_POINT('',#11237);
#2923=VERTEX_POINT('',#11241);
#2924=VERTEX_POINT('',#11242);
#2925=VERTEX_POINT('',#11244);
#2926=VERTEX_POINT('',#11246);
#2927=VERTEX_POINT('',#11250);
#2928=VERTEX_POINT('',#11251);
#2929=VERTEX_POINT('',#11253);
#2930=VERTEX_POINT('',#11255);
#2931=VERTEX_POINT('',#11259);
#2932=VERTEX_POINT('',#11260);
#2933=VERTEX_POINT('',#11265);
#2934=VERTEX_POINT('',#11269);
#2935=VERTEX_POINT('',#11275);
#2936=VERTEX_POINT('',#11277);
#2937=VERTEX_POINT('',#11285);
#2938=VERTEX_POINT('',#11286);
#2939=VERTEX_POINT('',#11291);
#2940=VERTEX_POINT('',#11295);
#2941=VERTEX_POINT('',#11301);
#2942=VERTEX_POINT('',#11303);
#2943=VERTEX_POINT('',#11311);
#2944=VERTEX_POINT('',#11312);
#2945=VERTEX_POINT('',#11317);
#2946=VERTEX_POINT('',#11321);
#2947=VERTEX_POINT('',#11327);
#2948=VERTEX_POINT('',#11328);
#2949=VERTEX_POINT('',#11330);
#2950=VERTEX_POINT('',#11332);
#2951=VERTEX_POINT('',#11336);
#2952=VERTEX_POINT('',#11338);
#2953=VERTEX_POINT('',#11342);
#2954=VERTEX_POINT('',#11344);
#2955=VERTEX_POINT('',#11353);
#2956=VERTEX_POINT('',#11354);
#2957=VERTEX_POINT('',#11356);
#2958=VERTEX_POINT('',#11358);
#2959=VERTEX_POINT('',#11362);
#2960=VERTEX_POINT('',#11364);
#2961=VERTEX_POINT('',#11368);
#2962=VERTEX_POINT('',#11370);
#2963=VERTEX_POINT('',#11372);
#2964=VERTEX_POINT('',#11376);
#2965=VERTEX_POINT('',#11377);
#2966=VERTEX_POINT('',#11379);
#2967=VERTEX_POINT('',#11381);
#2968=VERTEX_POINT('',#11385);
#2969=VERTEX_POINT('',#11387);
#2970=VERTEX_POINT('',#11391);
#2971=VERTEX_POINT('',#11393);
#2972=VERTEX_POINT('',#11395);
#2973=VERTEX_POINT('',#11399);
#2974=VERTEX_POINT('',#11403);
#2975=VERTEX_POINT('',#11407);
#2976=VERTEX_POINT('',#11408);
#2977=VERTEX_POINT('',#11410);
#2978=VERTEX_POINT('',#11412);
#2979=VERTEX_POINT('',#11416);
#2980=VERTEX_POINT('',#11418);
#2981=VERTEX_POINT('',#11422);
#2982=VERTEX_POINT('',#11424);
#2983=VERTEX_POINT('',#11432);
#2984=VERTEX_POINT('',#11433);
#2985=VERTEX_POINT('',#11435);
#2986=VERTEX_POINT('',#11437);
#2987=VERTEX_POINT('',#11441);
#2988=VERTEX_POINT('',#11443);
#2989=VERTEX_POINT('',#11447);
#2990=VERTEX_POINT('',#11449);
#2991=VERTEX_POINT('',#11457);
#2992=VERTEX_POINT('',#11458);
#2993=VERTEX_POINT('',#11460);
#2994=VERTEX_POINT('',#11462);
#2995=VERTEX_POINT('',#11466);
#2996=VERTEX_POINT('',#11468);
#2997=VERTEX_POINT('',#11472);
#2998=VERTEX_POINT('',#11474);
#2999=VERTEX_POINT('',#11482);
#3000=VERTEX_POINT('',#11483);
#3001=VERTEX_POINT('',#11485);
#3002=VERTEX_POINT('',#11487);
#3003=VERTEX_POINT('',#11491);
#3004=VERTEX_POINT('',#11493);
#3005=VERTEX_POINT('',#11497);
#3006=VERTEX_POINT('',#11499);
#3007=VERTEX_POINT('',#11507);
#3008=VERTEX_POINT('',#11508);
#3009=VERTEX_POINT('',#11510);
#3010=VERTEX_POINT('',#11512);
#3011=VERTEX_POINT('',#11516);
#3012=VERTEX_POINT('',#11518);
#3013=VERTEX_POINT('',#11522);
#3014=VERTEX_POINT('',#11524);
#3015=VERTEX_POINT('',#11532);
#3016=VERTEX_POINT('',#11533);
#3017=VERTEX_POINT('',#11535);
#3018=VERTEX_POINT('',#11537);
#3019=VERTEX_POINT('',#11541);
#3020=VERTEX_POINT('',#11543);
#3021=VERTEX_POINT('',#11547);
#3022=VERTEX_POINT('',#11549);
#3023=VERTEX_POINT('',#11557);
#3024=VERTEX_POINT('',#11558);
#3025=VERTEX_POINT('',#11560);
#3026=VERTEX_POINT('',#11562);
#3027=VERTEX_POINT('',#11566);
#3028=VERTEX_POINT('',#11567);
#3029=VERTEX_POINT('',#11569);
#3030=VERTEX_POINT('',#11571);
#3031=VERTEX_POINT('',#11575);
#3032=VERTEX_POINT('',#11576);
#3033=VERTEX_POINT('',#11578);
#3034=VERTEX_POINT('',#11580);
#3035=VERTEX_POINT('',#11584);
#3036=VERTEX_POINT('',#11585);
#3037=VERTEX_POINT('',#11590);
#3038=VERTEX_POINT('',#11594);
#3039=VERTEX_POINT('',#11600);
#3040=VERTEX_POINT('',#11602);
#3041=VERTEX_POINT('',#11610);
#3042=VERTEX_POINT('',#11611);
#3043=VERTEX_POINT('',#11616);
#3044=VERTEX_POINT('',#11620);
#3045=VERTEX_POINT('',#11626);
#3046=VERTEX_POINT('',#11628);
#3047=VERTEX_POINT('',#11636);
#3048=VERTEX_POINT('',#11637);
#3049=VERTEX_POINT('',#11642);
#3050=VERTEX_POINT('',#11646);
#3051=VERTEX_POINT('',#11652);
#3052=VERTEX_POINT('',#11653);
#3053=VERTEX_POINT('',#11655);
#3054=VERTEX_POINT('',#11657);
#3055=VERTEX_POINT('',#11661);
#3056=VERTEX_POINT('',#11663);
#3057=VERTEX_POINT('',#11667);
#3058=VERTEX_POINT('',#11669);
#3059=VERTEX_POINT('',#11678);
#3060=VERTEX_POINT('',#11679);
#3061=VERTEX_POINT('',#11681);
#3062=VERTEX_POINT('',#11683);
#3063=VERTEX_POINT('',#11686);
#3064=VERTEX_POINT('',#11687);
#3065=VERTEX_POINT('',#11689);
#3066=VERTEX_POINT('',#11691);
#3067=VERTEX_POINT('',#11695);
#3068=VERTEX_POINT('',#11697);
#3069=VERTEX_POINT('',#11701);
#3070=VERTEX_POINT('',#11705);
#3071=VERTEX_POINT('',#11708);
#3072=VERTEX_POINT('',#11709);
#3073=VERTEX_POINT('',#11711);
#3074=VERTEX_POINT('',#11713);
#3075=VERTEX_POINT('',#11716);
#3076=VERTEX_POINT('',#11717);
#3077=VERTEX_POINT('',#11719);
#3078=VERTEX_POINT('',#11721);
#3079=VERTEX_POINT('',#11728);
#3080=VERTEX_POINT('',#11730);
#3081=VERTEX_POINT('',#11734);
#3082=VERTEX_POINT('',#11736);
#3083=VERTEX_POINT('',#11740);
#3084=VERTEX_POINT('',#11742);
#3085=VERTEX_POINT('',#11746);
#3086=VERTEX_POINT('',#11750);
#3087=VERTEX_POINT('',#11754);
#3088=VERTEX_POINT('',#11758);
#3089=VERTEX_POINT('',#11762);
#3090=VERTEX_POINT('',#11766);
#3091=VERTEX_POINT('',#11775);
#3092=VERTEX_POINT('',#11776);
#3093=VERTEX_POINT('',#11778);
#3094=VERTEX_POINT('',#11780);
#3095=VERTEX_POINT('',#11784);
#3096=VERTEX_POINT('',#11786);
#3097=VERTEX_POINT('',#11790);
#3098=VERTEX_POINT('',#11792);
#3099=VERTEX_POINT('',#11798);
#3100=VERTEX_POINT('',#11799);
#3101=VERTEX_POINT('',#11801);
#3102=VERTEX_POINT('',#11803);
#3103=VERTEX_POINT('',#11807);
#3104=VERTEX_POINT('',#11809);
#3105=VERTEX_POINT('',#11813);
#3106=VERTEX_POINT('',#11815);
#3107=VERTEX_POINT('',#11828);
#3108=VERTEX_POINT('',#11829);
#3109=VERTEX_POINT('',#11831);
#3110=VERTEX_POINT('',#11833);
#3111=VERTEX_POINT('',#11837);
#3112=VERTEX_POINT('',#11839);
#3113=VERTEX_POINT('',#11843);
#3114=VERTEX_POINT('',#11845);
#3115=EDGE_CURVE('',#2590,#2590,#2475,.T.);
#3116=EDGE_CURVE('',#2590,#2591,#1167,.T.);
#3117=EDGE_CURVE('',#2591,#2591,#2476,.T.);
#3118=EDGE_CURVE('',#2592,#2592,#2477,.T.);
#3119=EDGE_CURVE('',#2592,#2593,#1168,.T.);
#3120=EDGE_CURVE('',#2594,#2593,#109,.T.);
#3121=EDGE_CURVE('',#2593,#2594,#110,.T.);
#3122=EDGE_CURVE('',#2595,#2595,#2478,.T.);
#3123=EDGE_CURVE('',#2595,#2596,#1169,.T.);
#3124=EDGE_CURVE('',#2596,#2596,#2479,.T.);
#3125=EDGE_CURVE('',#2597,#2597,#2480,.T.);
#3126=EDGE_CURVE('',#2598,#2598,#2481,.T.);
#3127=EDGE_CURVE('',#2598,#2599,#1170,.T.);
#3128=EDGE_CURVE('',#2599,#2599,#2482,.T.);
#3129=EDGE_CURVE('',#2600,#2600,#2483,.T.);
#3130=EDGE_CURVE('',#2600,#2601,#1171,.T.);
#3131=EDGE_CURVE('',#2601,#2601,#2484,.T.);
#3132=EDGE_CURVE('',#2602,#2602,#2485,.T.);
#3133=EDGE_CURVE('',#2602,#2597,#1172,.T.);
#3134=EDGE_CURVE('',#2603,#2604,#1173,.T.);
#3135=EDGE_CURVE('',#2604,#2605,#1174,.T.);
#3136=EDGE_CURVE('',#2605,#2606,#1175,.T.);
#3137=EDGE_CURVE('',#2606,#2607,#1176,.T.);
#3138=EDGE_CURVE('',#2607,#2608,#1177,.T.);
#3139=EDGE_CURVE('',#2608,#2603,#1178,.T.);
#3140=EDGE_CURVE('',#2609,#2610,#1179,.T.);
#3141=EDGE_CURVE('',#2609,#2611,#1180,.T.);
#3142=EDGE_CURVE('',#2612,#2611,#1181,.T.);
#3143=EDGE_CURVE('',#2610,#2612,#1182,.T.);
#3144=EDGE_CURVE('',#2610,#2613,#1183,.T.);
#3145=EDGE_CURVE('',#2614,#2612,#1184,.T.);
#3146=EDGE_CURVE('',#2613,#2614,#1185,.T.);
#3147=EDGE_CURVE('',#2613,#2615,#1186,.T.);
#3148=EDGE_CURVE('',#2616,#2614,#1187,.T.);
#3149=EDGE_CURVE('',#2615,#2616,#1188,.T.);
#3150=EDGE_CURVE('',#2615,#2617,#1189,.T.);
#3151=EDGE_CURVE('',#2618,#2616,#1190,.T.);
#3152=EDGE_CURVE('',#2617,#2618,#1191,.T.);
#3153=EDGE_CURVE('',#2617,#2619,#1192,.T.);
#3154=EDGE_CURVE('',#2620,#2618,#1193,.T.);
#3155=EDGE_CURVE('',#2619,#2620,#1194,.T.);
#3156=EDGE_CURVE('',#2619,#2609,#1195,.T.);
#3157=EDGE_CURVE('',#2611,#2620,#1196,.T.);
#3158=EDGE_CURVE('',#2621,#2622,#1197,.T.);
#3159=EDGE_CURVE('',#2621,#2603,#1198,.T.);
#3160=EDGE_CURVE('',#2622,#2608,#1199,.T.);
#3161=EDGE_CURVE('',#2622,#2623,#1200,.T.);
#3162=EDGE_CURVE('',#2623,#2607,#1201,.T.);
#3163=EDGE_CURVE('',#2623,#2624,#1202,.T.);
#3164=EDGE_CURVE('',#2624,#2606,#1203,.T.);
#3165=EDGE_CURVE('',#2624,#2625,#1204,.T.);
#3166=EDGE_CURVE('',#2625,#2605,#1205,.T.);
#3167=EDGE_CURVE('',#2625,#2626,#1206,.T.);
#3168=EDGE_CURVE('',#2626,#2604,#1207,.T.);
#3169=EDGE_CURVE('',#2626,#2621,#1208,.T.);
#3170=EDGE_CURVE('',#2627,#2627,#2486,.T.);
#3171=EDGE_CURVE('',#2628,#2628,#2487,.T.);
#3172=EDGE_CURVE('',#2629,#2629,#2488,.T.);
#3173=EDGE_CURVE('',#2629,#2628,#1209,.T.);
#3174=EDGE_CURVE('',#2627,#2630,#1210,.T.);
#3175=EDGE_CURVE('',#2630,#2630,#2489,.T.);
#3176=EDGE_CURVE('',#2631,#2632,#1211,.T.);
#3177=EDGE_CURVE('',#2633,#2631,#1212,.T.);
#3178=EDGE_CURVE('',#2634,#2633,#111,.T.);
#3179=EDGE_CURVE('',#2635,#2634,#1213,.T.);
#3180=EDGE_CURVE('',#2636,#2635,#1214,.T.);
#3181=EDGE_CURVE('',#2637,#2636,#1215,.T.);
#3182=EDGE_CURVE('',#2638,#2637,#112,.T.);
#3183=EDGE_CURVE('',#2632,#2638,#1216,.T.);
#3184=EDGE_CURVE('',#2639,#2639,#2490,.T.);
#3185=EDGE_CURVE('',#2640,#2640,#2491,.T.);
#3186=EDGE_CURVE('',#2634,#2641,#1217,.T.);
#3187=EDGE_CURVE('',#2642,#2641,#1218,.T.);
#3188=EDGE_CURVE('',#2642,#2643,#1219,.T.);
#3189=EDGE_CURVE('',#2644,#2643,#1220,.T.);
#3190=EDGE_CURVE('',#2635,#2644,#1221,.T.);
#3191=EDGE_CURVE('',#2633,#2645,#1222,.T.);
#3192=EDGE_CURVE('',#2641,#2645,#29,.T.);
#3193=EDGE_CURVE('',#2631,#2646,#1223,.T.);
#3194=EDGE_CURVE('',#2647,#2646,#1224,.T.);
#3195=EDGE_CURVE('',#2648,#2647,#1225,.T.);
#3196=EDGE_CURVE('',#2645,#2648,#1226,.T.);
#3197=EDGE_CURVE('',#2632,#2649,#1227,.T.);
#3198=EDGE_CURVE('',#2646,#2649,#1228,.T.);
#3199=EDGE_CURVE('',#2650,#2650,#2492,.T.);
#3200=EDGE_CURVE('',#2651,#2651,#2493,.T.);
#3201=EDGE_CURVE('',#2642,#2648,#2494,.T.);
#3202=EDGE_CURVE('',#2652,#2653,#1229,.T.);
#3203=EDGE_CURVE('',#2653,#2654,#30,.T.);
#3204=EDGE_CURVE('',#2654,#2655,#1230,.T.);
#3205=EDGE_CURVE('',#2652,#2655,#2495,.T.);
#3206=EDGE_CURVE('',#2643,#2647,#2496,.T.);
#3207=EDGE_CURVE('',#2655,#2656,#1231,.T.);
#3208=EDGE_CURVE('',#2657,#2656,#2497,.T.);
#3209=EDGE_CURVE('',#2652,#2657,#1232,.T.);
#3210=EDGE_CURVE('',#2649,#2657,#1233,.T.);
#3211=EDGE_CURVE('',#2656,#2658,#1234,.T.);
#3212=EDGE_CURVE('',#2658,#2644,#1235,.T.);
#3213=EDGE_CURVE('',#2651,#2640,#1236,.T.);
#3214=EDGE_CURVE('',#2650,#2639,#1237,.T.);
#3215=EDGE_CURVE('',#2636,#2658,#1238,.T.);
#3216=EDGE_CURVE('',#2637,#2654,#1239,.T.);
#3217=EDGE_CURVE('',#2638,#2653,#1240,.T.);
#3218=EDGE_CURVE('',#2659,#2660,#2498,.T.);
#3219=EDGE_CURVE('',#2660,#2661,#2499,.T.);
#3220=EDGE_CURVE('',#2661,#2662,#2500,.T.);
#3221=EDGE_CURVE('',#2662,#2659,#2501,.T.);
#3222=EDGE_CURVE('',#2659,#2663,#113,.T.);
#3223=EDGE_CURVE('',#2660,#2663,#13,.T.);
#3224=EDGE_CURVE('',#2663,#2661,#14,.T.);
#3225=EDGE_CURVE('',#2663,#2662,#114,.T.);
#3226=EDGE_CURVE('',#2664,#2660,#15,.T.);
#3227=EDGE_CURVE('',#2665,#2664,#16,.T.);
#3228=EDGE_CURVE('',#2665,#2666,#1241,.T.);
#3229=EDGE_CURVE('',#2666,#2666,#2502,.T.);
#3230=EDGE_CURVE('',#2667,#2665,#17,.T.);
#3231=EDGE_CURVE('',#2661,#2667,#18,.T.);
#3232=EDGE_CURVE('',#2668,#2668,#2503,.T.);
#3233=EDGE_CURVE('',#2669,#2669,#2504,.T.);
#3234=EDGE_CURVE('',#2670,#2670,#2505,.T.);
#3235=EDGE_CURVE('',#2671,#2671,#2506,.T.);
#3236=EDGE_CURVE('',#2671,#2669,#1242,.T.);
#3237=EDGE_CURVE('',#2670,#2672,#1243,.T.);
#3238=EDGE_CURVE('',#2672,#2672,#2507,.T.);
#3239=EDGE_CURVE('',#2673,#2673,#2508,.T.);
#3240=EDGE_CURVE('',#2673,#2674,#1244,.T.);
#3241=EDGE_CURVE('',#2674,#2674,#2509,.T.);
#3242=EDGE_CURVE('',#2675,#2675,#2510,.T.);
#3243=EDGE_CURVE('',#2675,#2676,#1245,.T.);
#3244=EDGE_CURVE('',#2676,#2676,#2511,.T.);
#3245=EDGE_CURVE('',#2677,#2677,#2512,.T.);
#3246=EDGE_CURVE('',#2677,#2678,#1246,.T.);
#3247=EDGE_CURVE('',#2678,#2678,#2513,.T.);
#3248=EDGE_CURVE('',#2679,#2680,#1247,.T.);
#3249=EDGE_CURVE('',#2681,#2679,#1248,.T.);
#3250=EDGE_CURVE('',#2682,#2681,#1249,.T.);
#3251=EDGE_CURVE('',#2683,#2682,#1250,.T.);
#3252=EDGE_CURVE('',#2684,#2683,#1251,.T.);
#3253=EDGE_CURVE('',#2680,#2684,#1252,.T.);
#3254=EDGE_CURVE('',#2685,#2685,#2514,.T.);
#3255=EDGE_CURVE('',#2679,#2686,#1253,.T.);
#3256=EDGE_CURVE('',#2687,#2686,#1254,.T.);
#3257=EDGE_CURVE('',#2681,#2687,#1255,.T.);
#3258=EDGE_CURVE('',#2688,#2687,#1256,.T.);
#3259=EDGE_CURVE('',#2682,#2688,#1257,.T.);
#3260=EDGE_CURVE('',#2689,#2688,#1258,.T.);
#3261=EDGE_CURVE('',#2683,#2689,#1259,.T.);
#3262=EDGE_CURVE('',#2690,#2689,#1260,.T.);
#3263=EDGE_CURVE('',#2684,#2690,#1261,.T.);
#3264=EDGE_CURVE('',#2691,#2690,#1262,.T.);
#3265=EDGE_CURVE('',#2680,#2691,#1263,.T.);
#3266=EDGE_CURVE('',#2686,#2691,#1264,.T.);
#3267=EDGE_CURVE('',#2685,#2692,#1265,.T.);
#3268=EDGE_CURVE('',#2692,#2692,#2515,.T.);
#3269=EDGE_CURVE('',#2693,#2694,#2516,.T.);
#3270=EDGE_CURVE('',#2694,#2695,#2517,.T.);
#3271=EDGE_CURVE('',#2696,#2695,#1266,.T.);
#3272=EDGE_CURVE('',#2697,#2696,#2518,.T.);
#3273=EDGE_CURVE('',#2693,#2697,#1267,.T.);
#3274=EDGE_CURVE('',#2695,#2698,#2519,.T.);
#3275=EDGE_CURVE('',#2699,#2698,#1268,.T.);
#3276=EDGE_CURVE('',#2700,#2699,#2520,.T.);
#3277=EDGE_CURVE('',#2695,#2700,#1269,.T.);
#3278=EDGE_CURVE('',#2698,#2701,#2521,.T.);
#3279=EDGE_CURVE('',#2702,#2701,#1270,.T.);
#3280=EDGE_CURVE('',#2703,#2702,#2522,.T.);
#3281=EDGE_CURVE('',#2698,#2703,#1271,.T.);
#3282=EDGE_CURVE('',#2701,#2704,#2523,.T.);
#3283=EDGE_CURVE('',#2705,#2704,#1272,.T.);
#3284=EDGE_CURVE('',#2706,#2705,#2524,.T.);
#3285=EDGE_CURVE('',#2701,#2706,#1273,.T.);
#3286=EDGE_CURVE('',#2704,#2707,#2525,.T.);
#3287=EDGE_CURVE('',#2708,#2707,#1274,.T.);
#3288=EDGE_CURVE('',#2709,#2708,#2526,.T.);
#3289=EDGE_CURVE('',#2704,#2709,#1275,.T.);
#3290=EDGE_CURVE('',#2707,#2693,#2527,.T.);
#3291=EDGE_CURVE('',#2710,#2693,#1276,.T.);
#3292=EDGE_CURVE('',#2711,#2710,#2528,.T.);
#3293=EDGE_CURVE('',#2707,#2711,#1277,.T.);
#3294=EDGE_CURVE('',#2706,#2712,#1278,.T.);
#3295=EDGE_CURVE('',#2713,#2712,#1279,.T.);
#3296=EDGE_CURVE('',#2702,#2713,#1280,.T.);
#3297=EDGE_CURVE('',#2714,#2713,#2529,.T.);
#3298=EDGE_CURVE('',#2703,#2714,#1281,.T.);
#3299=EDGE_CURVE('',#2715,#2714,#1282,.T.);
#3300=EDGE_CURVE('',#2699,#2715,#1283,.T.);
#3301=EDGE_CURVE('',#2716,#2715,#2530,.T.);
#3302=EDGE_CURVE('',#2700,#2716,#1284,.T.);
#3303=EDGE_CURVE('',#2717,#2716,#1285,.T.);
#3304=EDGE_CURVE('',#2696,#2717,#1286,.T.);
#3305=EDGE_CURVE('',#2718,#2717,#2531,.T.);
#3306=EDGE_CURVE('',#2697,#2718,#1287,.T.);
#3307=EDGE_CURVE('',#2719,#2718,#1288,.T.);
#3308=EDGE_CURVE('',#2710,#2719,#1289,.T.);
#3309=EDGE_CURVE('',#2720,#2719,#2532,.T.);
#3310=EDGE_CURVE('',#2711,#2720,#1290,.T.);
#3311=EDGE_CURVE('',#2721,#2720,#1291,.T.);
#3312=EDGE_CURVE('',#2708,#2721,#1292,.T.);
#3313=EDGE_CURVE('',#2722,#2721,#2533,.T.);
#3314=EDGE_CURVE('',#2709,#2722,#1293,.T.);
#3315=EDGE_CURVE('',#2723,#2722,#1294,.T.);
#3316=EDGE_CURVE('',#2705,#2723,#1295,.T.);
#3317=EDGE_CURVE('',#2712,#2723,#2534,.T.);
#3318=EDGE_CURVE('',#2694,#2724,#1296,.T.);
#3319=EDGE_CURVE('',#2724,#2724,#2535,.T.);
#3320=EDGE_CURVE('',#2725,#2725,#2536,.T.);
#3321=EDGE_CURVE('',#2725,#2726,#1297,.T.);
#3322=EDGE_CURVE('',#2726,#2726,#2537,.T.);
#3323=EDGE_CURVE('',#2668,#2663,#1298,.T.);
#3324=EDGE_CURVE('',#2727,#2728,#2538,.T.);
#3325=EDGE_CURVE('',#2728,#2729,#2539,.T.);
#3326=EDGE_CURVE('',#2729,#2730,#2540,.T.);
#3327=EDGE_CURVE('',#2730,#2727,#2541,.T.);
#3328=EDGE_CURVE('',#2727,#2731,#115,.T.);
#3329=EDGE_CURVE('',#2728,#2731,#19,.T.);
#3330=EDGE_CURVE('',#2731,#2729,#20,.T.);
#3331=EDGE_CURVE('',#2731,#2730,#116,.T.);
#3332=EDGE_CURVE('',#2732,#2728,#21,.T.);
#3333=EDGE_CURVE('',#2733,#2732,#22,.T.);
#3334=EDGE_CURVE('',#2733,#2734,#1299,.T.);
#3335=EDGE_CURVE('',#2734,#2734,#2542,.T.);
#3336=EDGE_CURVE('',#2735,#2733,#23,.T.);
#3337=EDGE_CURVE('',#2729,#2735,#24,.T.);
#3338=EDGE_CURVE('',#2736,#2736,#2543,.T.);
#3339=EDGE_CURVE('',#2737,#2737,#2544,.T.);
#3340=EDGE_CURVE('',#2738,#2738,#2545,.T.);
#3341=EDGE_CURVE('',#2739,#2739,#2546,.T.);
#3342=EDGE_CURVE('',#2739,#2737,#1300,.T.);
#3343=EDGE_CURVE('',#2738,#2740,#1301,.T.);
#3344=EDGE_CURVE('',#2740,#2740,#2547,.T.);
#3345=EDGE_CURVE('',#2741,#2741,#2548,.T.);
#3346=EDGE_CURVE('',#2741,#2742,#1302,.T.);
#3347=EDGE_CURVE('',#2742,#2742,#2549,.T.);
#3348=EDGE_CURVE('',#2743,#2743,#2550,.T.);
#3349=EDGE_CURVE('',#2743,#2744,#1303,.T.);
#3350=EDGE_CURVE('',#2744,#2744,#2551,.T.);
#3351=EDGE_CURVE('',#2745,#2745,#2552,.T.);
#3352=EDGE_CURVE('',#2745,#2746,#1304,.T.);
#3353=EDGE_CURVE('',#2746,#2746,#2553,.T.);
#3354=EDGE_CURVE('',#2747,#2748,#1305,.T.);
#3355=EDGE_CURVE('',#2749,#2747,#1306,.T.);
#3356=EDGE_CURVE('',#2750,#2749,#1307,.T.);
#3357=EDGE_CURVE('',#2751,#2750,#1308,.T.);
#3358=EDGE_CURVE('',#2752,#2751,#1309,.T.);
#3359=EDGE_CURVE('',#2748,#2752,#1310,.T.);
#3360=EDGE_CURVE('',#2753,#2753,#2554,.T.);
#3361=EDGE_CURVE('',#2747,#2754,#1311,.T.);
#3362=EDGE_CURVE('',#2755,#2754,#1312,.T.);
#3363=EDGE_CURVE('',#2749,#2755,#1313,.T.);
#3364=EDGE_CURVE('',#2756,#2755,#1314,.T.);
#3365=EDGE_CURVE('',#2750,#2756,#1315,.T.);
#3366=EDGE_CURVE('',#2757,#2756,#1316,.T.);
#3367=EDGE_CURVE('',#2751,#2757,#1317,.T.);
#3368=EDGE_CURVE('',#2758,#2757,#1318,.T.);
#3369=EDGE_CURVE('',#2752,#2758,#1319,.T.);
#3370=EDGE_CURVE('',#2759,#2758,#1320,.T.);
#3371=EDGE_CURVE('',#2748,#2759,#1321,.T.);
#3372=EDGE_CURVE('',#2754,#2759,#1322,.T.);
#3373=EDGE_CURVE('',#2753,#2760,#1323,.T.);
#3374=EDGE_CURVE('',#2760,#2760,#2555,.T.);
#3375=EDGE_CURVE('',#2761,#2762,#2556,.T.);
#3376=EDGE_CURVE('',#2762,#2763,#2557,.T.);
#3377=EDGE_CURVE('',#2764,#2763,#1324,.T.);
#3378=EDGE_CURVE('',#2765,#2764,#2558,.T.);
#3379=EDGE_CURVE('',#2761,#2765,#1325,.T.);
#3380=EDGE_CURVE('',#2763,#2766,#2559,.T.);
#3381=EDGE_CURVE('',#2767,#2766,#1326,.T.);
#3382=EDGE_CURVE('',#2768,#2767,#2560,.T.);
#3383=EDGE_CURVE('',#2763,#2768,#1327,.T.);
#3384=EDGE_CURVE('',#2766,#2769,#2561,.T.);
#3385=EDGE_CURVE('',#2770,#2769,#1328,.T.);
#3386=EDGE_CURVE('',#2771,#2770,#2562,.T.);
#3387=EDGE_CURVE('',#2766,#2771,#1329,.T.);
#3388=EDGE_CURVE('',#2769,#2772,#2563,.T.);
#3389=EDGE_CURVE('',#2773,#2772,#1330,.T.);
#3390=EDGE_CURVE('',#2774,#2773,#2564,.T.);
#3391=EDGE_CURVE('',#2769,#2774,#1331,.T.);
#3392=EDGE_CURVE('',#2772,#2775,#2565,.T.);
#3393=EDGE_CURVE('',#2776,#2775,#1332,.T.);
#3394=EDGE_CURVE('',#2777,#2776,#2566,.T.);
#3395=EDGE_CURVE('',#2772,#2777,#1333,.T.);
#3396=EDGE_CURVE('',#2775,#2761,#2567,.T.);
#3397=EDGE_CURVE('',#2778,#2761,#1334,.T.);
#3398=EDGE_CURVE('',#2779,#2778,#2568,.T.);
#3399=EDGE_CURVE('',#2775,#2779,#1335,.T.);
#3400=EDGE_CURVE('',#2774,#2780,#1336,.T.);
#3401=EDGE_CURVE('',#2781,#2780,#1337,.T.);
#3402=EDGE_CURVE('',#2770,#2781,#1338,.T.);
#3403=EDGE_CURVE('',#2782,#2781,#2569,.T.);
#3404=EDGE_CURVE('',#2771,#2782,#1339,.T.);
#3405=EDGE_CURVE('',#2783,#2782,#1340,.T.);
#3406=EDGE_CURVE('',#2767,#2783,#1341,.T.);
#3407=EDGE_CURVE('',#2784,#2783,#2570,.T.);
#3408=EDGE_CURVE('',#2768,#2784,#1342,.T.);
#3409=EDGE_CURVE('',#2785,#2784,#1343,.T.);
#3410=EDGE_CURVE('',#2764,#2785,#1344,.T.);
#3411=EDGE_CURVE('',#2786,#2785,#2571,.T.);
#3412=EDGE_CURVE('',#2765,#2786,#1345,.T.);
#3413=EDGE_CURVE('',#2787,#2786,#1346,.T.);
#3414=EDGE_CURVE('',#2778,#2787,#1347,.T.);
#3415=EDGE_CURVE('',#2788,#2787,#2572,.T.);
#3416=EDGE_CURVE('',#2779,#2788,#1348,.T.);
#3417=EDGE_CURVE('',#2789,#2788,#1349,.T.);
#3418=EDGE_CURVE('',#2776,#2789,#1350,.T.);
#3419=EDGE_CURVE('',#2790,#2789,#2573,.T.);
#3420=EDGE_CURVE('',#2777,#2790,#1351,.T.);
#3421=EDGE_CURVE('',#2791,#2790,#1352,.T.);
#3422=EDGE_CURVE('',#2773,#2791,#1353,.T.);
#3423=EDGE_CURVE('',#2780,#2791,#2574,.T.);
#3424=EDGE_CURVE('',#2762,#2792,#1354,.T.);
#3425=EDGE_CURVE('',#2792,#2792,#2575,.T.);
#3426=EDGE_CURVE('',#2793,#2793,#2576,.T.);
#3427=EDGE_CURVE('',#2793,#2794,#1355,.T.);
#3428=EDGE_CURVE('',#2794,#2794,#2577,.T.);
#3429=EDGE_CURVE('',#2736,#2731,#1356,.T.);
#3430=EDGE_CURVE('',#2795,#2796,#1357,.T.);
#3431=EDGE_CURVE('',#2796,#2797,#1358,.T.);
#3432=EDGE_CURVE('',#2797,#2798,#1359,.T.);
#3433=EDGE_CURVE('',#2798,#2799,#1360,.T.);
#3434=EDGE_CURVE('',#2799,#2800,#1361,.T.);
#3435=EDGE_CURVE('',#2800,#2795,#1362,.T.);
#3436=EDGE_CURVE('',#2801,#2802,#1363,.T.);
#3437=EDGE_CURVE('',#2801,#2803,#1364,.T.);
#3438=EDGE_CURVE('',#2804,#2803,#1365,.T.);
#3439=EDGE_CURVE('',#2802,#2804,#1366,.T.);
#3440=EDGE_CURVE('',#2802,#2805,#1367,.T.);
#3441=EDGE_CURVE('',#2806,#2804,#1368,.T.);
#3442=EDGE_CURVE('',#2805,#2806,#1369,.T.);
#3443=EDGE_CURVE('',#2805,#2807,#1370,.T.);
#3444=EDGE_CURVE('',#2808,#2806,#1371,.T.);
#3445=EDGE_CURVE('',#2807,#2808,#1372,.T.);
#3446=EDGE_CURVE('',#2807,#2809,#1373,.T.);
#3447=EDGE_CURVE('',#2810,#2808,#1374,.T.);
#3448=EDGE_CURVE('',#2809,#2810,#1375,.T.);
#3449=EDGE_CURVE('',#2809,#2811,#1376,.T.);
#3450=EDGE_CURVE('',#2812,#2810,#1377,.T.);
#3451=EDGE_CURVE('',#2811,#2812,#1378,.T.);
#3452=EDGE_CURVE('',#2811,#2801,#1379,.T.);
#3453=EDGE_CURVE('',#2803,#2812,#1380,.T.);
#3454=EDGE_CURVE('',#2813,#2814,#1381,.T.);
#3455=EDGE_CURVE('',#2813,#2795,#1382,.T.);
#3456=EDGE_CURVE('',#2814,#2800,#1383,.T.);
#3457=EDGE_CURVE('',#2814,#2815,#1384,.T.);
#3458=EDGE_CURVE('',#2815,#2799,#1385,.T.);
#3459=EDGE_CURVE('',#2815,#2816,#1386,.T.);
#3460=EDGE_CURVE('',#2816,#2798,#1387,.T.);
#3461=EDGE_CURVE('',#2816,#2817,#1388,.T.);
#3462=EDGE_CURVE('',#2817,#2797,#1389,.T.);
#3463=EDGE_CURVE('',#2817,#2818,#1390,.T.);
#3464=EDGE_CURVE('',#2818,#2796,#1391,.T.);
#3465=EDGE_CURVE('',#2818,#2813,#1392,.T.);
#3466=EDGE_CURVE('',#2819,#2819,#2578,.T.);
#3467=EDGE_CURVE('',#2820,#2820,#2579,.T.);
#3468=EDGE_CURVE('',#2821,#2821,#2580,.T.);
#3469=EDGE_CURVE('',#2821,#2820,#1393,.T.);
#3470=EDGE_CURVE('',#2819,#2822,#1394,.T.);
#3471=EDGE_CURVE('',#2822,#2822,#2581,.T.);
#3472=EDGE_CURVE('',#2823,#2824,#1395,.T.);
#3473=EDGE_CURVE('',#2825,#2823,#1396,.T.);
#3474=EDGE_CURVE('',#2826,#2825,#117,.T.);
#3475=EDGE_CURVE('',#2827,#2826,#1397,.T.);
#3476=EDGE_CURVE('',#2828,#2827,#1398,.T.);
#3477=EDGE_CURVE('',#2829,#2828,#1399,.T.);
#3478=EDGE_CURVE('',#2830,#2829,#118,.T.);
#3479=EDGE_CURVE('',#2824,#2830,#1400,.T.);
#3480=EDGE_CURVE('',#2831,#2831,#2582,.T.);
#3481=EDGE_CURVE('',#2832,#2832,#2583,.T.);
#3482=EDGE_CURVE('',#2826,#2833,#1401,.T.);
#3483=EDGE_CURVE('',#2834,#2833,#1402,.T.);
#3484=EDGE_CURVE('',#2834,#2835,#1403,.T.);
#3485=EDGE_CURVE('',#2836,#2835,#1404,.T.);
#3486=EDGE_CURVE('',#2827,#2836,#1405,.T.);
#3487=EDGE_CURVE('',#2825,#2837,#1406,.T.);
#3488=EDGE_CURVE('',#2833,#2837,#31,.T.);
#3489=EDGE_CURVE('',#2823,#2838,#1407,.T.);
#3490=EDGE_CURVE('',#2839,#2838,#1408,.T.);
#3491=EDGE_CURVE('',#2840,#2839,#1409,.T.);
#3492=EDGE_CURVE('',#2837,#2840,#1410,.T.);
#3493=EDGE_CURVE('',#2824,#2841,#1411,.T.);
#3494=EDGE_CURVE('',#2838,#2841,#1412,.T.);
#3495=EDGE_CURVE('',#2842,#2842,#2584,.T.);
#3496=EDGE_CURVE('',#2843,#2843,#2585,.T.);
#3497=EDGE_CURVE('',#2834,#2840,#2586,.T.);
#3498=EDGE_CURVE('',#2844,#2845,#1413,.T.);
#3499=EDGE_CURVE('',#2845,#2846,#32,.T.);
#3500=EDGE_CURVE('',#2846,#2847,#1414,.T.);
#3501=EDGE_CURVE('',#2844,#2847,#2587,.T.);
#3502=EDGE_CURVE('',#2835,#2839,#2588,.T.);
#3503=EDGE_CURVE('',#2847,#2848,#1415,.T.);
#3504=EDGE_CURVE('',#2849,#2848,#2589,.T.);
#3505=EDGE_CURVE('',#2844,#2849,#1416,.T.);
#3506=EDGE_CURVE('',#2841,#2849,#1417,.T.);
#3507=EDGE_CURVE('',#2848,#2850,#1418,.T.);
#3508=EDGE_CURVE('',#2850,#2836,#1419,.T.);
#3509=EDGE_CURVE('',#2843,#2832,#1420,.T.);
#3510=EDGE_CURVE('',#2842,#2831,#1421,.T.);
#3511=EDGE_CURVE('',#2828,#2850,#1422,.T.);
#3512=EDGE_CURVE('',#2829,#2846,#1423,.T.);
#3513=EDGE_CURVE('',#2830,#2845,#1424,.T.);
#3514=EDGE_CURVE('',#2851,#2852,#1425,.T.);
#3515=EDGE_CURVE('',#2852,#2853,#1426,.T.);
#3516=EDGE_CURVE('',#2853,#2854,#1427,.T.);
#3517=EDGE_CURVE('',#2854,#2851,#1428,.T.);
#3518=EDGE_CURVE('',#2852,#2855,#1429,.T.);
#3519=EDGE_CURVE('',#2856,#2855,#1430,.T.);
#3520=EDGE_CURVE('',#2856,#2853,#1431,.T.);
#3521=EDGE_CURVE('',#2857,#2851,#1432,.T.);
#3522=EDGE_CURVE('',#2858,#2857,#1433,.T.);
#3523=EDGE_CURVE('',#2858,#2859,#1434,.T.);
#3524=EDGE_CURVE('',#2855,#2859,#1435,.T.);
#3525=EDGE_CURVE('',#2860,#2861,#1436,.T.);
#3526=EDGE_CURVE('',#2861,#2862,#1437,.T.);
#3527=EDGE_CURVE('',#2862,#2863,#1438,.T.);
#3528=EDGE_CURVE('',#2863,#2860,#1439,.T.);
#3529=EDGE_CURVE('',#2861,#2864,#1440,.T.);
#3530=EDGE_CURVE('',#2865,#2864,#1441,.T.);
#3531=EDGE_CURVE('',#2865,#2862,#1442,.T.);
#3532=EDGE_CURVE('',#2866,#2860,#1443,.T.);
#3533=EDGE_CURVE('',#2867,#2866,#1444,.T.);
#3534=EDGE_CURVE('',#2867,#2868,#1445,.T.);
#3535=EDGE_CURVE('',#2864,#2868,#1446,.T.);
#3536=EDGE_CURVE('',#2869,#2865,#1447,.T.);
#3537=EDGE_CURVE('',#2868,#2869,#1448,.T.);
#3538=EDGE_CURVE('',#2870,#2856,#1449,.T.);
#3539=EDGE_CURVE('',#2859,#2870,#1450,.T.);
#3540=EDGE_CURVE('',#2871,#2872,#1451,.T.);
#3541=EDGE_CURVE('',#2871,#2873,#1452,.T.);
#3542=EDGE_CURVE('',#2873,#2874,#1453,.T.);
#3543=EDGE_CURVE('',#2872,#2874,#1454,.T.);
#3544=EDGE_CURVE('',#2875,#2871,#1455,.T.);
#3545=EDGE_CURVE('',#2875,#2876,#1456,.T.);
#3546=EDGE_CURVE('',#2876,#2873,#1457,.T.);
#3547=EDGE_CURVE('',#2877,#2875,#1458,.T.);
#3548=EDGE_CURVE('',#2877,#2878,#1459,.T.);
#3549=EDGE_CURVE('',#2878,#2876,#1460,.T.);
#3550=EDGE_CURVE('',#2872,#2877,#1461,.T.);
#3551=EDGE_CURVE('',#2874,#2878,#1462,.T.);
#3552=EDGE_CURVE('',#2879,#2880,#1463,.T.);
#3553=EDGE_CURVE('',#2879,#2881,#1464,.T.);
#3554=EDGE_CURVE('',#2881,#2882,#1465,.T.);
#3555=EDGE_CURVE('',#2880,#2882,#1466,.T.);
#3556=EDGE_CURVE('',#2883,#2879,#1467,.T.);
#3557=EDGE_CURVE('',#2883,#2884,#1468,.T.);
#3558=EDGE_CURVE('',#2884,#2881,#1469,.T.);
#3559=EDGE_CURVE('',#2885,#2883,#1470,.T.);
#3560=EDGE_CURVE('',#2885,#2886,#1471,.T.);
#3561=EDGE_CURVE('',#2886,#2884,#1472,.T.);
#3562=EDGE_CURVE('',#2880,#2885,#1473,.T.);
#3563=EDGE_CURVE('',#2882,#2886,#1474,.T.);
#3564=EDGE_CURVE('',#2887,#2888,#1475,.T.);
#3565=EDGE_CURVE('',#2887,#2889,#1476,.T.);
#3566=EDGE_CURVE('',#2889,#2890,#1477,.T.);
#3567=EDGE_CURVE('',#2888,#2890,#1478,.T.);
#3568=EDGE_CURVE('',#2891,#2887,#1479,.T.);
#3569=EDGE_CURVE('',#2891,#2892,#1480,.T.);
#3570=EDGE_CURVE('',#2892,#2889,#1481,.T.);
#3571=EDGE_CURVE('',#2893,#2891,#1482,.T.);
#3572=EDGE_CURVE('',#2893,#2894,#1483,.T.);
#3573=EDGE_CURVE('',#2894,#2892,#1484,.T.);
#3574=EDGE_CURVE('',#2888,#2893,#1485,.T.);
#3575=EDGE_CURVE('',#2890,#2894,#1486,.T.);
#3576=EDGE_CURVE('',#2895,#2896,#1487,.T.);
#3577=EDGE_CURVE('',#2895,#2897,#1488,.T.);
#3578=EDGE_CURVE('',#2897,#2898,#1489,.T.);
#3579=EDGE_CURVE('',#2896,#2898,#1490,.T.);
#3580=EDGE_CURVE('',#2899,#2895,#1491,.T.);
#3581=EDGE_CURVE('',#2899,#2900,#1492,.T.);
#3582=EDGE_CURVE('',#2900,#2897,#1493,.T.);
#3583=EDGE_CURVE('',#2901,#2899,#1494,.T.);
#3584=EDGE_CURVE('',#2901,#2902,#1495,.T.);
#3585=EDGE_CURVE('',#2902,#2900,#1496,.T.);
#3586=EDGE_CURVE('',#2896,#2901,#1497,.T.);
#3587=EDGE_CURVE('',#2898,#2902,#1498,.T.);
#3588=EDGE_CURVE('',#2903,#2904,#1499,.T.);
#3589=EDGE_CURVE('',#2903,#2905,#1500,.T.);
#3590=EDGE_CURVE('',#2905,#2906,#1501,.T.);
#3591=EDGE_CURVE('',#2904,#2906,#1502,.T.);
#3592=EDGE_CURVE('',#2907,#2903,#1503,.T.);
#3593=EDGE_CURVE('',#2907,#2908,#1504,.T.);
#3594=EDGE_CURVE('',#2908,#2905,#1505,.T.);
#3595=EDGE_CURVE('',#2909,#2907,#1506,.T.);
#3596=EDGE_CURVE('',#2909,#2910,#1507,.T.);
#3597=EDGE_CURVE('',#2910,#2908,#1508,.T.);
#3598=EDGE_CURVE('',#2904,#2909,#1509,.T.);
#3599=EDGE_CURVE('',#2906,#2910,#1510,.T.);
#3600=EDGE_CURVE('',#2911,#2912,#1511,.T.);
#3601=EDGE_CURVE('',#2911,#2913,#1512,.T.);
#3602=EDGE_CURVE('',#2913,#2914,#1513,.T.);
#3603=EDGE_CURVE('',#2912,#2914,#1514,.T.);
#3604=EDGE_CURVE('',#2915,#2911,#1515,.T.);
#3605=EDGE_CURVE('',#2915,#2916,#1516,.T.);
#3606=EDGE_CURVE('',#2916,#2913,#1517,.T.);
#3607=EDGE_CURVE('',#2917,#2915,#1518,.T.);
#3608=EDGE_CURVE('',#2917,#2918,#1519,.T.);
#3609=EDGE_CURVE('',#2918,#2916,#1520,.T.);
#3610=EDGE_CURVE('',#2912,#2917,#1521,.T.);
#3611=EDGE_CURVE('',#2914,#2918,#1522,.T.);
#3612=EDGE_CURVE('',#2919,#2920,#1523,.T.);
#3613=EDGE_CURVE('',#2920,#2921,#1524,.T.);
#3614=EDGE_CURVE('',#2921,#2922,#1525,.T.);
#3615=EDGE_CURVE('',#2922,#2919,#1526,.T.);
#3616=EDGE_CURVE('',#2923,#2924,#1527,.T.);
#3617=EDGE_CURVE('',#2924,#2925,#1528,.T.);
#3618=EDGE_CURVE('',#2925,#2926,#1529,.T.);
#3619=EDGE_CURVE('',#2926,#2923,#1530,.T.);
#3620=EDGE_CURVE('',#2927,#2928,#1531,.T.);
#3621=EDGE_CURVE('',#2928,#2929,#1532,.T.);
#3622=EDGE_CURVE('',#2929,#2930,#1533,.T.);
#3623=EDGE_CURVE('',#2930,#2927,#1534,.T.);
#3624=EDGE_CURVE('',#2931,#2932,#1535,.T.);
#3625=EDGE_CURVE('',#2931,#2919,#1536,.T.);
#3626=EDGE_CURVE('',#2932,#2922,#1537,.T.);
#3627=EDGE_CURVE('',#2932,#2933,#1538,.T.);
#3628=EDGE_CURVE('',#2933,#2921,#1539,.T.);
#3629=EDGE_CURVE('',#2933,#2934,#1540,.T.);
#3630=EDGE_CURVE('',#2934,#2920,#1541,.T.);
#3631=EDGE_CURVE('',#2934,#2931,#1542,.T.);
#3632=EDGE_CURVE('',#2935,#2870,#1543,.T.);
#3633=EDGE_CURVE('',#2936,#2935,#1544,.T.);
#3634=EDGE_CURVE('',#2936,#2854,#1545,.T.);
#3635=EDGE_CURVE('',#2935,#2858,#1546,.T.);
#3636=EDGE_CURVE('',#2857,#2936,#1547,.T.);
#3637=EDGE_CURVE('',#2937,#2938,#1548,.T.);
#3638=EDGE_CURVE('',#2937,#2923,#1549,.T.);
#3639=EDGE_CURVE('',#2938,#2926,#1550,.T.);
#3640=EDGE_CURVE('',#2938,#2939,#1551,.T.);
#3641=EDGE_CURVE('',#2939,#2925,#1552,.T.);
#3642=EDGE_CURVE('',#2939,#2940,#1553,.T.);
#3643=EDGE_CURVE('',#2940,#2924,#1554,.T.);
#3644=EDGE_CURVE('',#2940,#2937,#1555,.T.);
#3645=EDGE_CURVE('',#2941,#2869,#1556,.T.);
#3646=EDGE_CURVE('',#2942,#2941,#1557,.T.);
#3647=EDGE_CURVE('',#2942,#2863,#1558,.T.);
#3648=EDGE_CURVE('',#2941,#2867,#1559,.T.);
#3649=EDGE_CURVE('',#2866,#2942,#1560,.T.);
#3650=EDGE_CURVE('',#2943,#2944,#1561,.T.);
#3651=EDGE_CURVE('',#2943,#2927,#1562,.T.);
#3652=EDGE_CURVE('',#2944,#2930,#1563,.T.);
#3653=EDGE_CURVE('',#2944,#2945,#1564,.T.);
#3654=EDGE_CURVE('',#2945,#2929,#1565,.T.);
#3655=EDGE_CURVE('',#2945,#2946,#1566,.T.);
#3656=EDGE_CURVE('',#2946,#2928,#1567,.T.);
#3657=EDGE_CURVE('',#2946,#2943,#1568,.T.);
#3658=EDGE_CURVE('',#2947,#2948,#1569,.T.);
#3659=EDGE_CURVE('',#2947,#2949,#1570,.T.);
#3660=EDGE_CURVE('',#2950,#2949,#1571,.T.);
#3661=EDGE_CURVE('',#2948,#2950,#1572,.T.);
#3662=EDGE_CURVE('',#2948,#2951,#1573,.T.);
#3663=EDGE_CURVE('',#2952,#2950,#1574,.T.);
#3664=EDGE_CURVE('',#2951,#2952,#1575,.T.);
#3665=EDGE_CURVE('',#2951,#2953,#1576,.T.);
#3666=EDGE_CURVE('',#2954,#2952,#1577,.T.);
#3667=EDGE_CURVE('',#2953,#2954,#1578,.T.);
#3668=EDGE_CURVE('',#2953,#2947,#1579,.T.);
#3669=EDGE_CURVE('',#2949,#2954,#1580,.T.);
#3670=EDGE_CURVE('',#2955,#2956,#1581,.T.);
#3671=EDGE_CURVE('',#2956,#2957,#1582,.T.);
#3672=EDGE_CURVE('',#2957,#2958,#1583,.T.);
#3673=EDGE_CURVE('',#2958,#2955,#1584,.T.);
#3674=EDGE_CURVE('',#2956,#2959,#1585,.T.);
#3675=EDGE_CURVE('',#2960,#2959,#1586,.T.);
#3676=EDGE_CURVE('',#2960,#2957,#1587,.T.);
#3677=EDGE_CURVE('',#2961,#2955,#1588,.T.);
#3678=EDGE_CURVE('',#2962,#2961,#1589,.T.);
#3679=EDGE_CURVE('',#2962,#2963,#1590,.T.);
#3680=EDGE_CURVE('',#2959,#2963,#1591,.T.);
#3681=EDGE_CURVE('',#2964,#2965,#1592,.T.);
#3682=EDGE_CURVE('',#2965,#2966,#1593,.T.);
#3683=EDGE_CURVE('',#2966,#2967,#1594,.T.);
#3684=EDGE_CURVE('',#2967,#2964,#1595,.T.);
#3685=EDGE_CURVE('',#2965,#2968,#1596,.T.);
#3686=EDGE_CURVE('',#2969,#2968,#1597,.T.);
#3687=EDGE_CURVE('',#2969,#2966,#1598,.T.);
#3688=EDGE_CURVE('',#2970,#2964,#1599,.T.);
#3689=EDGE_CURVE('',#2971,#2970,#1600,.T.);
#3690=EDGE_CURVE('',#2971,#2972,#1601,.T.);
#3691=EDGE_CURVE('',#2968,#2972,#1602,.T.);
#3692=EDGE_CURVE('',#2973,#2969,#1603,.T.);
#3693=EDGE_CURVE('',#2972,#2973,#1604,.T.);
#3694=EDGE_CURVE('',#2974,#2960,#1605,.T.);
#3695=EDGE_CURVE('',#2963,#2974,#1606,.T.);
#3696=EDGE_CURVE('',#2975,#2976,#1607,.T.);
#3697=EDGE_CURVE('',#2975,#2977,#1608,.T.);
#3698=EDGE_CURVE('',#2977,#2978,#1609,.T.);
#3699=EDGE_CURVE('',#2976,#2978,#1610,.T.);
#3700=EDGE_CURVE('',#2979,#2975,#1611,.T.);
#3701=EDGE_CURVE('',#2979,#2980,#1612,.T.);
#3702=EDGE_CURVE('',#2980,#2977,#1613,.T.);
#3703=EDGE_CURVE('',#2981,#2979,#1614,.T.);
#3704=EDGE_CURVE('',#2981,#2982,#1615,.T.);
#3705=EDGE_CURVE('',#2982,#2980,#1616,.T.);
#3706=EDGE_CURVE('',#2976,#2981,#1617,.T.);
#3707=EDGE_CURVE('',#2978,#2982,#1618,.T.);
#3708=EDGE_CURVE('',#2983,#2984,#1619,.T.);
#3709=EDGE_CURVE('',#2983,#2985,#1620,.T.);
#3710=EDGE_CURVE('',#2985,#2986,#1621,.T.);
#3711=EDGE_CURVE('',#2984,#2986,#1622,.T.);
#3712=EDGE_CURVE('',#2987,#2983,#1623,.T.);
#3713=EDGE_CURVE('',#2987,#2988,#1624,.T.);
#3714=EDGE_CURVE('',#2988,#2985,#1625,.T.);
#3715=EDGE_CURVE('',#2989,#2987,#1626,.T.);
#3716=EDGE_CURVE('',#2989,#2990,#1627,.T.);
#3717=EDGE_CURVE('',#2990,#2988,#1628,.T.);
#3718=EDGE_CURVE('',#2984,#2989,#1629,.T.);
#3719=EDGE_CURVE('',#2986,#2990,#1630,.T.);
#3720=EDGE_CURVE('',#2991,#2992,#1631,.T.);
#3721=EDGE_CURVE('',#2991,#2993,#1632,.T.);
#3722=EDGE_CURVE('',#2993,#2994,#1633,.T.);
#3723=EDGE_CURVE('',#2992,#2994,#1634,.T.);
#3724=EDGE_CURVE('',#2995,#2991,#1635,.T.);
#3725=EDGE_CURVE('',#2995,#2996,#1636,.T.);
#3726=EDGE_CURVE('',#2996,#2993,#1637,.T.);
#3727=EDGE_CURVE('',#2997,#2995,#1638,.T.);
#3728=EDGE_CURVE('',#2997,#2998,#1639,.T.);
#3729=EDGE_CURVE('',#2998,#2996,#1640,.T.);
#3730=EDGE_CURVE('',#2992,#2997,#1641,.T.);
#3731=EDGE_CURVE('',#2994,#2998,#1642,.T.);
#3732=EDGE_CURVE('',#2999,#3000,#1643,.T.);
#3733=EDGE_CURVE('',#2999,#3001,#1644,.T.);
#3734=EDGE_CURVE('',#3001,#3002,#1645,.T.);
#3735=EDGE_CURVE('',#3000,#3002,#1646,.T.);
#3736=EDGE_CURVE('',#3003,#2999,#1647,.T.);
#3737=EDGE_CURVE('',#3003,#3004,#1648,.T.);
#3738=EDGE_CURVE('',#3004,#3001,#1649,.T.);
#3739=EDGE_CURVE('',#3005,#3003,#1650,.T.);
#3740=EDGE_CURVE('',#3005,#3006,#1651,.T.);
#3741=EDGE_CURVE('',#3006,#3004,#1652,.T.);
#3742=EDGE_CURVE('',#3000,#3005,#1653,.T.);
#3743=EDGE_CURVE('',#3002,#3006,#1654,.T.);
#3744=EDGE_CURVE('',#3007,#3008,#1655,.T.);
#3745=EDGE_CURVE('',#3007,#3009,#1656,.T.);
#3746=EDGE_CURVE('',#3009,#3010,#1657,.T.);
#3747=EDGE_CURVE('',#3008,#3010,#1658,.T.);
#3748=EDGE_CURVE('',#3011,#3007,#1659,.T.);
#3749=EDGE_CURVE('',#3011,#3012,#1660,.T.);
#3750=EDGE_CURVE('',#3012,#3009,#1661,.T.);
#3751=EDGE_CURVE('',#3013,#3011,#1662,.T.);
#3752=EDGE_CURVE('',#3013,#3014,#1663,.T.);
#3753=EDGE_CURVE('',#3014,#3012,#1664,.T.);
#3754=EDGE_CURVE('',#3008,#3013,#1665,.T.);
#3755=EDGE_CURVE('',#3010,#3014,#1666,.T.);
#3756=EDGE_CURVE('',#3015,#3016,#1667,.T.);
#3757=EDGE_CURVE('',#3015,#3017,#1668,.T.);
#3758=EDGE_CURVE('',#3017,#3018,#1669,.T.);
#3759=EDGE_CURVE('',#3016,#3018,#1670,.T.);
#3760=EDGE_CURVE('',#3019,#3015,#1671,.T.);
#3761=EDGE_CURVE('',#3019,#3020,#1672,.T.);
#3762=EDGE_CURVE('',#3020,#3017,#1673,.T.);
#3763=EDGE_CURVE('',#3021,#3019,#1674,.T.);
#3764=EDGE_CURVE('',#3021,#3022,#1675,.T.);
#3765=EDGE_CURVE('',#3022,#3020,#1676,.T.);
#3766=EDGE_CURVE('',#3016,#3021,#1677,.T.);
#3767=EDGE_CURVE('',#3018,#3022,#1678,.T.);
#3768=EDGE_CURVE('',#3023,#3024,#1679,.T.);
#3769=EDGE_CURVE('',#3024,#3025,#1680,.T.);
#3770=EDGE_CURVE('',#3025,#3026,#1681,.T.);
#3771=EDGE_CURVE('',#3026,#3023,#1682,.T.);
#3772=EDGE_CURVE('',#3027,#3028,#1683,.T.);
#3773=EDGE_CURVE('',#3028,#3029,#1684,.T.);
#3774=EDGE_CURVE('',#3029,#3030,#1685,.T.);
#3775=EDGE_CURVE('',#3030,#3027,#1686,.T.);
#3776=EDGE_CURVE('',#3031,#3032,#1687,.T.);
#3777=EDGE_CURVE('',#3032,#3033,#1688,.T.);
#3778=EDGE_CURVE('',#3033,#3034,#1689,.T.);
#3779=EDGE_CURVE('',#3034,#3031,#1690,.T.);
#3780=EDGE_CURVE('',#3035,#3036,#1691,.T.);
#3781=EDGE_CURVE('',#3035,#3023,#1692,.T.);
#3782=EDGE_CURVE('',#3036,#3026,#1693,.T.);
#3783=EDGE_CURVE('',#3036,#3037,#1694,.T.);
#3784=EDGE_CURVE('',#3037,#3025,#1695,.T.);
#3785=EDGE_CURVE('',#3037,#3038,#1696,.T.);
#3786=EDGE_CURVE('',#3038,#3024,#1697,.T.);
#3787=EDGE_CURVE('',#3038,#3035,#1698,.T.);
#3788=EDGE_CURVE('',#3039,#2974,#1699,.T.);
#3789=EDGE_CURVE('',#3040,#3039,#1700,.T.);
#3790=EDGE_CURVE('',#3040,#2958,#1701,.T.);
#3791=EDGE_CURVE('',#3039,#2962,#1702,.T.);
#3792=EDGE_CURVE('',#2961,#3040,#1703,.T.);
#3793=EDGE_CURVE('',#3041,#3042,#1704,.T.);
#3794=EDGE_CURVE('',#3041,#3027,#1705,.T.);
#3795=EDGE_CURVE('',#3042,#3030,#1706,.T.);
#3796=EDGE_CURVE('',#3042,#3043,#1707,.T.);
#3797=EDGE_CURVE('',#3043,#3029,#1708,.T.);
#3798=EDGE_CURVE('',#3043,#3044,#1709,.T.);
#3799=EDGE_CURVE('',#3044,#3028,#1710,.T.);
#3800=EDGE_CURVE('',#3044,#3041,#1711,.T.);
#3801=EDGE_CURVE('',#3045,#2973,#1712,.T.);
#3802=EDGE_CURVE('',#3046,#3045,#1713,.T.);
#3803=EDGE_CURVE('',#3046,#2967,#1714,.T.);
#3804=EDGE_CURVE('',#3045,#2971,#1715,.T.);
#3805=EDGE_CURVE('',#2970,#3046,#1716,.T.);
#3806=EDGE_CURVE('',#3047,#3048,#1717,.T.);
#3807=EDGE_CURVE('',#3047,#3031,#1718,.T.);
#3808=EDGE_CURVE('',#3048,#3034,#1719,.T.);
#3809=EDGE_CURVE('',#3048,#3049,#1720,.T.);
#3810=EDGE_CURVE('',#3049,#3033,#1721,.T.);
#3811=EDGE_CURVE('',#3049,#3050,#1722,.T.);
#3812=EDGE_CURVE('',#3050,#3032,#1723,.T.);
#3813=EDGE_CURVE('',#3050,#3047,#1724,.T.);
#3814=EDGE_CURVE('',#3051,#3052,#1725,.T.);
#3815=EDGE_CURVE('',#3051,#3053,#1726,.T.);
#3816=EDGE_CURVE('',#3054,#3053,#1727,.T.);
#3817=EDGE_CURVE('',#3052,#3054,#1728,.T.);
#3818=EDGE_CURVE('',#3052,#3055,#1729,.T.);
#3819=EDGE_CURVE('',#3056,#3054,#1730,.T.);
#3820=EDGE_CURVE('',#3055,#3056,#1731,.T.);
#3821=EDGE_CURVE('',#3055,#3057,#1732,.T.);
#3822=EDGE_CURVE('',#3058,#3056,#1733,.T.);
#3823=EDGE_CURVE('',#3057,#3058,#1734,.T.);
#3824=EDGE_CURVE('',#3057,#3051,#1735,.T.);
#3825=EDGE_CURVE('',#3053,#3058,#1736,.T.);
#3826=EDGE_CURVE('',#3059,#3060,#1737,.T.);
#3827=EDGE_CURVE('',#3061,#3059,#1738,.T.);
#3828=EDGE_CURVE('',#3062,#3061,#1739,.T.);
#3829=EDGE_CURVE('',#3060,#3062,#1740,.T.);
#3830=EDGE_CURVE('',#3063,#3064,#1741,.T.);
#3831=EDGE_CURVE('',#3065,#3063,#1742,.T.);
#3832=EDGE_CURVE('',#3066,#3065,#1743,.T.);
#3833=EDGE_CURVE('',#3064,#3066,#1744,.T.);
#3834=EDGE_CURVE('',#3062,#3067,#1745,.T.);
#3835=EDGE_CURVE('',#3068,#3067,#1746,.T.);
#3836=EDGE_CURVE('',#3060,#3068,#1747,.T.);
#3837=EDGE_CURVE('',#3061,#3069,#1748,.T.);
#3838=EDGE_CURVE('',#3067,#3069,#1749,.T.);
#3839=EDGE_CURVE('',#3070,#3068,#1750,.T.);
#3840=EDGE_CURVE('',#3069,#3070,#1751,.T.);
#3841=EDGE_CURVE('',#3071,#3072,#1752,.T.);
#3842=EDGE_CURVE('',#3073,#3071,#1753,.T.);
#3843=EDGE_CURVE('',#3074,#3073,#1754,.T.);
#3844=EDGE_CURVE('',#3072,#3074,#1755,.T.);
#3845=EDGE_CURVE('',#3075,#3076,#1756,.T.);
#3846=EDGE_CURVE('',#3077,#3075,#1757,.T.);
#3847=EDGE_CURVE('',#3078,#3077,#1758,.T.);
#3848=EDGE_CURVE('',#3076,#3078,#1759,.T.);
#3849=EDGE_CURVE('',#3059,#3070,#1760,.T.);
#3850=EDGE_CURVE('',#3071,#3079,#1761,.T.);
#3851=EDGE_CURVE('',#3080,#3079,#1762,.T.);
#3852=EDGE_CURVE('',#3073,#3080,#1763,.T.);
#3853=EDGE_CURVE('',#3081,#3077,#1764,.T.);
#3854=EDGE_CURVE('',#3082,#3081,#1765,.T.);
#3855=EDGE_CURVE('',#3078,#3082,#1766,.T.);
#3856=EDGE_CURVE('',#3065,#3083,#1767,.T.);
#3857=EDGE_CURVE('',#3084,#3083,#1768,.T.);
#3858=EDGE_CURVE('',#3066,#3084,#1769,.T.);
#3859=EDGE_CURVE('',#3085,#3080,#1770,.T.);
#3860=EDGE_CURVE('',#3085,#3074,#1771,.T.);
#3861=EDGE_CURVE('',#3086,#3084,#1772,.T.);
#3862=EDGE_CURVE('',#3086,#3064,#1773,.T.);
#3863=EDGE_CURVE('',#3075,#3087,#1774,.T.);
#3864=EDGE_CURVE('',#3081,#3087,#1775,.T.);
#3865=EDGE_CURVE('',#3063,#3088,#1776,.T.);
#3866=EDGE_CURVE('',#3083,#3088,#1777,.T.);
#3867=EDGE_CURVE('',#3089,#3082,#1778,.T.);
#3868=EDGE_CURVE('',#3087,#3089,#1779,.T.);
#3869=EDGE_CURVE('',#3079,#3090,#1780,.T.);
#3870=EDGE_CURVE('',#3090,#3085,#1781,.T.);
#3871=EDGE_CURVE('',#3072,#3090,#1782,.T.);
#3872=EDGE_CURVE('',#3076,#3089,#1783,.T.);
#3873=EDGE_CURVE('',#3091,#3092,#1784,.T.);
#3874=EDGE_CURVE('',#3091,#3093,#1785,.T.);
#3875=EDGE_CURVE('',#3094,#3093,#1786,.T.);
#3876=EDGE_CURVE('',#3092,#3094,#1787,.T.);
#3877=EDGE_CURVE('',#3092,#3095,#1788,.T.);
#3878=EDGE_CURVE('',#3096,#3094,#1789,.T.);
#3879=EDGE_CURVE('',#3095,#3096,#1790,.T.);
#3880=EDGE_CURVE('',#3095,#3097,#1791,.T.);
#3881=EDGE_CURVE('',#3098,#3096,#1792,.T.);
#3882=EDGE_CURVE('',#3097,#3098,#1793,.T.);
#3883=EDGE_CURVE('',#3093,#3098,#1794,.T.);
#3884=EDGE_CURVE('',#3099,#3100,#1795,.T.);
#3885=EDGE_CURVE('',#3099,#3101,#1796,.T.);
#3886=EDGE_CURVE('',#3102,#3101,#1797,.T.);
#3887=EDGE_CURVE('',#3100,#3102,#1798,.T.);
#3888=EDGE_CURVE('',#3100,#3103,#1799,.T.);
#3889=EDGE_CURVE('',#3104,#3102,#1800,.T.);
#3890=EDGE_CURVE('',#3103,#3104,#1801,.T.);
#3891=EDGE_CURVE('',#3103,#3105,#1802,.T.);
#3892=EDGE_CURVE('',#3106,#3104,#1803,.T.);
#3893=EDGE_CURVE('',#3105,#3106,#1804,.T.);
#3894=EDGE_CURVE('',#3105,#3099,#1805,.T.);
#3895=EDGE_CURVE('',#3101,#3106,#1806,.T.);
#3896=EDGE_CURVE('',#3097,#3086,#1807,.T.);
#3897=EDGE_CURVE('',#3088,#3091,#1808,.T.);
#3898=EDGE_CURVE('',#3107,#3108,#1809,.T.);
#3899=EDGE_CURVE('',#3108,#3109,#1810,.T.);
#3900=EDGE_CURVE('',#3109,#3110,#1811,.T.);
#3901=EDGE_CURVE('',#3110,#3107,#1812,.T.);
#3902=EDGE_CURVE('',#3110,#3111,#1813,.T.);
#3903=EDGE_CURVE('',#3111,#3112,#1814,.T.);
#3904=EDGE_CURVE('',#3112,#3107,#1815,.T.);
#3905=EDGE_CURVE('',#3113,#3109,#1816,.T.);
#3906=EDGE_CURVE('',#3108,#3114,#1817,.T.);
#3907=EDGE_CURVE('',#3114,#3113,#1818,.T.);
#3908=EDGE_CURVE('',#3112,#3114,#1819,.T.);
#3909=EDGE_CURVE('',#3111,#3113,#1820,.T.);
#3910=ORIENTED_EDGE('',*,*,#3115,.F.);
#3911=ORIENTED_EDGE('',*,*,#3116,.T.);
#3912=ORIENTED_EDGE('',*,*,#3117,.T.);
#3913=ORIENTED_EDGE('',*,*,#3116,.F.);
#3914=ORIENTED_EDGE('',*,*,#3117,.F.);
#3915=ORIENTED_EDGE('',*,*,#3118,.F.);
#3916=ORIENTED_EDGE('',*,*,#3119,.T.);
#3917=ORIENTED_EDGE('',*,*,#3120,.F.);
#3918=ORIENTED_EDGE('',*,*,#3121,.F.);
#3919=ORIENTED_EDGE('',*,*,#3119,.F.);
#3920=ORIENTED_EDGE('',*,*,#3118,.T.);
#3921=ORIENTED_EDGE('',*,*,#3115,.T.);
#3922=ORIENTED_EDGE('',*,*,#3122,.F.);
#3923=ORIENTED_EDGE('',*,*,#3123,.T.);
#3924=ORIENTED_EDGE('',*,*,#3124,.T.);
#3925=ORIENTED_EDGE('',*,*,#3123,.F.);
#3926=ORIENTED_EDGE('',*,*,#3125,.F.);
#3927=ORIENTED_EDGE('',*,*,#3124,.F.);
#3928=ORIENTED_EDGE('',*,*,#3126,.F.);
#3929=ORIENTED_EDGE('',*,*,#3127,.T.);
#3930=ORIENTED_EDGE('',*,*,#3128,.T.);
#3931=ORIENTED_EDGE('',*,*,#3127,.F.);
#3932=ORIENTED_EDGE('',*,*,#3128,.F.);
#3933=ORIENTED_EDGE('',*,*,#3129,.F.);
#3934=ORIENTED_EDGE('',*,*,#3130,.T.);
#3935=ORIENTED_EDGE('',*,*,#3131,.F.);
#3936=ORIENTED_EDGE('',*,*,#3130,.F.);
#3937=ORIENTED_EDGE('',*,*,#3129,.T.);
#3938=ORIENTED_EDGE('',*,*,#3126,.T.);
#3939=ORIENTED_EDGE('',*,*,#3132,.F.);
#3940=ORIENTED_EDGE('',*,*,#3133,.T.);
#3941=ORIENTED_EDGE('',*,*,#3125,.T.);
#3942=ORIENTED_EDGE('',*,*,#3133,.F.);
#3943=ORIENTED_EDGE('',*,*,#3120,.T.);
#3944=ORIENTED_EDGE('',*,*,#3121,.T.);
#3945=ORIENTED_EDGE('',*,*,#3132,.T.);
#3946=ORIENTED_EDGE('',*,*,#3131,.T.);
#3947=ORIENTED_EDGE('',*,*,#3122,.T.);
#3948=ORIENTED_EDGE('',*,*,#3134,.T.);
#3949=ORIENTED_EDGE('',*,*,#3135,.T.);
#3950=ORIENTED_EDGE('',*,*,#3136,.T.);
#3951=ORIENTED_EDGE('',*,*,#3137,.T.);
#3952=ORIENTED_EDGE('',*,*,#3138,.T.);
#3953=ORIENTED_EDGE('',*,*,#3139,.T.);
#3954=ORIENTED_EDGE('',*,*,#3140,.F.);
#3955=ORIENTED_EDGE('',*,*,#3141,.T.);
#3956=ORIENTED_EDGE('',*,*,#3142,.F.);
#3957=ORIENTED_EDGE('',*,*,#3143,.F.);
#3958=ORIENTED_EDGE('',*,*,#3144,.F.);
#3959=ORIENTED_EDGE('',*,*,#3143,.T.);
#3960=ORIENTED_EDGE('',*,*,#3145,.F.);
#3961=ORIENTED_EDGE('',*,*,#3146,.F.);
#3962=ORIENTED_EDGE('',*,*,#3147,.F.);
#3963=ORIENTED_EDGE('',*,*,#3146,.T.);
#3964=ORIENTED_EDGE('',*,*,#3148,.F.);
#3965=ORIENTED_EDGE('',*,*,#3149,.F.);
#3966=ORIENTED_EDGE('',*,*,#3150,.F.);
#3967=ORIENTED_EDGE('',*,*,#3149,.T.);
#3968=ORIENTED_EDGE('',*,*,#3151,.F.);
#3969=ORIENTED_EDGE('',*,*,#3152,.F.);
#3970=ORIENTED_EDGE('',*,*,#3153,.F.);
#3971=ORIENTED_EDGE('',*,*,#3152,.T.);
#3972=ORIENTED_EDGE('',*,*,#3154,.F.);
#3973=ORIENTED_EDGE('',*,*,#3155,.F.);
#3974=ORIENTED_EDGE('',*,*,#3156,.F.);
#3975=ORIENTED_EDGE('',*,*,#3155,.T.);
#3976=ORIENTED_EDGE('',*,*,#3157,.F.);
#3977=ORIENTED_EDGE('',*,*,#3141,.F.);
#3978=ORIENTED_EDGE('',*,*,#3157,.T.);
#3979=ORIENTED_EDGE('',*,*,#3154,.T.);
#3980=ORIENTED_EDGE('',*,*,#3151,.T.);
#3981=ORIENTED_EDGE('',*,*,#3148,.T.);
#3982=ORIENTED_EDGE('',*,*,#3145,.T.);
#3983=ORIENTED_EDGE('',*,*,#3142,.T.);
#3984=ORIENTED_EDGE('',*,*,#3158,.F.);
#3985=ORIENTED_EDGE('',*,*,#3159,.T.);
#3986=ORIENTED_EDGE('',*,*,#3139,.F.);
#3987=ORIENTED_EDGE('',*,*,#3160,.F.);
#3988=ORIENTED_EDGE('',*,*,#3161,.F.);
#3989=ORIENTED_EDGE('',*,*,#3160,.T.);
#3990=ORIENTED_EDGE('',*,*,#3138,.F.);
#3991=ORIENTED_EDGE('',*,*,#3162,.F.);
#3992=ORIENTED_EDGE('',*,*,#3163,.F.);
#3993=ORIENTED_EDGE('',*,*,#3162,.T.);
#3994=ORIENTED_EDGE('',*,*,#3137,.F.);
#3995=ORIENTED_EDGE('',*,*,#3164,.F.);
#3996=ORIENTED_EDGE('',*,*,#3165,.F.);
#3997=ORIENTED_EDGE('',*,*,#3164,.T.);
#3998=ORIENTED_EDGE('',*,*,#3136,.F.);
#3999=ORIENTED_EDGE('',*,*,#3166,.F.);
#4000=ORIENTED_EDGE('',*,*,#3167,.F.);
#4001=ORIENTED_EDGE('',*,*,#3166,.T.);
#4002=ORIENTED_EDGE('',*,*,#3135,.F.);
#4003=ORIENTED_EDGE('',*,*,#3168,.F.);
#4004=ORIENTED_EDGE('',*,*,#3169,.F.);
#4005=ORIENTED_EDGE('',*,*,#3168,.T.);
#4006=ORIENTED_EDGE('',*,*,#3134,.F.);
#4007=ORIENTED_EDGE('',*,*,#3159,.F.);
#4008=ORIENTED_EDGE('',*,*,#3170,.T.);
#4009=ORIENTED_EDGE('',*,*,#3171,.F.);
#4010=ORIENTED_EDGE('',*,*,#3172,.F.);
#4011=ORIENTED_EDGE('',*,*,#3173,.T.);
#4012=ORIENTED_EDGE('',*,*,#3171,.T.);
#4013=ORIENTED_EDGE('',*,*,#3173,.F.);
#4014=ORIENTED_EDGE('',*,*,#3172,.T.);
#4015=ORIENTED_EDGE('',*,*,#3170,.F.);
#4016=ORIENTED_EDGE('',*,*,#3174,.T.);
#4017=ORIENTED_EDGE('',*,*,#3175,.F.);
#4018=ORIENTED_EDGE('',*,*,#3174,.F.);
#4019=ORIENTED_EDGE('',*,*,#3176,.F.);
#4020=ORIENTED_EDGE('',*,*,#3177,.F.);
#4021=ORIENTED_EDGE('',*,*,#3178,.F.);
#4022=ORIENTED_EDGE('',*,*,#3179,.F.);
#4023=ORIENTED_EDGE('',*,*,#3180,.F.);
#4024=ORIENTED_EDGE('',*,*,#3181,.F.);
#4025=ORIENTED_EDGE('',*,*,#3182,.F.);
#4026=ORIENTED_EDGE('',*,*,#3183,.F.);
#4027=ORIENTED_EDGE('',*,*,#3184,.F.);
#4028=ORIENTED_EDGE('',*,*,#3185,.F.);
#4029=ORIENTED_EDGE('',*,*,#3179,.T.);
#4030=ORIENTED_EDGE('',*,*,#3186,.T.);
#4031=ORIENTED_EDGE('',*,*,#3187,.F.);
#4032=ORIENTED_EDGE('',*,*,#3188,.T.);
#4033=ORIENTED_EDGE('',*,*,#3189,.F.);
#4034=ORIENTED_EDGE('',*,*,#3190,.F.);
#4035=ORIENTED_EDGE('',*,*,#3178,.T.);
#4036=ORIENTED_EDGE('',*,*,#3191,.T.);
#4037=ORIENTED_EDGE('',*,*,#3192,.F.);
#4038=ORIENTED_EDGE('',*,*,#3186,.F.);
#4039=ORIENTED_EDGE('',*,*,#3177,.T.);
#4040=ORIENTED_EDGE('',*,*,#3193,.T.);
#4041=ORIENTED_EDGE('',*,*,#3194,.F.);
#4042=ORIENTED_EDGE('',*,*,#3195,.F.);
#4043=ORIENTED_EDGE('',*,*,#3196,.F.);
#4044=ORIENTED_EDGE('',*,*,#3191,.F.);
#4045=ORIENTED_EDGE('',*,*,#3176,.T.);
#4046=ORIENTED_EDGE('',*,*,#3197,.T.);
#4047=ORIENTED_EDGE('',*,*,#3198,.F.);
#4048=ORIENTED_EDGE('',*,*,#3193,.F.);
#4049=ORIENTED_EDGE('',*,*,#3158,.T.);
#4050=ORIENTED_EDGE('',*,*,#3161,.T.);
#4051=ORIENTED_EDGE('',*,*,#3163,.T.);
#4052=ORIENTED_EDGE('',*,*,#3165,.T.);
#4053=ORIENTED_EDGE('',*,*,#3167,.T.);
#4054=ORIENTED_EDGE('',*,*,#3169,.T.);
#4055=ORIENTED_EDGE('',*,*,#3199,.T.);
#4056=ORIENTED_EDGE('',*,*,#3200,.T.);
#4057=ORIENTED_EDGE('',*,*,#3196,.T.);
#4058=ORIENTED_EDGE('',*,*,#3201,.F.);
#4059=ORIENTED_EDGE('',*,*,#3187,.T.);
#4060=ORIENTED_EDGE('',*,*,#3192,.T.);
#4061=ORIENTED_EDGE('',*,*,#3202,.T.);
#4062=ORIENTED_EDGE('',*,*,#3203,.T.);
#4063=ORIENTED_EDGE('',*,*,#3204,.T.);
#4064=ORIENTED_EDGE('',*,*,#3205,.F.);
#4065=ORIENTED_EDGE('',*,*,#3201,.T.);
#4066=ORIENTED_EDGE('',*,*,#3195,.T.);
#4067=ORIENTED_EDGE('',*,*,#3206,.F.);
#4068=ORIENTED_EDGE('',*,*,#3188,.F.);
#4069=ORIENTED_EDGE('',*,*,#3205,.T.);
#4070=ORIENTED_EDGE('',*,*,#3207,.T.);
#4071=ORIENTED_EDGE('',*,*,#3208,.F.);
#4072=ORIENTED_EDGE('',*,*,#3209,.F.);
#4073=ORIENTED_EDGE('',*,*,#3210,.T.);
#4074=ORIENTED_EDGE('',*,*,#3208,.T.);
#4075=ORIENTED_EDGE('',*,*,#3211,.T.);
#4076=ORIENTED_EDGE('',*,*,#3212,.T.);
#4077=ORIENTED_EDGE('',*,*,#3189,.T.);
#4078=ORIENTED_EDGE('',*,*,#3206,.T.);
#4079=ORIENTED_EDGE('',*,*,#3194,.T.);
#4080=ORIENTED_EDGE('',*,*,#3198,.T.);
#4081=ORIENTED_EDGE('',*,*,#3175,.T.);
#4082=ORIENTED_EDGE('',*,*,#3200,.F.);
#4083=ORIENTED_EDGE('',*,*,#3213,.T.);
#4084=ORIENTED_EDGE('',*,*,#3185,.T.);
#4085=ORIENTED_EDGE('',*,*,#3213,.F.);
#4086=ORIENTED_EDGE('',*,*,#3199,.F.);
#4087=ORIENTED_EDGE('',*,*,#3214,.T.);
#4088=ORIENTED_EDGE('',*,*,#3184,.T.);
#4089=ORIENTED_EDGE('',*,*,#3214,.F.);
#4090=ORIENTED_EDGE('',*,*,#3180,.T.);
#4091=ORIENTED_EDGE('',*,*,#3190,.T.);
#4092=ORIENTED_EDGE('',*,*,#3212,.F.);
#4093=ORIENTED_EDGE('',*,*,#3215,.F.);
#4094=ORIENTED_EDGE('',*,*,#3140,.T.);
#4095=ORIENTED_EDGE('',*,*,#3144,.T.);
#4096=ORIENTED_EDGE('',*,*,#3147,.T.);
#4097=ORIENTED_EDGE('',*,*,#3150,.T.);
#4098=ORIENTED_EDGE('',*,*,#3153,.T.);
#4099=ORIENTED_EDGE('',*,*,#3156,.T.);
#4100=ORIENTED_EDGE('',*,*,#3181,.T.);
#4101=ORIENTED_EDGE('',*,*,#3215,.T.);
#4102=ORIENTED_EDGE('',*,*,#3211,.F.);
#4103=ORIENTED_EDGE('',*,*,#3207,.F.);
#4104=ORIENTED_EDGE('',*,*,#3204,.F.);
#4105=ORIENTED_EDGE('',*,*,#3216,.F.);
#4106=ORIENTED_EDGE('',*,*,#3182,.T.);
#4107=ORIENTED_EDGE('',*,*,#3216,.T.);
#4108=ORIENTED_EDGE('',*,*,#3203,.F.);
#4109=ORIENTED_EDGE('',*,*,#3217,.F.);
#4110=ORIENTED_EDGE('',*,*,#3183,.T.);
#4111=ORIENTED_EDGE('',*,*,#3217,.T.);
#4112=ORIENTED_EDGE('',*,*,#3202,.F.);
#4113=ORIENTED_EDGE('',*,*,#3209,.T.);
#4114=ORIENTED_EDGE('',*,*,#3210,.F.);
#4115=ORIENTED_EDGE('',*,*,#3197,.F.);
#4116=ORIENTED_EDGE('',*,*,#3218,.T.);
#4117=ORIENTED_EDGE('',*,*,#3219,.T.);
#4118=ORIENTED_EDGE('',*,*,#3220,.T.);
#4119=ORIENTED_EDGE('',*,*,#3221,.T.);
#4120=ORIENTED_EDGE('',*,*,#3218,.F.);
#4121=ORIENTED_EDGE('',*,*,#3222,.T.);
#4122=ORIENTED_EDGE('',*,*,#3223,.F.);
#4123=ORIENTED_EDGE('',*,*,#3220,.F.);
#4124=ORIENTED_EDGE('',*,*,#3224,.F.);
#4125=ORIENTED_EDGE('',*,*,#3225,.T.);
#4126=ORIENTED_EDGE('',*,*,#3219,.F.);
#4127=ORIENTED_EDGE('',*,*,#3226,.F.);
#4128=ORIENTED_EDGE('',*,*,#3227,.F.);
#4129=ORIENTED_EDGE('',*,*,#3228,.T.);
#4130=ORIENTED_EDGE('',*,*,#3229,.F.);
#4131=ORIENTED_EDGE('',*,*,#3228,.F.);
#4132=ORIENTED_EDGE('',*,*,#3230,.F.);
#4133=ORIENTED_EDGE('',*,*,#3231,.F.);
#4134=ORIENTED_EDGE('',*,*,#3232,.T.);
#4135=ORIENTED_EDGE('',*,*,#3222,.F.);
#4136=ORIENTED_EDGE('',*,*,#3221,.F.);
#4137=ORIENTED_EDGE('',*,*,#3225,.F.);
#4138=ORIENTED_EDGE('',*,*,#3233,.F.);
#4139=ORIENTED_EDGE('',*,*,#3234,.T.);
#4140=ORIENTED_EDGE('',*,*,#3235,.F.);
#4141=ORIENTED_EDGE('',*,*,#3236,.T.);
#4142=ORIENTED_EDGE('',*,*,#3233,.T.);
#4143=ORIENTED_EDGE('',*,*,#3236,.F.);
#4144=ORIENTED_EDGE('',*,*,#3235,.T.);
#4145=ORIENTED_EDGE('',*,*,#3229,.T.);
#4146=ORIENTED_EDGE('',*,*,#3234,.F.);
#4147=ORIENTED_EDGE('',*,*,#3237,.T.);
#4148=ORIENTED_EDGE('',*,*,#3238,.F.);
#4149=ORIENTED_EDGE('',*,*,#3237,.F.);
#4150=ORIENTED_EDGE('',*,*,#3239,.F.);
#4151=ORIENTED_EDGE('',*,*,#3240,.T.);
#4152=ORIENTED_EDGE('',*,*,#3241,.F.);
#4153=ORIENTED_EDGE('',*,*,#3240,.F.);
#4154=ORIENTED_EDGE('',*,*,#3239,.T.);
#4155=ORIENTED_EDGE('',*,*,#3242,.F.);
#4156=ORIENTED_EDGE('',*,*,#3243,.T.);
#4157=ORIENTED_EDGE('',*,*,#3244,.F.);
#4158=ORIENTED_EDGE('',*,*,#3243,.F.);
#4159=ORIENTED_EDGE('',*,*,#3242,.T.);
#4160=ORIENTED_EDGE('',*,*,#3241,.T.);
#4161=ORIENTED_EDGE('',*,*,#3245,.F.);
#4162=ORIENTED_EDGE('',*,*,#3246,.T.);
#4163=ORIENTED_EDGE('',*,*,#3247,.F.);
#4164=ORIENTED_EDGE('',*,*,#3246,.F.);
#4165=ORIENTED_EDGE('',*,*,#3245,.T.);
#4166=ORIENTED_EDGE('',*,*,#3244,.T.);
#4167=ORIENTED_EDGE('',*,*,#3248,.F.);
#4168=ORIENTED_EDGE('',*,*,#3249,.F.);
#4169=ORIENTED_EDGE('',*,*,#3250,.F.);
#4170=ORIENTED_EDGE('',*,*,#3251,.F.);
#4171=ORIENTED_EDGE('',*,*,#3252,.F.);
#4172=ORIENTED_EDGE('',*,*,#3253,.F.);
#4173=ORIENTED_EDGE('',*,*,#3254,.T.);
#4174=ORIENTED_EDGE('',*,*,#3249,.T.);
#4175=ORIENTED_EDGE('',*,*,#3255,.T.);
#4176=ORIENTED_EDGE('',*,*,#3256,.F.);
#4177=ORIENTED_EDGE('',*,*,#3257,.F.);
#4178=ORIENTED_EDGE('',*,*,#3250,.T.);
#4179=ORIENTED_EDGE('',*,*,#3257,.T.);
#4180=ORIENTED_EDGE('',*,*,#3258,.F.);
#4181=ORIENTED_EDGE('',*,*,#3259,.F.);
#4182=ORIENTED_EDGE('',*,*,#3251,.T.);
#4183=ORIENTED_EDGE('',*,*,#3259,.T.);
#4184=ORIENTED_EDGE('',*,*,#3260,.F.);
#4185=ORIENTED_EDGE('',*,*,#3261,.F.);
#4186=ORIENTED_EDGE('',*,*,#3252,.T.);
#4187=ORIENTED_EDGE('',*,*,#3261,.T.);
#4188=ORIENTED_EDGE('',*,*,#3262,.F.);
#4189=ORIENTED_EDGE('',*,*,#3263,.F.);
#4190=ORIENTED_EDGE('',*,*,#3253,.T.);
#4191=ORIENTED_EDGE('',*,*,#3263,.T.);
#4192=ORIENTED_EDGE('',*,*,#3264,.F.);
#4193=ORIENTED_EDGE('',*,*,#3265,.F.);
#4194=ORIENTED_EDGE('',*,*,#3248,.T.);
#4195=ORIENTED_EDGE('',*,*,#3265,.T.);
#4196=ORIENTED_EDGE('',*,*,#3266,.F.);
#4197=ORIENTED_EDGE('',*,*,#3255,.F.);
#4198=ORIENTED_EDGE('',*,*,#3266,.T.);
#4199=ORIENTED_EDGE('',*,*,#3264,.T.);
#4200=ORIENTED_EDGE('',*,*,#3262,.T.);
#4201=ORIENTED_EDGE('',*,*,#3260,.T.);
#4202=ORIENTED_EDGE('',*,*,#3258,.T.);
#4203=ORIENTED_EDGE('',*,*,#3256,.T.);
#4204=ORIENTED_EDGE('',*,*,#3247,.T.);
#4205=ORIENTED_EDGE('',*,*,#3254,.F.);
#4206=ORIENTED_EDGE('',*,*,#3267,.T.);
#4207=ORIENTED_EDGE('',*,*,#3268,.F.);
#4208=ORIENTED_EDGE('',*,*,#3267,.F.);
#4209=ORIENTED_EDGE('',*,*,#3269,.T.);
#4210=ORIENTED_EDGE('',*,*,#3270,.T.);
#4211=ORIENTED_EDGE('',*,*,#3271,.F.);
#4212=ORIENTED_EDGE('',*,*,#3272,.F.);
#4213=ORIENTED_EDGE('',*,*,#3273,.F.);
#4214=ORIENTED_EDGE('',*,*,#3274,.T.);
#4215=ORIENTED_EDGE('',*,*,#3275,.F.);
#4216=ORIENTED_EDGE('',*,*,#3276,.F.);
#4217=ORIENTED_EDGE('',*,*,#3277,.F.);
#4218=ORIENTED_EDGE('',*,*,#3278,.T.);
#4219=ORIENTED_EDGE('',*,*,#3279,.F.);
#4220=ORIENTED_EDGE('',*,*,#3280,.F.);
#4221=ORIENTED_EDGE('',*,*,#3281,.F.);
#4222=ORIENTED_EDGE('',*,*,#3282,.T.);
#4223=ORIENTED_EDGE('',*,*,#3283,.F.);
#4224=ORIENTED_EDGE('',*,*,#3284,.F.);
#4225=ORIENTED_EDGE('',*,*,#3285,.F.);
#4226=ORIENTED_EDGE('',*,*,#3286,.T.);
#4227=ORIENTED_EDGE('',*,*,#3287,.F.);
#4228=ORIENTED_EDGE('',*,*,#3288,.F.);
#4229=ORIENTED_EDGE('',*,*,#3289,.F.);
#4230=ORIENTED_EDGE('',*,*,#3290,.T.);
#4231=ORIENTED_EDGE('',*,*,#3291,.F.);
#4232=ORIENTED_EDGE('',*,*,#3292,.F.);
#4233=ORIENTED_EDGE('',*,*,#3293,.F.);
#4234=ORIENTED_EDGE('',*,*,#3279,.T.);
#4235=ORIENTED_EDGE('',*,*,#3285,.T.);
#4236=ORIENTED_EDGE('',*,*,#3294,.T.);
#4237=ORIENTED_EDGE('',*,*,#3295,.F.);
#4238=ORIENTED_EDGE('',*,*,#3296,.F.);
#4239=ORIENTED_EDGE('',*,*,#3280,.T.);
#4240=ORIENTED_EDGE('',*,*,#3296,.T.);
#4241=ORIENTED_EDGE('',*,*,#3297,.F.);
#4242=ORIENTED_EDGE('',*,*,#3298,.F.);
#4243=ORIENTED_EDGE('',*,*,#3275,.T.);
#4244=ORIENTED_EDGE('',*,*,#3281,.T.);
#4245=ORIENTED_EDGE('',*,*,#3298,.T.);
#4246=ORIENTED_EDGE('',*,*,#3299,.F.);
#4247=ORIENTED_EDGE('',*,*,#3300,.F.);
#4248=ORIENTED_EDGE('',*,*,#3276,.T.);
#4249=ORIENTED_EDGE('',*,*,#3300,.T.);
#4250=ORIENTED_EDGE('',*,*,#3301,.F.);
#4251=ORIENTED_EDGE('',*,*,#3302,.F.);
#4252=ORIENTED_EDGE('',*,*,#3271,.T.);
#4253=ORIENTED_EDGE('',*,*,#3277,.T.);
#4254=ORIENTED_EDGE('',*,*,#3302,.T.);
#4255=ORIENTED_EDGE('',*,*,#3303,.F.);
#4256=ORIENTED_EDGE('',*,*,#3304,.F.);
#4257=ORIENTED_EDGE('',*,*,#3272,.T.);
#4258=ORIENTED_EDGE('',*,*,#3304,.T.);
#4259=ORIENTED_EDGE('',*,*,#3305,.F.);
#4260=ORIENTED_EDGE('',*,*,#3306,.F.);
#4261=ORIENTED_EDGE('',*,*,#3291,.T.);
#4262=ORIENTED_EDGE('',*,*,#3273,.T.);
#4263=ORIENTED_EDGE('',*,*,#3306,.T.);
#4264=ORIENTED_EDGE('',*,*,#3307,.F.);
#4265=ORIENTED_EDGE('',*,*,#3308,.F.);
#4266=ORIENTED_EDGE('',*,*,#3292,.T.);
#4267=ORIENTED_EDGE('',*,*,#3308,.T.);
#4268=ORIENTED_EDGE('',*,*,#3309,.F.);
#4269=ORIENTED_EDGE('',*,*,#3310,.F.);
#4270=ORIENTED_EDGE('',*,*,#3287,.T.);
#4271=ORIENTED_EDGE('',*,*,#3293,.T.);
#4272=ORIENTED_EDGE('',*,*,#3310,.T.);
#4273=ORIENTED_EDGE('',*,*,#3311,.F.);
#4274=ORIENTED_EDGE('',*,*,#3312,.F.);
#4275=ORIENTED_EDGE('',*,*,#3288,.T.);
#4276=ORIENTED_EDGE('',*,*,#3312,.T.);
#4277=ORIENTED_EDGE('',*,*,#3313,.F.);
#4278=ORIENTED_EDGE('',*,*,#3314,.F.);
#4279=ORIENTED_EDGE('',*,*,#3283,.T.);
#4280=ORIENTED_EDGE('',*,*,#3289,.T.);
#4281=ORIENTED_EDGE('',*,*,#3314,.T.);
#4282=ORIENTED_EDGE('',*,*,#3315,.F.);
#4283=ORIENTED_EDGE('',*,*,#3316,.F.);
#4284=ORIENTED_EDGE('',*,*,#3284,.T.);
#4285=ORIENTED_EDGE('',*,*,#3316,.T.);
#4286=ORIENTED_EDGE('',*,*,#3317,.F.);
#4287=ORIENTED_EDGE('',*,*,#3294,.F.);
#4288=ORIENTED_EDGE('',*,*,#3317,.T.);
#4289=ORIENTED_EDGE('',*,*,#3315,.T.);
#4290=ORIENTED_EDGE('',*,*,#3313,.T.);
#4291=ORIENTED_EDGE('',*,*,#3311,.T.);
#4292=ORIENTED_EDGE('',*,*,#3309,.T.);
#4293=ORIENTED_EDGE('',*,*,#3307,.T.);
#4294=ORIENTED_EDGE('',*,*,#3305,.T.);
#4295=ORIENTED_EDGE('',*,*,#3303,.T.);
#4296=ORIENTED_EDGE('',*,*,#3301,.T.);
#4297=ORIENTED_EDGE('',*,*,#3299,.T.);
#4298=ORIENTED_EDGE('',*,*,#3297,.T.);
#4299=ORIENTED_EDGE('',*,*,#3295,.T.);
#4300=ORIENTED_EDGE('',*,*,#3268,.T.);
#4301=ORIENTED_EDGE('',*,*,#3269,.F.);
#4302=ORIENTED_EDGE('',*,*,#3290,.F.);
#4303=ORIENTED_EDGE('',*,*,#3286,.F.);
#4304=ORIENTED_EDGE('',*,*,#3282,.F.);
#4305=ORIENTED_EDGE('',*,*,#3278,.F.);
#4306=ORIENTED_EDGE('',*,*,#3274,.F.);
#4307=ORIENTED_EDGE('',*,*,#3270,.F.);
#4308=ORIENTED_EDGE('',*,*,#3318,.T.);
#4309=ORIENTED_EDGE('',*,*,#3319,.F.);
#4310=ORIENTED_EDGE('',*,*,#3318,.F.);
#4311=ORIENTED_EDGE('',*,*,#3320,.F.);
#4312=ORIENTED_EDGE('',*,*,#3321,.T.);
#4313=ORIENTED_EDGE('',*,*,#3322,.T.);
#4314=ORIENTED_EDGE('',*,*,#3321,.F.);
#4315=ORIENTED_EDGE('',*,*,#3320,.T.);
#4316=ORIENTED_EDGE('',*,*,#3319,.T.);
#4317=ORIENTED_EDGE('',*,*,#3322,.F.);
#4318=ORIENTED_EDGE('',*,*,#3238,.T.);
#4319=ORIENTED_EDGE('',*,*,#3232,.F.);
#4320=ORIENTED_EDGE('',*,*,#3323,.T.);
#4321=ORIENTED_EDGE('',*,*,#3224,.T.);
#4322=ORIENTED_EDGE('',*,*,#3231,.T.);
#4323=ORIENTED_EDGE('',*,*,#3230,.T.);
#4324=ORIENTED_EDGE('',*,*,#3227,.T.);
#4325=ORIENTED_EDGE('',*,*,#3226,.T.);
#4326=ORIENTED_EDGE('',*,*,#3223,.T.);
#4327=ORIENTED_EDGE('',*,*,#3323,.F.);
#4328=ORIENTED_EDGE('',*,*,#3324,.T.);
#4329=ORIENTED_EDGE('',*,*,#3325,.T.);
#4330=ORIENTED_EDGE('',*,*,#3326,.T.);
#4331=ORIENTED_EDGE('',*,*,#3327,.T.);
#4332=ORIENTED_EDGE('',*,*,#3324,.F.);
#4333=ORIENTED_EDGE('',*,*,#3328,.T.);
#4334=ORIENTED_EDGE('',*,*,#3329,.F.);
#4335=ORIENTED_EDGE('',*,*,#3326,.F.);
#4336=ORIENTED_EDGE('',*,*,#3330,.F.);
#4337=ORIENTED_EDGE('',*,*,#3331,.T.);
#4338=ORIENTED_EDGE('',*,*,#3325,.F.);
#4339=ORIENTED_EDGE('',*,*,#3332,.F.);
#4340=ORIENTED_EDGE('',*,*,#3333,.F.);
#4341=ORIENTED_EDGE('',*,*,#3334,.T.);
#4342=ORIENTED_EDGE('',*,*,#3335,.F.);
#4343=ORIENTED_EDGE('',*,*,#3334,.F.);
#4344=ORIENTED_EDGE('',*,*,#3336,.F.);
#4345=ORIENTED_EDGE('',*,*,#3337,.F.);
#4346=ORIENTED_EDGE('',*,*,#3338,.T.);
#4347=ORIENTED_EDGE('',*,*,#3328,.F.);
#4348=ORIENTED_EDGE('',*,*,#3327,.F.);
#4349=ORIENTED_EDGE('',*,*,#3331,.F.);
#4350=ORIENTED_EDGE('',*,*,#3339,.F.);
#4351=ORIENTED_EDGE('',*,*,#3340,.T.);
#4352=ORIENTED_EDGE('',*,*,#3341,.F.);
#4353=ORIENTED_EDGE('',*,*,#3342,.T.);
#4354=ORIENTED_EDGE('',*,*,#3339,.T.);
#4355=ORIENTED_EDGE('',*,*,#3342,.F.);
#4356=ORIENTED_EDGE('',*,*,#3341,.T.);
#4357=ORIENTED_EDGE('',*,*,#3335,.T.);
#4358=ORIENTED_EDGE('',*,*,#3340,.F.);
#4359=ORIENTED_EDGE('',*,*,#3343,.T.);
#4360=ORIENTED_EDGE('',*,*,#3344,.F.);
#4361=ORIENTED_EDGE('',*,*,#3343,.F.);
#4362=ORIENTED_EDGE('',*,*,#3345,.F.);
#4363=ORIENTED_EDGE('',*,*,#3346,.T.);
#4364=ORIENTED_EDGE('',*,*,#3347,.F.);
#4365=ORIENTED_EDGE('',*,*,#3346,.F.);
#4366=ORIENTED_EDGE('',*,*,#3345,.T.);
#4367=ORIENTED_EDGE('',*,*,#3348,.F.);
#4368=ORIENTED_EDGE('',*,*,#3349,.T.);
#4369=ORIENTED_EDGE('',*,*,#3350,.F.);
#4370=ORIENTED_EDGE('',*,*,#3349,.F.);
#4371=ORIENTED_EDGE('',*,*,#3348,.T.);
#4372=ORIENTED_EDGE('',*,*,#3347,.T.);
#4373=ORIENTED_EDGE('',*,*,#3351,.F.);
#4374=ORIENTED_EDGE('',*,*,#3352,.T.);
#4375=ORIENTED_EDGE('',*,*,#3353,.F.);
#4376=ORIENTED_EDGE('',*,*,#3352,.F.);
#4377=ORIENTED_EDGE('',*,*,#3351,.T.);
#4378=ORIENTED_EDGE('',*,*,#3350,.T.);
#4379=ORIENTED_EDGE('',*,*,#3354,.F.);
#4380=ORIENTED_EDGE('',*,*,#3355,.F.);
#4381=ORIENTED_EDGE('',*,*,#3356,.F.);
#4382=ORIENTED_EDGE('',*,*,#3357,.F.);
#4383=ORIENTED_EDGE('',*,*,#3358,.F.);
#4384=ORIENTED_EDGE('',*,*,#3359,.F.);
#4385=ORIENTED_EDGE('',*,*,#3360,.T.);
#4386=ORIENTED_EDGE('',*,*,#3355,.T.);
#4387=ORIENTED_EDGE('',*,*,#3361,.T.);
#4388=ORIENTED_EDGE('',*,*,#3362,.F.);
#4389=ORIENTED_EDGE('',*,*,#3363,.F.);
#4390=ORIENTED_EDGE('',*,*,#3356,.T.);
#4391=ORIENTED_EDGE('',*,*,#3363,.T.);
#4392=ORIENTED_EDGE('',*,*,#3364,.F.);
#4393=ORIENTED_EDGE('',*,*,#3365,.F.);
#4394=ORIENTED_EDGE('',*,*,#3357,.T.);
#4395=ORIENTED_EDGE('',*,*,#3365,.T.);
#4396=ORIENTED_EDGE('',*,*,#3366,.F.);
#4397=ORIENTED_EDGE('',*,*,#3367,.F.);
#4398=ORIENTED_EDGE('',*,*,#3358,.T.);
#4399=ORIENTED_EDGE('',*,*,#3367,.T.);
#4400=ORIENTED_EDGE('',*,*,#3368,.F.);
#4401=ORIENTED_EDGE('',*,*,#3369,.F.);
#4402=ORIENTED_EDGE('',*,*,#3359,.T.);
#4403=ORIENTED_EDGE('',*,*,#3369,.T.);
#4404=ORIENTED_EDGE('',*,*,#3370,.F.);
#4405=ORIENTED_EDGE('',*,*,#3371,.F.);
#4406=ORIENTED_EDGE('',*,*,#3354,.T.);
#4407=ORIENTED_EDGE('',*,*,#3371,.T.);
#4408=ORIENTED_EDGE('',*,*,#3372,.F.);
#4409=ORIENTED_EDGE('',*,*,#3361,.F.);
#4410=ORIENTED_EDGE('',*,*,#3372,.T.);
#4411=ORIENTED_EDGE('',*,*,#3370,.T.);
#4412=ORIENTED_EDGE('',*,*,#3368,.T.);
#4413=ORIENTED_EDGE('',*,*,#3366,.T.);
#4414=ORIENTED_EDGE('',*,*,#3364,.T.);
#4415=ORIENTED_EDGE('',*,*,#3362,.T.);
#4416=ORIENTED_EDGE('',*,*,#3353,.T.);
#4417=ORIENTED_EDGE('',*,*,#3360,.F.);
#4418=ORIENTED_EDGE('',*,*,#3373,.T.);
#4419=ORIENTED_EDGE('',*,*,#3374,.F.);
#4420=ORIENTED_EDGE('',*,*,#3373,.F.);
#4421=ORIENTED_EDGE('',*,*,#3375,.T.);
#4422=ORIENTED_EDGE('',*,*,#3376,.T.);
#4423=ORIENTED_EDGE('',*,*,#3377,.F.);
#4424=ORIENTED_EDGE('',*,*,#3378,.F.);
#4425=ORIENTED_EDGE('',*,*,#3379,.F.);
#4426=ORIENTED_EDGE('',*,*,#3380,.T.);
#4427=ORIENTED_EDGE('',*,*,#3381,.F.);
#4428=ORIENTED_EDGE('',*,*,#3382,.F.);
#4429=ORIENTED_EDGE('',*,*,#3383,.F.);
#4430=ORIENTED_EDGE('',*,*,#3384,.T.);
#4431=ORIENTED_EDGE('',*,*,#3385,.F.);
#4432=ORIENTED_EDGE('',*,*,#3386,.F.);
#4433=ORIENTED_EDGE('',*,*,#3387,.F.);
#4434=ORIENTED_EDGE('',*,*,#3388,.T.);
#4435=ORIENTED_EDGE('',*,*,#3389,.F.);
#4436=ORIENTED_EDGE('',*,*,#3390,.F.);
#4437=ORIENTED_EDGE('',*,*,#3391,.F.);
#4438=ORIENTED_EDGE('',*,*,#3392,.T.);
#4439=ORIENTED_EDGE('',*,*,#3393,.F.);
#4440=ORIENTED_EDGE('',*,*,#3394,.F.);
#4441=ORIENTED_EDGE('',*,*,#3395,.F.);
#4442=ORIENTED_EDGE('',*,*,#3396,.T.);
#4443=ORIENTED_EDGE('',*,*,#3397,.F.);
#4444=ORIENTED_EDGE('',*,*,#3398,.F.);
#4445=ORIENTED_EDGE('',*,*,#3399,.F.);
#4446=ORIENTED_EDGE('',*,*,#3385,.T.);
#4447=ORIENTED_EDGE('',*,*,#3391,.T.);
#4448=ORIENTED_EDGE('',*,*,#3400,.T.);
#4449=ORIENTED_EDGE('',*,*,#3401,.F.);
#4450=ORIENTED_EDGE('',*,*,#3402,.F.);
#4451=ORIENTED_EDGE('',*,*,#3386,.T.);
#4452=ORIENTED_EDGE('',*,*,#3402,.T.);
#4453=ORIENTED_EDGE('',*,*,#3403,.F.);
#4454=ORIENTED_EDGE('',*,*,#3404,.F.);
#4455=ORIENTED_EDGE('',*,*,#3381,.T.);
#4456=ORIENTED_EDGE('',*,*,#3387,.T.);
#4457=ORIENTED_EDGE('',*,*,#3404,.T.);
#4458=ORIENTED_EDGE('',*,*,#3405,.F.);
#4459=ORIENTED_EDGE('',*,*,#3406,.F.);
#4460=ORIENTED_EDGE('',*,*,#3382,.T.);
#4461=ORIENTED_EDGE('',*,*,#3406,.T.);
#4462=ORIENTED_EDGE('',*,*,#3407,.F.);
#4463=ORIENTED_EDGE('',*,*,#3408,.F.);
#4464=ORIENTED_EDGE('',*,*,#3377,.T.);
#4465=ORIENTED_EDGE('',*,*,#3383,.T.);
#4466=ORIENTED_EDGE('',*,*,#3408,.T.);
#4467=ORIENTED_EDGE('',*,*,#3409,.F.);
#4468=ORIENTED_EDGE('',*,*,#3410,.F.);
#4469=ORIENTED_EDGE('',*,*,#3378,.T.);
#4470=ORIENTED_EDGE('',*,*,#3410,.T.);
#4471=ORIENTED_EDGE('',*,*,#3411,.F.);
#4472=ORIENTED_EDGE('',*,*,#3412,.F.);
#4473=ORIENTED_EDGE('',*,*,#3397,.T.);
#4474=ORIENTED_EDGE('',*,*,#3379,.T.);
#4475=ORIENTED_EDGE('',*,*,#3412,.T.);
#4476=ORIENTED_EDGE('',*,*,#3413,.F.);
#4477=ORIENTED_EDGE('',*,*,#3414,.F.);
#4478=ORIENTED_EDGE('',*,*,#3398,.T.);
#4479=ORIENTED_EDGE('',*,*,#3414,.T.);
#4480=ORIENTED_EDGE('',*,*,#3415,.F.);
#4481=ORIENTED_EDGE('',*,*,#3416,.F.);
#4482=ORIENTED_EDGE('',*,*,#3393,.T.);
#4483=ORIENTED_EDGE('',*,*,#3399,.T.);
#4484=ORIENTED_EDGE('',*,*,#3416,.T.);
#4485=ORIENTED_EDGE('',*,*,#3417,.F.);
#4486=ORIENTED_EDGE('',*,*,#3418,.F.);
#4487=ORIENTED_EDGE('',*,*,#3394,.T.);
#4488=ORIENTED_EDGE('',*,*,#3418,.T.);
#4489=ORIENTED_EDGE('',*,*,#3419,.F.);
#4490=ORIENTED_EDGE('',*,*,#3420,.F.);
#4491=ORIENTED_EDGE('',*,*,#3389,.T.);
#4492=ORIENTED_EDGE('',*,*,#3395,.T.);
#4493=ORIENTED_EDGE('',*,*,#3420,.T.);
#4494=ORIENTED_EDGE('',*,*,#3421,.F.);
#4495=ORIENTED_EDGE('',*,*,#3422,.F.);
#4496=ORIENTED_EDGE('',*,*,#3390,.T.);
#4497=ORIENTED_EDGE('',*,*,#3422,.T.);
#4498=ORIENTED_EDGE('',*,*,#3423,.F.);
#4499=ORIENTED_EDGE('',*,*,#3400,.F.);
#4500=ORIENTED_EDGE('',*,*,#3423,.T.);
#4501=ORIENTED_EDGE('',*,*,#3421,.T.);
#4502=ORIENTED_EDGE('',*,*,#3419,.T.);
#4503=ORIENTED_EDGE('',*,*,#3417,.T.);
#4504=ORIENTED_EDGE('',*,*,#3415,.T.);
#4505=ORIENTED_EDGE('',*,*,#3413,.T.);
#4506=ORIENTED_EDGE('',*,*,#3411,.T.);
#4507=ORIENTED_EDGE('',*,*,#3409,.T.);
#4508=ORIENTED_EDGE('',*,*,#3407,.T.);
#4509=ORIENTED_EDGE('',*,*,#3405,.T.);
#4510=ORIENTED_EDGE('',*,*,#3403,.T.);
#4511=ORIENTED_EDGE('',*,*,#3401,.T.);
#4512=ORIENTED_EDGE('',*,*,#3374,.T.);
#4513=ORIENTED_EDGE('',*,*,#3375,.F.);
#4514=ORIENTED_EDGE('',*,*,#3396,.F.);
#4515=ORIENTED_EDGE('',*,*,#3392,.F.);
#4516=ORIENTED_EDGE('',*,*,#3388,.F.);
#4517=ORIENTED_EDGE('',*,*,#3384,.F.);
#4518=ORIENTED_EDGE('',*,*,#3380,.F.);
#4519=ORIENTED_EDGE('',*,*,#3376,.F.);
#4520=ORIENTED_EDGE('',*,*,#3424,.T.);
#4521=ORIENTED_EDGE('',*,*,#3425,.F.);
#4522=ORIENTED_EDGE('',*,*,#3424,.F.);
#4523=ORIENTED_EDGE('',*,*,#3426,.F.);
#4524=ORIENTED_EDGE('',*,*,#3427,.T.);
#4525=ORIENTED_EDGE('',*,*,#3428,.T.);
#4526=ORIENTED_EDGE('',*,*,#3427,.F.);
#4527=ORIENTED_EDGE('',*,*,#3426,.T.);
#4528=ORIENTED_EDGE('',*,*,#3425,.T.);
#4529=ORIENTED_EDGE('',*,*,#3428,.F.);
#4530=ORIENTED_EDGE('',*,*,#3344,.T.);
#4531=ORIENTED_EDGE('',*,*,#3338,.F.);
#4532=ORIENTED_EDGE('',*,*,#3429,.T.);
#4533=ORIENTED_EDGE('',*,*,#3330,.T.);
#4534=ORIENTED_EDGE('',*,*,#3337,.T.);
#4535=ORIENTED_EDGE('',*,*,#3336,.T.);
#4536=ORIENTED_EDGE('',*,*,#3333,.T.);
#4537=ORIENTED_EDGE('',*,*,#3332,.T.);
#4538=ORIENTED_EDGE('',*,*,#3329,.T.);
#4539=ORIENTED_EDGE('',*,*,#3429,.F.);
#4540=ORIENTED_EDGE('',*,*,#3430,.T.);
#4541=ORIENTED_EDGE('',*,*,#3431,.T.);
#4542=ORIENTED_EDGE('',*,*,#3432,.T.);
#4543=ORIENTED_EDGE('',*,*,#3433,.T.);
#4544=ORIENTED_EDGE('',*,*,#3434,.T.);
#4545=ORIENTED_EDGE('',*,*,#3435,.T.);
#4546=ORIENTED_EDGE('',*,*,#3436,.F.);
#4547=ORIENTED_EDGE('',*,*,#3437,.T.);
#4548=ORIENTED_EDGE('',*,*,#3438,.F.);
#4549=ORIENTED_EDGE('',*,*,#3439,.F.);
#4550=ORIENTED_EDGE('',*,*,#3440,.F.);
#4551=ORIENTED_EDGE('',*,*,#3439,.T.);
#4552=ORIENTED_EDGE('',*,*,#3441,.F.);
#4553=ORIENTED_EDGE('',*,*,#3442,.F.);
#4554=ORIENTED_EDGE('',*,*,#3443,.F.);
#4555=ORIENTED_EDGE('',*,*,#3442,.T.);
#4556=ORIENTED_EDGE('',*,*,#3444,.F.);
#4557=ORIENTED_EDGE('',*,*,#3445,.F.);
#4558=ORIENTED_EDGE('',*,*,#3446,.F.);
#4559=ORIENTED_EDGE('',*,*,#3445,.T.);
#4560=ORIENTED_EDGE('',*,*,#3447,.F.);
#4561=ORIENTED_EDGE('',*,*,#3448,.F.);
#4562=ORIENTED_EDGE('',*,*,#3449,.F.);
#4563=ORIENTED_EDGE('',*,*,#3448,.T.);
#4564=ORIENTED_EDGE('',*,*,#3450,.F.);
#4565=ORIENTED_EDGE('',*,*,#3451,.F.);
#4566=ORIENTED_EDGE('',*,*,#3452,.F.);
#4567=ORIENTED_EDGE('',*,*,#3451,.T.);
#4568=ORIENTED_EDGE('',*,*,#3453,.F.);
#4569=ORIENTED_EDGE('',*,*,#3437,.F.);
#4570=ORIENTED_EDGE('',*,*,#3453,.T.);
#4571=ORIENTED_EDGE('',*,*,#3450,.T.);
#4572=ORIENTED_EDGE('',*,*,#3447,.T.);
#4573=ORIENTED_EDGE('',*,*,#3444,.T.);
#4574=ORIENTED_EDGE('',*,*,#3441,.T.);
#4575=ORIENTED_EDGE('',*,*,#3438,.T.);
#4576=ORIENTED_EDGE('',*,*,#3454,.F.);
#4577=ORIENTED_EDGE('',*,*,#3455,.T.);
#4578=ORIENTED_EDGE('',*,*,#3435,.F.);
#4579=ORIENTED_EDGE('',*,*,#3456,.F.);
#4580=ORIENTED_EDGE('',*,*,#3457,.F.);
#4581=ORIENTED_EDGE('',*,*,#3456,.T.);
#4582=ORIENTED_EDGE('',*,*,#3434,.F.);
#4583=ORIENTED_EDGE('',*,*,#3458,.F.);
#4584=ORIENTED_EDGE('',*,*,#3459,.F.);
#4585=ORIENTED_EDGE('',*,*,#3458,.T.);
#4586=ORIENTED_EDGE('',*,*,#3433,.F.);
#4587=ORIENTED_EDGE('',*,*,#3460,.F.);
#4588=ORIENTED_EDGE('',*,*,#3461,.F.);
#4589=ORIENTED_EDGE('',*,*,#3460,.T.);
#4590=ORIENTED_EDGE('',*,*,#3432,.F.);
#4591=ORIENTED_EDGE('',*,*,#3462,.F.);
#4592=ORIENTED_EDGE('',*,*,#3463,.F.);
#4593=ORIENTED_EDGE('',*,*,#3462,.T.);
#4594=ORIENTED_EDGE('',*,*,#3431,.F.);
#4595=ORIENTED_EDGE('',*,*,#3464,.F.);
#4596=ORIENTED_EDGE('',*,*,#3465,.F.);
#4597=ORIENTED_EDGE('',*,*,#3464,.T.);
#4598=ORIENTED_EDGE('',*,*,#3430,.F.);
#4599=ORIENTED_EDGE('',*,*,#3455,.F.);
#4600=ORIENTED_EDGE('',*,*,#3466,.T.);
#4601=ORIENTED_EDGE('',*,*,#3467,.F.);
#4602=ORIENTED_EDGE('',*,*,#3468,.F.);
#4603=ORIENTED_EDGE('',*,*,#3469,.T.);
#4604=ORIENTED_EDGE('',*,*,#3467,.T.);
#4605=ORIENTED_EDGE('',*,*,#3469,.F.);
#4606=ORIENTED_EDGE('',*,*,#3468,.T.);
#4607=ORIENTED_EDGE('',*,*,#3466,.F.);
#4608=ORIENTED_EDGE('',*,*,#3470,.T.);
#4609=ORIENTED_EDGE('',*,*,#3471,.F.);
#4610=ORIENTED_EDGE('',*,*,#3470,.F.);
#4611=ORIENTED_EDGE('',*,*,#3472,.F.);
#4612=ORIENTED_EDGE('',*,*,#3473,.F.);
#4613=ORIENTED_EDGE('',*,*,#3474,.F.);
#4614=ORIENTED_EDGE('',*,*,#3475,.F.);
#4615=ORIENTED_EDGE('',*,*,#3476,.F.);
#4616=ORIENTED_EDGE('',*,*,#3477,.F.);
#4617=ORIENTED_EDGE('',*,*,#3478,.F.);
#4618=ORIENTED_EDGE('',*,*,#3479,.F.);
#4619=ORIENTED_EDGE('',*,*,#3480,.F.);
#4620=ORIENTED_EDGE('',*,*,#3481,.F.);
#4621=ORIENTED_EDGE('',*,*,#3475,.T.);
#4622=ORIENTED_EDGE('',*,*,#3482,.T.);
#4623=ORIENTED_EDGE('',*,*,#3483,.F.);
#4624=ORIENTED_EDGE('',*,*,#3484,.T.);
#4625=ORIENTED_EDGE('',*,*,#3485,.F.);
#4626=ORIENTED_EDGE('',*,*,#3486,.F.);
#4627=ORIENTED_EDGE('',*,*,#3474,.T.);
#4628=ORIENTED_EDGE('',*,*,#3487,.T.);
#4629=ORIENTED_EDGE('',*,*,#3488,.F.);
#4630=ORIENTED_EDGE('',*,*,#3482,.F.);
#4631=ORIENTED_EDGE('',*,*,#3473,.T.);
#4632=ORIENTED_EDGE('',*,*,#3489,.T.);
#4633=ORIENTED_EDGE('',*,*,#3490,.F.);
#4634=ORIENTED_EDGE('',*,*,#3491,.F.);
#4635=ORIENTED_EDGE('',*,*,#3492,.F.);
#4636=ORIENTED_EDGE('',*,*,#3487,.F.);
#4637=ORIENTED_EDGE('',*,*,#3472,.T.);
#4638=ORIENTED_EDGE('',*,*,#3493,.T.);
#4639=ORIENTED_EDGE('',*,*,#3494,.F.);
#4640=ORIENTED_EDGE('',*,*,#3489,.F.);
#4641=ORIENTED_EDGE('',*,*,#3454,.T.);
#4642=ORIENTED_EDGE('',*,*,#3457,.T.);
#4643=ORIENTED_EDGE('',*,*,#3459,.T.);
#4644=ORIENTED_EDGE('',*,*,#3461,.T.);
#4645=ORIENTED_EDGE('',*,*,#3463,.T.);
#4646=ORIENTED_EDGE('',*,*,#3465,.T.);
#4647=ORIENTED_EDGE('',*,*,#3495,.T.);
#4648=ORIENTED_EDGE('',*,*,#3496,.T.);
#4649=ORIENTED_EDGE('',*,*,#3492,.T.);
#4650=ORIENTED_EDGE('',*,*,#3497,.F.);
#4651=ORIENTED_EDGE('',*,*,#3483,.T.);
#4652=ORIENTED_EDGE('',*,*,#3488,.T.);
#4653=ORIENTED_EDGE('',*,*,#3498,.T.);
#4654=ORIENTED_EDGE('',*,*,#3499,.T.);
#4655=ORIENTED_EDGE('',*,*,#3500,.T.);
#4656=ORIENTED_EDGE('',*,*,#3501,.F.);
#4657=ORIENTED_EDGE('',*,*,#3497,.T.);
#4658=ORIENTED_EDGE('',*,*,#3491,.T.);
#4659=ORIENTED_EDGE('',*,*,#3502,.F.);
#4660=ORIENTED_EDGE('',*,*,#3484,.F.);
#4661=ORIENTED_EDGE('',*,*,#3501,.T.);
#4662=ORIENTED_EDGE('',*,*,#3503,.T.);
#4663=ORIENTED_EDGE('',*,*,#3504,.F.);
#4664=ORIENTED_EDGE('',*,*,#3505,.F.);
#4665=ORIENTED_EDGE('',*,*,#3506,.T.);
#4666=ORIENTED_EDGE('',*,*,#3504,.T.);
#4667=ORIENTED_EDGE('',*,*,#3507,.T.);
#4668=ORIENTED_EDGE('',*,*,#3508,.T.);
#4669=ORIENTED_EDGE('',*,*,#3485,.T.);
#4670=ORIENTED_EDGE('',*,*,#3502,.T.);
#4671=ORIENTED_EDGE('',*,*,#3490,.T.);
#4672=ORIENTED_EDGE('',*,*,#3494,.T.);
#4673=ORIENTED_EDGE('',*,*,#3471,.T.);
#4674=ORIENTED_EDGE('',*,*,#3496,.F.);
#4675=ORIENTED_EDGE('',*,*,#3509,.T.);
#4676=ORIENTED_EDGE('',*,*,#3481,.T.);
#4677=ORIENTED_EDGE('',*,*,#3509,.F.);
#4678=ORIENTED_EDGE('',*,*,#3495,.F.);
#4679=ORIENTED_EDGE('',*,*,#3510,.T.);
#4680=ORIENTED_EDGE('',*,*,#3480,.T.);
#4681=ORIENTED_EDGE('',*,*,#3510,.F.);
#4682=ORIENTED_EDGE('',*,*,#3476,.T.);
#4683=ORIENTED_EDGE('',*,*,#3486,.T.);
#4684=ORIENTED_EDGE('',*,*,#3508,.F.);
#4685=ORIENTED_EDGE('',*,*,#3511,.F.);
#4686=ORIENTED_EDGE('',*,*,#3436,.T.);
#4687=ORIENTED_EDGE('',*,*,#3440,.T.);
#4688=ORIENTED_EDGE('',*,*,#3443,.T.);
#4689=ORIENTED_EDGE('',*,*,#3446,.T.);
#4690=ORIENTED_EDGE('',*,*,#3449,.T.);
#4691=ORIENTED_EDGE('',*,*,#3452,.T.);
#4692=ORIENTED_EDGE('',*,*,#3477,.T.);
#4693=ORIENTED_EDGE('',*,*,#3511,.T.);
#4694=ORIENTED_EDGE('',*,*,#3507,.F.);
#4695=ORIENTED_EDGE('',*,*,#3503,.F.);
#4696=ORIENTED_EDGE('',*,*,#3500,.F.);
#4697=ORIENTED_EDGE('',*,*,#3512,.F.);
#4698=ORIENTED_EDGE('',*,*,#3478,.T.);
#4699=ORIENTED_EDGE('',*,*,#3512,.T.);
#4700=ORIENTED_EDGE('',*,*,#3499,.F.);
#4701=ORIENTED_EDGE('',*,*,#3513,.F.);
#4702=ORIENTED_EDGE('',*,*,#3479,.T.);
#4703=ORIENTED_EDGE('',*,*,#3513,.T.);
#4704=ORIENTED_EDGE('',*,*,#3498,.F.);
#4705=ORIENTED_EDGE('',*,*,#3505,.T.);
#4706=ORIENTED_EDGE('',*,*,#3506,.F.);
#4707=ORIENTED_EDGE('',*,*,#3493,.F.);
#4708=ORIENTED_EDGE('',*,*,#3514,.T.);
#4709=ORIENTED_EDGE('',*,*,#3515,.T.);
#4710=ORIENTED_EDGE('',*,*,#3516,.T.);
#4711=ORIENTED_EDGE('',*,*,#3517,.T.);
#4712=ORIENTED_EDGE('',*,*,#3515,.F.);
#4713=ORIENTED_EDGE('',*,*,#3518,.T.);
#4714=ORIENTED_EDGE('',*,*,#3519,.F.);
#4715=ORIENTED_EDGE('',*,*,#3520,.T.);
#4716=ORIENTED_EDGE('',*,*,#3514,.F.);
#4717=ORIENTED_EDGE('',*,*,#3521,.F.);
#4718=ORIENTED_EDGE('',*,*,#3522,.F.);
#4719=ORIENTED_EDGE('',*,*,#3523,.T.);
#4720=ORIENTED_EDGE('',*,*,#3524,.F.);
#4721=ORIENTED_EDGE('',*,*,#3518,.F.);
#4722=ORIENTED_EDGE('',*,*,#3525,.T.);
#4723=ORIENTED_EDGE('',*,*,#3526,.T.);
#4724=ORIENTED_EDGE('',*,*,#3527,.T.);
#4725=ORIENTED_EDGE('',*,*,#3528,.T.);
#4726=ORIENTED_EDGE('',*,*,#3526,.F.);
#4727=ORIENTED_EDGE('',*,*,#3529,.T.);
#4728=ORIENTED_EDGE('',*,*,#3530,.F.);
#4729=ORIENTED_EDGE('',*,*,#3531,.T.);
#4730=ORIENTED_EDGE('',*,*,#3525,.F.);
#4731=ORIENTED_EDGE('',*,*,#3532,.F.);
#4732=ORIENTED_EDGE('',*,*,#3533,.F.);
#4733=ORIENTED_EDGE('',*,*,#3534,.T.);
#4734=ORIENTED_EDGE('',*,*,#3535,.F.);
#4735=ORIENTED_EDGE('',*,*,#3529,.F.);
#4736=ORIENTED_EDGE('',*,*,#3536,.T.);
#4737=ORIENTED_EDGE('',*,*,#3530,.T.);
#4738=ORIENTED_EDGE('',*,*,#3535,.T.);
#4739=ORIENTED_EDGE('',*,*,#3537,.T.);
#4740=ORIENTED_EDGE('',*,*,#3538,.T.);
#4741=ORIENTED_EDGE('',*,*,#3519,.T.);
#4742=ORIENTED_EDGE('',*,*,#3524,.T.);
#4743=ORIENTED_EDGE('',*,*,#3539,.T.);
#4744=ORIENTED_EDGE('',*,*,#3540,.F.);
#4745=ORIENTED_EDGE('',*,*,#3541,.T.);
#4746=ORIENTED_EDGE('',*,*,#3542,.T.);
#4747=ORIENTED_EDGE('',*,*,#3543,.F.);
#4748=ORIENTED_EDGE('',*,*,#3544,.F.);
#4749=ORIENTED_EDGE('',*,*,#3545,.T.);
#4750=ORIENTED_EDGE('',*,*,#3546,.T.);
#4751=ORIENTED_EDGE('',*,*,#3541,.F.);
#4752=ORIENTED_EDGE('',*,*,#3547,.F.);
#4753=ORIENTED_EDGE('',*,*,#3548,.T.);
#4754=ORIENTED_EDGE('',*,*,#3549,.T.);
#4755=ORIENTED_EDGE('',*,*,#3545,.F.);
#4756=ORIENTED_EDGE('',*,*,#3550,.F.);
#4757=ORIENTED_EDGE('',*,*,#3543,.T.);
#4758=ORIENTED_EDGE('',*,*,#3551,.T.);
#4759=ORIENTED_EDGE('',*,*,#3548,.F.);
#4760=ORIENTED_EDGE('',*,*,#3551,.F.);
#4761=ORIENTED_EDGE('',*,*,#3542,.F.);
#4762=ORIENTED_EDGE('',*,*,#3546,.F.);
#4763=ORIENTED_EDGE('',*,*,#3549,.F.);
#4764=ORIENTED_EDGE('',*,*,#3552,.F.);
#4765=ORIENTED_EDGE('',*,*,#3553,.T.);
#4766=ORIENTED_EDGE('',*,*,#3554,.T.);
#4767=ORIENTED_EDGE('',*,*,#3555,.F.);
#4768=ORIENTED_EDGE('',*,*,#3556,.F.);
#4769=ORIENTED_EDGE('',*,*,#3557,.T.);
#4770=ORIENTED_EDGE('',*,*,#3558,.T.);
#4771=ORIENTED_EDGE('',*,*,#3553,.F.);
#4772=ORIENTED_EDGE('',*,*,#3559,.F.);
#4773=ORIENTED_EDGE('',*,*,#3560,.T.);
#4774=ORIENTED_EDGE('',*,*,#3561,.T.);
#4775=ORIENTED_EDGE('',*,*,#3557,.F.);
#4776=ORIENTED_EDGE('',*,*,#3562,.F.);
#4777=ORIENTED_EDGE('',*,*,#3555,.T.);
#4778=ORIENTED_EDGE('',*,*,#3563,.T.);
#4779=ORIENTED_EDGE('',*,*,#3560,.F.);
#4780=ORIENTED_EDGE('',*,*,#3563,.F.);
#4781=ORIENTED_EDGE('',*,*,#3554,.F.);
#4782=ORIENTED_EDGE('',*,*,#3558,.F.);
#4783=ORIENTED_EDGE('',*,*,#3561,.F.);
#4784=ORIENTED_EDGE('',*,*,#3564,.F.);
#4785=ORIENTED_EDGE('',*,*,#3565,.T.);
#4786=ORIENTED_EDGE('',*,*,#3566,.T.);
#4787=ORIENTED_EDGE('',*,*,#3567,.F.);
#4788=ORIENTED_EDGE('',*,*,#3568,.F.);
#4789=ORIENTED_EDGE('',*,*,#3569,.T.);
#4790=ORIENTED_EDGE('',*,*,#3570,.T.);
#4791=ORIENTED_EDGE('',*,*,#3565,.F.);
#4792=ORIENTED_EDGE('',*,*,#3571,.F.);
#4793=ORIENTED_EDGE('',*,*,#3572,.T.);
#4794=ORIENTED_EDGE('',*,*,#3573,.T.);
#4795=ORIENTED_EDGE('',*,*,#3569,.F.);
#4796=ORIENTED_EDGE('',*,*,#3574,.F.);
#4797=ORIENTED_EDGE('',*,*,#3567,.T.);
#4798=ORIENTED_EDGE('',*,*,#3575,.T.);
#4799=ORIENTED_EDGE('',*,*,#3572,.F.);
#4800=ORIENTED_EDGE('',*,*,#3575,.F.);
#4801=ORIENTED_EDGE('',*,*,#3566,.F.);
#4802=ORIENTED_EDGE('',*,*,#3570,.F.);
#4803=ORIENTED_EDGE('',*,*,#3573,.F.);
#4804=ORIENTED_EDGE('',*,*,#3576,.F.);
#4805=ORIENTED_EDGE('',*,*,#3577,.T.);
#4806=ORIENTED_EDGE('',*,*,#3578,.T.);
#4807=ORIENTED_EDGE('',*,*,#3579,.F.);
#4808=ORIENTED_EDGE('',*,*,#3580,.F.);
#4809=ORIENTED_EDGE('',*,*,#3581,.T.);
#4810=ORIENTED_EDGE('',*,*,#3582,.T.);
#4811=ORIENTED_EDGE('',*,*,#3577,.F.);
#4812=ORIENTED_EDGE('',*,*,#3583,.F.);
#4813=ORIENTED_EDGE('',*,*,#3584,.T.);
#4814=ORIENTED_EDGE('',*,*,#3585,.T.);
#4815=ORIENTED_EDGE('',*,*,#3581,.F.);
#4816=ORIENTED_EDGE('',*,*,#3586,.F.);
#4817=ORIENTED_EDGE('',*,*,#3579,.T.);
#4818=ORIENTED_EDGE('',*,*,#3587,.T.);
#4819=ORIENTED_EDGE('',*,*,#3584,.F.);
#4820=ORIENTED_EDGE('',*,*,#3587,.F.);
#4821=ORIENTED_EDGE('',*,*,#3578,.F.);
#4822=ORIENTED_EDGE('',*,*,#3582,.F.);
#4823=ORIENTED_EDGE('',*,*,#3585,.F.);
#4824=ORIENTED_EDGE('',*,*,#3588,.F.);
#4825=ORIENTED_EDGE('',*,*,#3589,.T.);
#4826=ORIENTED_EDGE('',*,*,#3590,.T.);
#4827=ORIENTED_EDGE('',*,*,#3591,.F.);
#4828=ORIENTED_EDGE('',*,*,#3592,.F.);
#4829=ORIENTED_EDGE('',*,*,#3593,.T.);
#4830=ORIENTED_EDGE('',*,*,#3594,.T.);
#4831=ORIENTED_EDGE('',*,*,#3589,.F.);
#4832=ORIENTED_EDGE('',*,*,#3595,.F.);
#4833=ORIENTED_EDGE('',*,*,#3596,.T.);
#4834=ORIENTED_EDGE('',*,*,#3597,.T.);
#4835=ORIENTED_EDGE('',*,*,#3593,.F.);
#4836=ORIENTED_EDGE('',*,*,#3598,.F.);
#4837=ORIENTED_EDGE('',*,*,#3591,.T.);
#4838=ORIENTED_EDGE('',*,*,#3599,.T.);
#4839=ORIENTED_EDGE('',*,*,#3596,.F.);
#4840=ORIENTED_EDGE('',*,*,#3599,.F.);
#4841=ORIENTED_EDGE('',*,*,#3590,.F.);
#4842=ORIENTED_EDGE('',*,*,#3594,.F.);
#4843=ORIENTED_EDGE('',*,*,#3597,.F.);
#4844=ORIENTED_EDGE('',*,*,#3600,.F.);
#4845=ORIENTED_EDGE('',*,*,#3601,.T.);
#4846=ORIENTED_EDGE('',*,*,#3602,.T.);
#4847=ORIENTED_EDGE('',*,*,#3603,.F.);
#4848=ORIENTED_EDGE('',*,*,#3604,.F.);
#4849=ORIENTED_EDGE('',*,*,#3605,.T.);
#4850=ORIENTED_EDGE('',*,*,#3606,.T.);
#4851=ORIENTED_EDGE('',*,*,#3601,.F.);
#4852=ORIENTED_EDGE('',*,*,#3607,.F.);
#4853=ORIENTED_EDGE('',*,*,#3608,.T.);
#4854=ORIENTED_EDGE('',*,*,#3609,.T.);
#4855=ORIENTED_EDGE('',*,*,#3605,.F.);
#4856=ORIENTED_EDGE('',*,*,#3610,.F.);
#4857=ORIENTED_EDGE('',*,*,#3603,.T.);
#4858=ORIENTED_EDGE('',*,*,#3611,.T.);
#4859=ORIENTED_EDGE('',*,*,#3608,.F.);
#4860=ORIENTED_EDGE('',*,*,#3611,.F.);
#4861=ORIENTED_EDGE('',*,*,#3602,.F.);
#4862=ORIENTED_EDGE('',*,*,#3606,.F.);
#4863=ORIENTED_EDGE('',*,*,#3609,.F.);
#4864=ORIENTED_EDGE('',*,*,#3612,.T.);
#4865=ORIENTED_EDGE('',*,*,#3613,.T.);
#4866=ORIENTED_EDGE('',*,*,#3614,.T.);
#4867=ORIENTED_EDGE('',*,*,#3615,.T.);
#4868=ORIENTED_EDGE('',*,*,#3616,.T.);
#4869=ORIENTED_EDGE('',*,*,#3617,.T.);
#4870=ORIENTED_EDGE('',*,*,#3618,.T.);
#4871=ORIENTED_EDGE('',*,*,#3619,.T.);
#4872=ORIENTED_EDGE('',*,*,#3620,.T.);
#4873=ORIENTED_EDGE('',*,*,#3621,.T.);
#4874=ORIENTED_EDGE('',*,*,#3622,.T.);
#4875=ORIENTED_EDGE('',*,*,#3623,.T.);
#4876=ORIENTED_EDGE('',*,*,#3624,.F.);
#4877=ORIENTED_EDGE('',*,*,#3625,.T.);
#4878=ORIENTED_EDGE('',*,*,#3615,.F.);
#4879=ORIENTED_EDGE('',*,*,#3626,.F.);
#4880=ORIENTED_EDGE('',*,*,#3627,.F.);
#4881=ORIENTED_EDGE('',*,*,#3626,.T.);
#4882=ORIENTED_EDGE('',*,*,#3614,.F.);
#4883=ORIENTED_EDGE('',*,*,#3628,.F.);
#4884=ORIENTED_EDGE('',*,*,#3629,.F.);
#4885=ORIENTED_EDGE('',*,*,#3628,.T.);
#4886=ORIENTED_EDGE('',*,*,#3613,.F.);
#4887=ORIENTED_EDGE('',*,*,#3630,.F.);
#4888=ORIENTED_EDGE('',*,*,#3631,.F.);
#4889=ORIENTED_EDGE('',*,*,#3630,.T.);
#4890=ORIENTED_EDGE('',*,*,#3612,.F.);
#4891=ORIENTED_EDGE('',*,*,#3625,.F.);
#4892=ORIENTED_EDGE('',*,*,#3516,.F.);
#4893=ORIENTED_EDGE('',*,*,#3520,.F.);
#4894=ORIENTED_EDGE('',*,*,#3538,.F.);
#4895=ORIENTED_EDGE('',*,*,#3632,.F.);
#4896=ORIENTED_EDGE('',*,*,#3633,.F.);
#4897=ORIENTED_EDGE('',*,*,#3634,.T.);
#4898=ORIENTED_EDGE('',*,*,#3539,.F.);
#4899=ORIENTED_EDGE('',*,*,#3523,.F.);
#4900=ORIENTED_EDGE('',*,*,#3635,.F.);
#4901=ORIENTED_EDGE('',*,*,#3632,.T.);
#4902=ORIENTED_EDGE('',*,*,#3540,.T.);
#4903=ORIENTED_EDGE('',*,*,#3550,.T.);
#4904=ORIENTED_EDGE('',*,*,#3547,.T.);
#4905=ORIENTED_EDGE('',*,*,#3544,.T.);
#4906=ORIENTED_EDGE('',*,*,#3564,.T.);
#4907=ORIENTED_EDGE('',*,*,#3574,.T.);
#4908=ORIENTED_EDGE('',*,*,#3571,.T.);
#4909=ORIENTED_EDGE('',*,*,#3568,.T.);
#4910=ORIENTED_EDGE('',*,*,#3600,.T.);
#4911=ORIENTED_EDGE('',*,*,#3610,.T.);
#4912=ORIENTED_EDGE('',*,*,#3607,.T.);
#4913=ORIENTED_EDGE('',*,*,#3604,.T.);
#4914=ORIENTED_EDGE('',*,*,#3517,.F.);
#4915=ORIENTED_EDGE('',*,*,#3634,.F.);
#4916=ORIENTED_EDGE('',*,*,#3636,.F.);
#4917=ORIENTED_EDGE('',*,*,#3521,.T.);
#4918=ORIENTED_EDGE('',*,*,#3637,.F.);
#4919=ORIENTED_EDGE('',*,*,#3638,.T.);
#4920=ORIENTED_EDGE('',*,*,#3619,.F.);
#4921=ORIENTED_EDGE('',*,*,#3639,.F.);
#4922=ORIENTED_EDGE('',*,*,#3640,.F.);
#4923=ORIENTED_EDGE('',*,*,#3639,.T.);
#4924=ORIENTED_EDGE('',*,*,#3618,.F.);
#4925=ORIENTED_EDGE('',*,*,#3641,.F.);
#4926=ORIENTED_EDGE('',*,*,#3642,.F.);
#4927=ORIENTED_EDGE('',*,*,#3641,.T.);
#4928=ORIENTED_EDGE('',*,*,#3617,.F.);
#4929=ORIENTED_EDGE('',*,*,#3643,.F.);
#4930=ORIENTED_EDGE('',*,*,#3644,.F.);
#4931=ORIENTED_EDGE('',*,*,#3643,.T.);
#4932=ORIENTED_EDGE('',*,*,#3616,.F.);
#4933=ORIENTED_EDGE('',*,*,#3638,.F.);
#4934=ORIENTED_EDGE('',*,*,#3527,.F.);
#4935=ORIENTED_EDGE('',*,*,#3531,.F.);
#4936=ORIENTED_EDGE('',*,*,#3536,.F.);
#4937=ORIENTED_EDGE('',*,*,#3645,.F.);
#4938=ORIENTED_EDGE('',*,*,#3646,.F.);
#4939=ORIENTED_EDGE('',*,*,#3647,.T.);
#4940=ORIENTED_EDGE('',*,*,#3537,.F.);
#4941=ORIENTED_EDGE('',*,*,#3534,.F.);
#4942=ORIENTED_EDGE('',*,*,#3648,.F.);
#4943=ORIENTED_EDGE('',*,*,#3645,.T.);
#4944=ORIENTED_EDGE('',*,*,#3552,.T.);
#4945=ORIENTED_EDGE('',*,*,#3562,.T.);
#4946=ORIENTED_EDGE('',*,*,#3559,.T.);
#4947=ORIENTED_EDGE('',*,*,#3556,.T.);
#4948=ORIENTED_EDGE('',*,*,#3576,.T.);
#4949=ORIENTED_EDGE('',*,*,#3586,.T.);
#4950=ORIENTED_EDGE('',*,*,#3583,.T.);
#4951=ORIENTED_EDGE('',*,*,#3580,.T.);
#4952=ORIENTED_EDGE('',*,*,#3588,.T.);
#4953=ORIENTED_EDGE('',*,*,#3598,.T.);
#4954=ORIENTED_EDGE('',*,*,#3595,.T.);
#4955=ORIENTED_EDGE('',*,*,#3592,.T.);
#4956=ORIENTED_EDGE('',*,*,#3528,.F.);
#4957=ORIENTED_EDGE('',*,*,#3647,.F.);
#4958=ORIENTED_EDGE('',*,*,#3649,.F.);
#4959=ORIENTED_EDGE('',*,*,#3532,.T.);
#4960=ORIENTED_EDGE('',*,*,#3650,.F.);
#4961=ORIENTED_EDGE('',*,*,#3651,.T.);
#4962=ORIENTED_EDGE('',*,*,#3623,.F.);
#4963=ORIENTED_EDGE('',*,*,#3652,.F.);
#4964=ORIENTED_EDGE('',*,*,#3653,.F.);
#4965=ORIENTED_EDGE('',*,*,#3652,.T.);
#4966=ORIENTED_EDGE('',*,*,#3622,.F.);
#4967=ORIENTED_EDGE('',*,*,#3654,.F.);
#4968=ORIENTED_EDGE('',*,*,#3655,.F.);
#4969=ORIENTED_EDGE('',*,*,#3654,.T.);
#4970=ORIENTED_EDGE('',*,*,#3621,.F.);
#4971=ORIENTED_EDGE('',*,*,#3656,.F.);
#4972=ORIENTED_EDGE('',*,*,#3657,.F.);
#4973=ORIENTED_EDGE('',*,*,#3656,.T.);
#4974=ORIENTED_EDGE('',*,*,#3620,.F.);
#4975=ORIENTED_EDGE('',*,*,#3651,.F.);
#4976=ORIENTED_EDGE('',*,*,#3658,.F.);
#4977=ORIENTED_EDGE('',*,*,#3659,.T.);
#4978=ORIENTED_EDGE('',*,*,#3660,.F.);
#4979=ORIENTED_EDGE('',*,*,#3661,.F.);
#4980=ORIENTED_EDGE('',*,*,#3662,.F.);
#4981=ORIENTED_EDGE('',*,*,#3661,.T.);
#4982=ORIENTED_EDGE('',*,*,#3663,.F.);
#4983=ORIENTED_EDGE('',*,*,#3664,.F.);
#4984=ORIENTED_EDGE('',*,*,#3665,.F.);
#4985=ORIENTED_EDGE('',*,*,#3664,.T.);
#4986=ORIENTED_EDGE('',*,*,#3666,.F.);
#4987=ORIENTED_EDGE('',*,*,#3667,.F.);
#4988=ORIENTED_EDGE('',*,*,#3668,.F.);
#4989=ORIENTED_EDGE('',*,*,#3667,.T.);
#4990=ORIENTED_EDGE('',*,*,#3669,.F.);
#4991=ORIENTED_EDGE('',*,*,#3659,.F.);
#4992=ORIENTED_EDGE('',*,*,#3669,.T.);
#4993=ORIENTED_EDGE('',*,*,#3666,.T.);
#4994=ORIENTED_EDGE('',*,*,#3663,.T.);
#4995=ORIENTED_EDGE('',*,*,#3660,.T.);
#4996=ORIENTED_EDGE('',*,*,#3624,.T.);
#4997=ORIENTED_EDGE('',*,*,#3627,.T.);
#4998=ORIENTED_EDGE('',*,*,#3629,.T.);
#4999=ORIENTED_EDGE('',*,*,#3631,.T.);
#5000=ORIENTED_EDGE('',*,*,#3633,.T.);
#5001=ORIENTED_EDGE('',*,*,#3635,.T.);
#5002=ORIENTED_EDGE('',*,*,#3522,.T.);
#5003=ORIENTED_EDGE('',*,*,#3636,.T.);
#5004=ORIENTED_EDGE('',*,*,#3637,.T.);
#5005=ORIENTED_EDGE('',*,*,#3640,.T.);
#5006=ORIENTED_EDGE('',*,*,#3642,.T.);
#5007=ORIENTED_EDGE('',*,*,#3644,.T.);
#5008=ORIENTED_EDGE('',*,*,#3646,.T.);
#5009=ORIENTED_EDGE('',*,*,#3648,.T.);
#5010=ORIENTED_EDGE('',*,*,#3533,.T.);
#5011=ORIENTED_EDGE('',*,*,#3649,.T.);
#5012=ORIENTED_EDGE('',*,*,#3650,.T.);
#5013=ORIENTED_EDGE('',*,*,#3653,.T.);
#5014=ORIENTED_EDGE('',*,*,#3655,.T.);
#5015=ORIENTED_EDGE('',*,*,#3657,.T.);
#5016=ORIENTED_EDGE('',*,*,#3668,.T.);
#5017=ORIENTED_EDGE('',*,*,#3658,.T.);
#5018=ORIENTED_EDGE('',*,*,#3662,.T.);
#5019=ORIENTED_EDGE('',*,*,#3665,.T.);
#5020=ORIENTED_EDGE('',*,*,#3670,.T.);
#5021=ORIENTED_EDGE('',*,*,#3671,.T.);
#5022=ORIENTED_EDGE('',*,*,#3672,.T.);
#5023=ORIENTED_EDGE('',*,*,#3673,.T.);
#5024=ORIENTED_EDGE('',*,*,#3671,.F.);
#5025=ORIENTED_EDGE('',*,*,#3674,.T.);
#5026=ORIENTED_EDGE('',*,*,#3675,.F.);
#5027=ORIENTED_EDGE('',*,*,#3676,.T.);
#5028=ORIENTED_EDGE('',*,*,#3670,.F.);
#5029=ORIENTED_EDGE('',*,*,#3677,.F.);
#5030=ORIENTED_EDGE('',*,*,#3678,.F.);
#5031=ORIENTED_EDGE('',*,*,#3679,.T.);
#5032=ORIENTED_EDGE('',*,*,#3680,.F.);
#5033=ORIENTED_EDGE('',*,*,#3674,.F.);
#5034=ORIENTED_EDGE('',*,*,#3681,.T.);
#5035=ORIENTED_EDGE('',*,*,#3682,.T.);
#5036=ORIENTED_EDGE('',*,*,#3683,.T.);
#5037=ORIENTED_EDGE('',*,*,#3684,.T.);
#5038=ORIENTED_EDGE('',*,*,#3682,.F.);
#5039=ORIENTED_EDGE('',*,*,#3685,.T.);
#5040=ORIENTED_EDGE('',*,*,#3686,.F.);
#5041=ORIENTED_EDGE('',*,*,#3687,.T.);
#5042=ORIENTED_EDGE('',*,*,#3681,.F.);
#5043=ORIENTED_EDGE('',*,*,#3688,.F.);
#5044=ORIENTED_EDGE('',*,*,#3689,.F.);
#5045=ORIENTED_EDGE('',*,*,#3690,.T.);
#5046=ORIENTED_EDGE('',*,*,#3691,.F.);
#5047=ORIENTED_EDGE('',*,*,#3685,.F.);
#5048=ORIENTED_EDGE('',*,*,#3692,.T.);
#5049=ORIENTED_EDGE('',*,*,#3686,.T.);
#5050=ORIENTED_EDGE('',*,*,#3691,.T.);
#5051=ORIENTED_EDGE('',*,*,#3693,.T.);
#5052=ORIENTED_EDGE('',*,*,#3694,.T.);
#5053=ORIENTED_EDGE('',*,*,#3675,.T.);
#5054=ORIENTED_EDGE('',*,*,#3680,.T.);
#5055=ORIENTED_EDGE('',*,*,#3695,.T.);
#5056=ORIENTED_EDGE('',*,*,#3696,.F.);
#5057=ORIENTED_EDGE('',*,*,#3697,.T.);
#5058=ORIENTED_EDGE('',*,*,#3698,.T.);
#5059=ORIENTED_EDGE('',*,*,#3699,.F.);
#5060=ORIENTED_EDGE('',*,*,#3700,.F.);
#5061=ORIENTED_EDGE('',*,*,#3701,.T.);
#5062=ORIENTED_EDGE('',*,*,#3702,.T.);
#5063=ORIENTED_EDGE('',*,*,#3697,.F.);
#5064=ORIENTED_EDGE('',*,*,#3703,.F.);
#5065=ORIENTED_EDGE('',*,*,#3704,.T.);
#5066=ORIENTED_EDGE('',*,*,#3705,.T.);
#5067=ORIENTED_EDGE('',*,*,#3701,.F.);
#5068=ORIENTED_EDGE('',*,*,#3706,.F.);
#5069=ORIENTED_EDGE('',*,*,#3699,.T.);
#5070=ORIENTED_EDGE('',*,*,#3707,.T.);
#5071=ORIENTED_EDGE('',*,*,#3704,.F.);
#5072=ORIENTED_EDGE('',*,*,#3707,.F.);
#5073=ORIENTED_EDGE('',*,*,#3698,.F.);
#5074=ORIENTED_EDGE('',*,*,#3702,.F.);
#5075=ORIENTED_EDGE('',*,*,#3705,.F.);
#5076=ORIENTED_EDGE('',*,*,#3708,.F.);
#5077=ORIENTED_EDGE('',*,*,#3709,.T.);
#5078=ORIENTED_EDGE('',*,*,#3710,.T.);
#5079=ORIENTED_EDGE('',*,*,#3711,.F.);
#5080=ORIENTED_EDGE('',*,*,#3712,.F.);
#5081=ORIENTED_EDGE('',*,*,#3713,.T.);
#5082=ORIENTED_EDGE('',*,*,#3714,.T.);
#5083=ORIENTED_EDGE('',*,*,#3709,.F.);
#5084=ORIENTED_EDGE('',*,*,#3715,.F.);
#5085=ORIENTED_EDGE('',*,*,#3716,.T.);
#5086=ORIENTED_EDGE('',*,*,#3717,.T.);
#5087=ORIENTED_EDGE('',*,*,#3713,.F.);
#5088=ORIENTED_EDGE('',*,*,#3718,.F.);
#5089=ORIENTED_EDGE('',*,*,#3711,.T.);
#5090=ORIENTED_EDGE('',*,*,#3719,.T.);
#5091=ORIENTED_EDGE('',*,*,#3716,.F.);
#5092=ORIENTED_EDGE('',*,*,#3719,.F.);
#5093=ORIENTED_EDGE('',*,*,#3710,.F.);
#5094=ORIENTED_EDGE('',*,*,#3714,.F.);
#5095=ORIENTED_EDGE('',*,*,#3717,.F.);
#5096=ORIENTED_EDGE('',*,*,#3720,.F.);
#5097=ORIENTED_EDGE('',*,*,#3721,.T.);
#5098=ORIENTED_EDGE('',*,*,#3722,.T.);
#5099=ORIENTED_EDGE('',*,*,#3723,.F.);
#5100=ORIENTED_EDGE('',*,*,#3724,.F.);
#5101=ORIENTED_EDGE('',*,*,#3725,.T.);
#5102=ORIENTED_EDGE('',*,*,#3726,.T.);
#5103=ORIENTED_EDGE('',*,*,#3721,.F.);
#5104=ORIENTED_EDGE('',*,*,#3727,.F.);
#5105=ORIENTED_EDGE('',*,*,#3728,.T.);
#5106=ORIENTED_EDGE('',*,*,#3729,.T.);
#5107=ORIENTED_EDGE('',*,*,#3725,.F.);
#5108=ORIENTED_EDGE('',*,*,#3730,.F.);
#5109=ORIENTED_EDGE('',*,*,#3723,.T.);
#5110=ORIENTED_EDGE('',*,*,#3731,.T.);
#5111=ORIENTED_EDGE('',*,*,#3728,.F.);
#5112=ORIENTED_EDGE('',*,*,#3731,.F.);
#5113=ORIENTED_EDGE('',*,*,#3722,.F.);
#5114=ORIENTED_EDGE('',*,*,#3726,.F.);
#5115=ORIENTED_EDGE('',*,*,#3729,.F.);
#5116=ORIENTED_EDGE('',*,*,#3732,.F.);
#5117=ORIENTED_EDGE('',*,*,#3733,.T.);
#5118=ORIENTED_EDGE('',*,*,#3734,.T.);
#5119=ORIENTED_EDGE('',*,*,#3735,.F.);
#5120=ORIENTED_EDGE('',*,*,#3736,.F.);
#5121=ORIENTED_EDGE('',*,*,#3737,.T.);
#5122=ORIENTED_EDGE('',*,*,#3738,.T.);
#5123=ORIENTED_EDGE('',*,*,#3733,.F.);
#5124=ORIENTED_EDGE('',*,*,#3739,.F.);
#5125=ORIENTED_EDGE('',*,*,#3740,.T.);
#5126=ORIENTED_EDGE('',*,*,#3741,.T.);
#5127=ORIENTED_EDGE('',*,*,#3737,.F.);
#5128=ORIENTED_EDGE('',*,*,#3742,.F.);
#5129=ORIENTED_EDGE('',*,*,#3735,.T.);
#5130=ORIENTED_EDGE('',*,*,#3743,.T.);
#5131=ORIENTED_EDGE('',*,*,#3740,.F.);
#5132=ORIENTED_EDGE('',*,*,#3743,.F.);
#5133=ORIENTED_EDGE('',*,*,#3734,.F.);
#5134=ORIENTED_EDGE('',*,*,#3738,.F.);
#5135=ORIENTED_EDGE('',*,*,#3741,.F.);
#5136=ORIENTED_EDGE('',*,*,#3744,.F.);
#5137=ORIENTED_EDGE('',*,*,#3745,.T.);
#5138=ORIENTED_EDGE('',*,*,#3746,.T.);
#5139=ORIENTED_EDGE('',*,*,#3747,.F.);
#5140=ORIENTED_EDGE('',*,*,#3748,.F.);
#5141=ORIENTED_EDGE('',*,*,#3749,.T.);
#5142=ORIENTED_EDGE('',*,*,#3750,.T.);
#5143=ORIENTED_EDGE('',*,*,#3745,.F.);
#5144=ORIENTED_EDGE('',*,*,#3751,.F.);
#5145=ORIENTED_EDGE('',*,*,#3752,.T.);
#5146=ORIENTED_EDGE('',*,*,#3753,.T.);
#5147=ORIENTED_EDGE('',*,*,#3749,.F.);
#5148=ORIENTED_EDGE('',*,*,#3754,.F.);
#5149=ORIENTED_EDGE('',*,*,#3747,.T.);
#5150=ORIENTED_EDGE('',*,*,#3755,.T.);
#5151=ORIENTED_EDGE('',*,*,#3752,.F.);
#5152=ORIENTED_EDGE('',*,*,#3755,.F.);
#5153=ORIENTED_EDGE('',*,*,#3746,.F.);
#5154=ORIENTED_EDGE('',*,*,#3750,.F.);
#5155=ORIENTED_EDGE('',*,*,#3753,.F.);
#5156=ORIENTED_EDGE('',*,*,#3756,.F.);
#5157=ORIENTED_EDGE('',*,*,#3757,.T.);
#5158=ORIENTED_EDGE('',*,*,#3758,.T.);
#5159=ORIENTED_EDGE('',*,*,#3759,.F.);
#5160=ORIENTED_EDGE('',*,*,#3760,.F.);
#5161=ORIENTED_EDGE('',*,*,#3761,.T.);
#5162=ORIENTED_EDGE('',*,*,#3762,.T.);
#5163=ORIENTED_EDGE('',*,*,#3757,.F.);
#5164=ORIENTED_EDGE('',*,*,#3763,.F.);
#5165=ORIENTED_EDGE('',*,*,#3764,.T.);
#5166=ORIENTED_EDGE('',*,*,#3765,.T.);
#5167=ORIENTED_EDGE('',*,*,#3761,.F.);
#5168=ORIENTED_EDGE('',*,*,#3766,.F.);
#5169=ORIENTED_EDGE('',*,*,#3759,.T.);
#5170=ORIENTED_EDGE('',*,*,#3767,.T.);
#5171=ORIENTED_EDGE('',*,*,#3764,.F.);
#5172=ORIENTED_EDGE('',*,*,#3767,.F.);
#5173=ORIENTED_EDGE('',*,*,#3758,.F.);
#5174=ORIENTED_EDGE('',*,*,#3762,.F.);
#5175=ORIENTED_EDGE('',*,*,#3765,.F.);
#5176=ORIENTED_EDGE('',*,*,#3768,.T.);
#5177=ORIENTED_EDGE('',*,*,#3769,.T.);
#5178=ORIENTED_EDGE('',*,*,#3770,.T.);
#5179=ORIENTED_EDGE('',*,*,#3771,.T.);
#5180=ORIENTED_EDGE('',*,*,#3772,.T.);
#5181=ORIENTED_EDGE('',*,*,#3773,.T.);
#5182=ORIENTED_EDGE('',*,*,#3774,.T.);
#5183=ORIENTED_EDGE('',*,*,#3775,.T.);
#5184=ORIENTED_EDGE('',*,*,#3776,.T.);
#5185=ORIENTED_EDGE('',*,*,#3777,.T.);
#5186=ORIENTED_EDGE('',*,*,#3778,.T.);
#5187=ORIENTED_EDGE('',*,*,#3779,.T.);
#5188=ORIENTED_EDGE('',*,*,#3780,.F.);
#5189=ORIENTED_EDGE('',*,*,#3781,.T.);
#5190=ORIENTED_EDGE('',*,*,#3771,.F.);
#5191=ORIENTED_EDGE('',*,*,#3782,.F.);
#5192=ORIENTED_EDGE('',*,*,#3783,.F.);
#5193=ORIENTED_EDGE('',*,*,#3782,.T.);
#5194=ORIENTED_EDGE('',*,*,#3770,.F.);
#5195=ORIENTED_EDGE('',*,*,#3784,.F.);
#5196=ORIENTED_EDGE('',*,*,#3785,.F.);
#5197=ORIENTED_EDGE('',*,*,#3784,.T.);
#5198=ORIENTED_EDGE('',*,*,#3769,.F.);
#5199=ORIENTED_EDGE('',*,*,#3786,.F.);
#5200=ORIENTED_EDGE('',*,*,#3787,.F.);
#5201=ORIENTED_EDGE('',*,*,#3786,.T.);
#5202=ORIENTED_EDGE('',*,*,#3768,.F.);
#5203=ORIENTED_EDGE('',*,*,#3781,.F.);
#5204=ORIENTED_EDGE('',*,*,#3672,.F.);
#5205=ORIENTED_EDGE('',*,*,#3676,.F.);
#5206=ORIENTED_EDGE('',*,*,#3694,.F.);
#5207=ORIENTED_EDGE('',*,*,#3788,.F.);
#5208=ORIENTED_EDGE('',*,*,#3789,.F.);
#5209=ORIENTED_EDGE('',*,*,#3790,.T.);
#5210=ORIENTED_EDGE('',*,*,#3695,.F.);
#5211=ORIENTED_EDGE('',*,*,#3679,.F.);
#5212=ORIENTED_EDGE('',*,*,#3791,.F.);
#5213=ORIENTED_EDGE('',*,*,#3788,.T.);
#5214=ORIENTED_EDGE('',*,*,#3696,.T.);
#5215=ORIENTED_EDGE('',*,*,#3706,.T.);
#5216=ORIENTED_EDGE('',*,*,#3703,.T.);
#5217=ORIENTED_EDGE('',*,*,#3700,.T.);
#5218=ORIENTED_EDGE('',*,*,#3720,.T.);
#5219=ORIENTED_EDGE('',*,*,#3730,.T.);
#5220=ORIENTED_EDGE('',*,*,#3727,.T.);
#5221=ORIENTED_EDGE('',*,*,#3724,.T.);
#5222=ORIENTED_EDGE('',*,*,#3756,.T.);
#5223=ORIENTED_EDGE('',*,*,#3766,.T.);
#5224=ORIENTED_EDGE('',*,*,#3763,.T.);
#5225=ORIENTED_EDGE('',*,*,#3760,.T.);
#5226=ORIENTED_EDGE('',*,*,#3673,.F.);
#5227=ORIENTED_EDGE('',*,*,#3790,.F.);
#5228=ORIENTED_EDGE('',*,*,#3792,.F.);
#5229=ORIENTED_EDGE('',*,*,#3677,.T.);
#5230=ORIENTED_EDGE('',*,*,#3793,.F.);
#5231=ORIENTED_EDGE('',*,*,#3794,.T.);
#5232=ORIENTED_EDGE('',*,*,#3775,.F.);
#5233=ORIENTED_EDGE('',*,*,#3795,.F.);
#5234=ORIENTED_EDGE('',*,*,#3796,.F.);
#5235=ORIENTED_EDGE('',*,*,#3795,.T.);
#5236=ORIENTED_EDGE('',*,*,#3774,.F.);
#5237=ORIENTED_EDGE('',*,*,#3797,.F.);
#5238=ORIENTED_EDGE('',*,*,#3798,.F.);
#5239=ORIENTED_EDGE('',*,*,#3797,.T.);
#5240=ORIENTED_EDGE('',*,*,#3773,.F.);
#5241=ORIENTED_EDGE('',*,*,#3799,.F.);
#5242=ORIENTED_EDGE('',*,*,#3800,.F.);
#5243=ORIENTED_EDGE('',*,*,#3799,.T.);
#5244=ORIENTED_EDGE('',*,*,#3772,.F.);
#5245=ORIENTED_EDGE('',*,*,#3794,.F.);
#5246=ORIENTED_EDGE('',*,*,#3683,.F.);
#5247=ORIENTED_EDGE('',*,*,#3687,.F.);
#5248=ORIENTED_EDGE('',*,*,#3692,.F.);
#5249=ORIENTED_EDGE('',*,*,#3801,.F.);
#5250=ORIENTED_EDGE('',*,*,#3802,.F.);
#5251=ORIENTED_EDGE('',*,*,#3803,.T.);
#5252=ORIENTED_EDGE('',*,*,#3693,.F.);
#5253=ORIENTED_EDGE('',*,*,#3690,.F.);
#5254=ORIENTED_EDGE('',*,*,#3804,.F.);
#5255=ORIENTED_EDGE('',*,*,#3801,.T.);
#5256=ORIENTED_EDGE('',*,*,#3708,.T.);
#5257=ORIENTED_EDGE('',*,*,#3718,.T.);
#5258=ORIENTED_EDGE('',*,*,#3715,.T.);
#5259=ORIENTED_EDGE('',*,*,#3712,.T.);
#5260=ORIENTED_EDGE('',*,*,#3732,.T.);
#5261=ORIENTED_EDGE('',*,*,#3742,.T.);
#5262=ORIENTED_EDGE('',*,*,#3739,.T.);
#5263=ORIENTED_EDGE('',*,*,#3736,.T.);
#5264=ORIENTED_EDGE('',*,*,#3744,.T.);
#5265=ORIENTED_EDGE('',*,*,#3754,.T.);
#5266=ORIENTED_EDGE('',*,*,#3751,.T.);
#5267=ORIENTED_EDGE('',*,*,#3748,.T.);
#5268=ORIENTED_EDGE('',*,*,#3684,.F.);
#5269=ORIENTED_EDGE('',*,*,#3803,.F.);
#5270=ORIENTED_EDGE('',*,*,#3805,.F.);
#5271=ORIENTED_EDGE('',*,*,#3688,.T.);
#5272=ORIENTED_EDGE('',*,*,#3806,.F.);
#5273=ORIENTED_EDGE('',*,*,#3807,.T.);
#5274=ORIENTED_EDGE('',*,*,#3779,.F.);
#5275=ORIENTED_EDGE('',*,*,#3808,.F.);
#5276=ORIENTED_EDGE('',*,*,#3809,.F.);
#5277=ORIENTED_EDGE('',*,*,#3808,.T.);
#5278=ORIENTED_EDGE('',*,*,#3778,.F.);
#5279=ORIENTED_EDGE('',*,*,#3810,.F.);
#5280=ORIENTED_EDGE('',*,*,#3811,.F.);
#5281=ORIENTED_EDGE('',*,*,#3810,.T.);
#5282=ORIENTED_EDGE('',*,*,#3777,.F.);
#5283=ORIENTED_EDGE('',*,*,#3812,.F.);
#5284=ORIENTED_EDGE('',*,*,#3813,.F.);
#5285=ORIENTED_EDGE('',*,*,#3812,.T.);
#5286=ORIENTED_EDGE('',*,*,#3776,.F.);
#5287=ORIENTED_EDGE('',*,*,#3807,.F.);
#5288=ORIENTED_EDGE('',*,*,#3814,.F.);
#5289=ORIENTED_EDGE('',*,*,#3815,.T.);
#5290=ORIENTED_EDGE('',*,*,#3816,.F.);
#5291=ORIENTED_EDGE('',*,*,#3817,.F.);
#5292=ORIENTED_EDGE('',*,*,#3818,.F.);
#5293=ORIENTED_EDGE('',*,*,#3817,.T.);
#5294=ORIENTED_EDGE('',*,*,#3819,.F.);
#5295=ORIENTED_EDGE('',*,*,#3820,.F.);
#5296=ORIENTED_EDGE('',*,*,#3821,.F.);
#5297=ORIENTED_EDGE('',*,*,#3820,.T.);
#5298=ORIENTED_EDGE('',*,*,#3822,.F.);
#5299=ORIENTED_EDGE('',*,*,#3823,.F.);
#5300=ORIENTED_EDGE('',*,*,#3824,.F.);
#5301=ORIENTED_EDGE('',*,*,#3823,.T.);
#5302=ORIENTED_EDGE('',*,*,#3825,.F.);
#5303=ORIENTED_EDGE('',*,*,#3815,.F.);
#5304=ORIENTED_EDGE('',*,*,#3825,.T.);
#5305=ORIENTED_EDGE('',*,*,#3822,.T.);
#5306=ORIENTED_EDGE('',*,*,#3819,.T.);
#5307=ORIENTED_EDGE('',*,*,#3816,.T.);
#5308=ORIENTED_EDGE('',*,*,#3780,.T.);
#5309=ORIENTED_EDGE('',*,*,#3783,.T.);
#5310=ORIENTED_EDGE('',*,*,#3785,.T.);
#5311=ORIENTED_EDGE('',*,*,#3787,.T.);
#5312=ORIENTED_EDGE('',*,*,#3789,.T.);
#5313=ORIENTED_EDGE('',*,*,#3791,.T.);
#5314=ORIENTED_EDGE('',*,*,#3678,.T.);
#5315=ORIENTED_EDGE('',*,*,#3792,.T.);
#5316=ORIENTED_EDGE('',*,*,#3793,.T.);
#5317=ORIENTED_EDGE('',*,*,#3796,.T.);
#5318=ORIENTED_EDGE('',*,*,#3798,.T.);
#5319=ORIENTED_EDGE('',*,*,#3800,.T.);
#5320=ORIENTED_EDGE('',*,*,#3802,.T.);
#5321=ORIENTED_EDGE('',*,*,#3804,.T.);
#5322=ORIENTED_EDGE('',*,*,#3689,.T.);
#5323=ORIENTED_EDGE('',*,*,#3805,.T.);
#5324=ORIENTED_EDGE('',*,*,#3806,.T.);
#5325=ORIENTED_EDGE('',*,*,#3809,.T.);
#5326=ORIENTED_EDGE('',*,*,#3811,.T.);
#5327=ORIENTED_EDGE('',*,*,#3813,.T.);
#5328=ORIENTED_EDGE('',*,*,#3824,.T.);
#5329=ORIENTED_EDGE('',*,*,#3814,.T.);
#5330=ORIENTED_EDGE('',*,*,#3818,.T.);
#5331=ORIENTED_EDGE('',*,*,#3821,.T.);
#5332=ORIENTED_EDGE('',*,*,#3826,.F.);
#5333=ORIENTED_EDGE('',*,*,#3827,.F.);
#5334=ORIENTED_EDGE('',*,*,#3828,.F.);
#5335=ORIENTED_EDGE('',*,*,#3829,.F.);
#5336=ORIENTED_EDGE('',*,*,#3830,.F.);
#5337=ORIENTED_EDGE('',*,*,#3831,.F.);
#5338=ORIENTED_EDGE('',*,*,#3832,.F.);
#5339=ORIENTED_EDGE('',*,*,#3833,.F.);
#5340=ORIENTED_EDGE('',*,*,#3829,.T.);
#5341=ORIENTED_EDGE('',*,*,#3834,.T.);
#5342=ORIENTED_EDGE('',*,*,#3835,.F.);
#5343=ORIENTED_EDGE('',*,*,#3836,.F.);
#5344=ORIENTED_EDGE('',*,*,#3828,.T.);
#5345=ORIENTED_EDGE('',*,*,#3837,.T.);
#5346=ORIENTED_EDGE('',*,*,#3838,.F.);
#5347=ORIENTED_EDGE('',*,*,#3834,.F.);
#5348=ORIENTED_EDGE('',*,*,#3839,.T.);
#5349=ORIENTED_EDGE('',*,*,#3835,.T.);
#5350=ORIENTED_EDGE('',*,*,#3838,.T.);
#5351=ORIENTED_EDGE('',*,*,#3840,.T.);
#5352=ORIENTED_EDGE('',*,*,#3841,.F.);
#5353=ORIENTED_EDGE('',*,*,#3842,.F.);
#5354=ORIENTED_EDGE('',*,*,#3843,.F.);
#5355=ORIENTED_EDGE('',*,*,#3844,.F.);
#5356=ORIENTED_EDGE('',*,*,#3845,.F.);
#5357=ORIENTED_EDGE('',*,*,#3846,.F.);
#5358=ORIENTED_EDGE('',*,*,#3847,.F.);
#5359=ORIENTED_EDGE('',*,*,#3848,.F.);
#5360=ORIENTED_EDGE('',*,*,#3827,.T.);
#5361=ORIENTED_EDGE('',*,*,#3849,.T.);
#5362=ORIENTED_EDGE('',*,*,#3840,.F.);
#5363=ORIENTED_EDGE('',*,*,#3837,.F.);
#5364=ORIENTED_EDGE('',*,*,#3826,.T.);
#5365=ORIENTED_EDGE('',*,*,#3836,.T.);
#5366=ORIENTED_EDGE('',*,*,#3839,.F.);
#5367=ORIENTED_EDGE('',*,*,#3849,.F.);
#5368=ORIENTED_EDGE('',*,*,#3842,.T.);
#5369=ORIENTED_EDGE('',*,*,#3850,.T.);
#5370=ORIENTED_EDGE('',*,*,#3851,.F.);
#5371=ORIENTED_EDGE('',*,*,#3852,.F.);
#5372=ORIENTED_EDGE('',*,*,#3847,.T.);
#5373=ORIENTED_EDGE('',*,*,#3853,.F.);
#5374=ORIENTED_EDGE('',*,*,#3854,.F.);
#5375=ORIENTED_EDGE('',*,*,#3855,.F.);
#5376=ORIENTED_EDGE('',*,*,#3856,.T.);
#5377=ORIENTED_EDGE('',*,*,#3857,.F.);
#5378=ORIENTED_EDGE('',*,*,#3858,.F.);
#5379=ORIENTED_EDGE('',*,*,#3832,.T.);
#5380=ORIENTED_EDGE('',*,*,#3843,.T.);
#5381=ORIENTED_EDGE('',*,*,#3852,.T.);
#5382=ORIENTED_EDGE('',*,*,#3859,.F.);
#5383=ORIENTED_EDGE('',*,*,#3860,.T.);
#5384=ORIENTED_EDGE('',*,*,#3858,.T.);
#5385=ORIENTED_EDGE('',*,*,#3861,.F.);
#5386=ORIENTED_EDGE('',*,*,#3862,.T.);
#5387=ORIENTED_EDGE('',*,*,#3833,.T.);
#5388=ORIENTED_EDGE('',*,*,#3846,.T.);
#5389=ORIENTED_EDGE('',*,*,#3863,.T.);
#5390=ORIENTED_EDGE('',*,*,#3864,.F.);
#5391=ORIENTED_EDGE('',*,*,#3853,.T.);
#5392=ORIENTED_EDGE('',*,*,#3865,.T.);
#5393=ORIENTED_EDGE('',*,*,#3866,.F.);
#5394=ORIENTED_EDGE('',*,*,#3856,.F.);
#5395=ORIENTED_EDGE('',*,*,#3831,.T.);
#5396=ORIENTED_EDGE('',*,*,#3867,.T.);
#5397=ORIENTED_EDGE('',*,*,#3854,.T.);
#5398=ORIENTED_EDGE('',*,*,#3864,.T.);
#5399=ORIENTED_EDGE('',*,*,#3868,.T.);
#5400=ORIENTED_EDGE('',*,*,#3859,.T.);
#5401=ORIENTED_EDGE('',*,*,#3851,.T.);
#5402=ORIENTED_EDGE('',*,*,#3869,.T.);
#5403=ORIENTED_EDGE('',*,*,#3870,.T.);
#5404=ORIENTED_EDGE('',*,*,#3841,.T.);
#5405=ORIENTED_EDGE('',*,*,#3871,.T.);
#5406=ORIENTED_EDGE('',*,*,#3869,.F.);
#5407=ORIENTED_EDGE('',*,*,#3850,.F.);
#5408=ORIENTED_EDGE('',*,*,#3845,.T.);
#5409=ORIENTED_EDGE('',*,*,#3872,.T.);
#5410=ORIENTED_EDGE('',*,*,#3868,.F.);
#5411=ORIENTED_EDGE('',*,*,#3863,.F.);
#5412=ORIENTED_EDGE('',*,*,#3848,.T.);
#5413=ORIENTED_EDGE('',*,*,#3855,.T.);
#5414=ORIENTED_EDGE('',*,*,#3867,.F.);
#5415=ORIENTED_EDGE('',*,*,#3872,.F.);
#5416=ORIENTED_EDGE('',*,*,#3873,.F.);
#5417=ORIENTED_EDGE('',*,*,#3874,.T.);
#5418=ORIENTED_EDGE('',*,*,#3875,.F.);
#5419=ORIENTED_EDGE('',*,*,#3876,.F.);
#5420=ORIENTED_EDGE('',*,*,#3877,.F.);
#5421=ORIENTED_EDGE('',*,*,#3876,.T.);
#5422=ORIENTED_EDGE('',*,*,#3878,.F.);
#5423=ORIENTED_EDGE('',*,*,#3879,.F.);
#5424=ORIENTED_EDGE('',*,*,#3880,.F.);
#5425=ORIENTED_EDGE('',*,*,#3879,.T.);
#5426=ORIENTED_EDGE('',*,*,#3881,.F.);
#5427=ORIENTED_EDGE('',*,*,#3882,.F.);
#5428=ORIENTED_EDGE('',*,*,#3883,.T.);
#5429=ORIENTED_EDGE('',*,*,#3881,.T.);
#5430=ORIENTED_EDGE('',*,*,#3878,.T.);
#5431=ORIENTED_EDGE('',*,*,#3875,.T.);
#5432=ORIENTED_EDGE('',*,*,#3884,.F.);
#5433=ORIENTED_EDGE('',*,*,#3885,.T.);
#5434=ORIENTED_EDGE('',*,*,#3886,.F.);
#5435=ORIENTED_EDGE('',*,*,#3887,.F.);
#5436=ORIENTED_EDGE('',*,*,#3888,.F.);
#5437=ORIENTED_EDGE('',*,*,#3887,.T.);
#5438=ORIENTED_EDGE('',*,*,#3889,.F.);
#5439=ORIENTED_EDGE('',*,*,#3890,.F.);
#5440=ORIENTED_EDGE('',*,*,#3891,.F.);
#5441=ORIENTED_EDGE('',*,*,#3890,.T.);
#5442=ORIENTED_EDGE('',*,*,#3892,.F.);
#5443=ORIENTED_EDGE('',*,*,#3893,.F.);
#5444=ORIENTED_EDGE('',*,*,#3894,.F.);
#5445=ORIENTED_EDGE('',*,*,#3893,.T.);
#5446=ORIENTED_EDGE('',*,*,#3895,.F.);
#5447=ORIENTED_EDGE('',*,*,#3885,.F.);
#5448=ORIENTED_EDGE('',*,*,#3895,.T.);
#5449=ORIENTED_EDGE('',*,*,#3892,.T.);
#5450=ORIENTED_EDGE('',*,*,#3889,.T.);
#5451=ORIENTED_EDGE('',*,*,#3886,.T.);
#5452=ORIENTED_EDGE('',*,*,#3862,.F.);
#5453=ORIENTED_EDGE('',*,*,#3896,.F.);
#5454=ORIENTED_EDGE('',*,*,#3882,.T.);
#5455=ORIENTED_EDGE('',*,*,#3883,.F.);
#5456=ORIENTED_EDGE('',*,*,#3874,.F.);
#5457=ORIENTED_EDGE('',*,*,#3897,.F.);
#5458=ORIENTED_EDGE('',*,*,#3865,.F.);
#5459=ORIENTED_EDGE('',*,*,#3830,.T.);
#5460=ORIENTED_EDGE('',*,*,#3844,.T.);
#5461=ORIENTED_EDGE('',*,*,#3860,.F.);
#5462=ORIENTED_EDGE('',*,*,#3870,.F.);
#5463=ORIENTED_EDGE('',*,*,#3871,.F.);
#5464=ORIENTED_EDGE('',*,*,#3880,.T.);
#5465=ORIENTED_EDGE('',*,*,#3896,.T.);
#5466=ORIENTED_EDGE('',*,*,#3861,.T.);
#5467=ORIENTED_EDGE('',*,*,#3857,.T.);
#5468=ORIENTED_EDGE('',*,*,#3866,.T.);
#5469=ORIENTED_EDGE('',*,*,#3897,.T.);
#5470=ORIENTED_EDGE('',*,*,#3873,.T.);
#5471=ORIENTED_EDGE('',*,*,#3877,.T.);
#5472=ORIENTED_EDGE('',*,*,#3884,.T.);
#5473=ORIENTED_EDGE('',*,*,#3888,.T.);
#5474=ORIENTED_EDGE('',*,*,#3891,.T.);
#5475=ORIENTED_EDGE('',*,*,#3894,.T.);
#5476=ORIENTED_EDGE('',*,*,#3898,.T.);
#5477=ORIENTED_EDGE('',*,*,#3899,.T.);
#5478=ORIENTED_EDGE('',*,*,#3900,.T.);
#5479=ORIENTED_EDGE('',*,*,#3901,.T.);
#5480=ORIENTED_EDGE('',*,*,#3902,.T.);
#5481=ORIENTED_EDGE('',*,*,#3903,.T.);
#5482=ORIENTED_EDGE('',*,*,#3904,.T.);
#5483=ORIENTED_EDGE('',*,*,#3901,.F.);
#5484=ORIENTED_EDGE('',*,*,#3905,.T.);
#5485=ORIENTED_EDGE('',*,*,#3899,.F.);
#5486=ORIENTED_EDGE('',*,*,#3906,.T.);
#5487=ORIENTED_EDGE('',*,*,#3907,.T.);
#5488=ORIENTED_EDGE('',*,*,#3908,.T.);
#5489=ORIENTED_EDGE('',*,*,#3906,.F.);
#5490=ORIENTED_EDGE('',*,*,#3898,.F.);
#5491=ORIENTED_EDGE('',*,*,#3904,.F.);
#5492=ORIENTED_EDGE('',*,*,#3909,.T.);
#5493=ORIENTED_EDGE('',*,*,#3907,.F.);
#5494=ORIENTED_EDGE('',*,*,#3908,.F.);
#5495=ORIENTED_EDGE('',*,*,#3903,.F.);
#5496=ORIENTED_EDGE('',*,*,#3905,.F.);
#5497=ORIENTED_EDGE('',*,*,#3909,.F.);
#5498=ORIENTED_EDGE('',*,*,#3902,.F.);
#5499=ORIENTED_EDGE('',*,*,#3900,.F.);
#5500=CYLINDRICAL_SURFACE('',#6079,1.75);
#5501=CYLINDRICAL_SURFACE('',#6083,2.25);
#5502=CYLINDRICAL_SURFACE('',#6086,12.);
#5503=CYLINDRICAL_SURFACE('',#6091,1.5);
#5504=CYLINDRICAL_SURFACE('',#6095,2.05);
#5505=CYLINDRICAL_SURFACE('',#6099,13.5);
#5506=CYLINDRICAL_SURFACE('',#6120,3.5);
#5507=CYLINDRICAL_SURFACE('',#6123,10.2);
#5508=CYLINDRICAL_SURFACE('',#6139,10.25);
#5509=CYLINDRICAL_SURFACE('',#6141,10.25);
#5510=CYLINDRICAL_SURFACE('',#6144,1.49999999999999);
#5511=CYLINDRICAL_SURFACE('',#6145,1.5);
#5512=CYLINDRICAL_SURFACE('',#6155,5.15);
#5513=CYLINDRICAL_SURFACE('',#6167,7.36);
#5514=CYLINDRICAL_SURFACE('',#6170,5.15);
#5515=CYLINDRICAL_SURFACE('',#6172,6.18);
#5516=CYLINDRICAL_SURFACE('',#6176,8.68);
#5517=CYLINDRICAL_SURFACE('',#6180,10.375);
#5518=CYLINDRICAL_SURFACE('',#6193,9.);
#5519=CYLINDRICAL_SURFACE('',#6215,14.5);
#5520=CYLINDRICAL_SURFACE('',#6218,14.5);
#5521=CYLINDRICAL_SURFACE('',#6221,14.5);
#5522=CYLINDRICAL_SURFACE('',#6224,14.5);
#5523=CYLINDRICAL_SURFACE('',#6227,14.5);
#5524=CYLINDRICAL_SURFACE('',#6230,14.5);
#5525=CYLINDRICAL_SURFACE('',#6233,13.5);
#5526=CYLINDRICAL_SURFACE('',#6235,14.5);
#5527=CYLINDRICAL_SURFACE('',#6240,5.15);
#5528=CYLINDRICAL_SURFACE('',#6247,5.15);
#5529=CYLINDRICAL_SURFACE('',#6259,7.36);
#5530=CYLINDRICAL_SURFACE('',#6262,5.15);
#5531=CYLINDRICAL_SURFACE('',#6264,6.18);
#5532=CYLINDRICAL_SURFACE('',#6268,8.68);
#5533=CYLINDRICAL_SURFACE('',#6272,10.375);
#5534=CYLINDRICAL_SURFACE('',#6285,9.);
#5535=CYLINDRICAL_SURFACE('',#6307,14.5);
#5536=CYLINDRICAL_SURFACE('',#6310,14.5);
#5537=CYLINDRICAL_SURFACE('',#6313,14.5);
#5538=CYLINDRICAL_SURFACE('',#6316,14.5);
#5539=CYLINDRICAL_SURFACE('',#6319,14.5);
#5540=CYLINDRICAL_SURFACE('',#6322,14.5);
#5541=CYLINDRICAL_SURFACE('',#6325,13.5);
#5542=CYLINDRICAL_SURFACE('',#6327,14.5);
#5543=CYLINDRICAL_SURFACE('',#6332,5.15);
#5544=CYLINDRICAL_SURFACE('',#6350,3.5);
#5545=CYLINDRICAL_SURFACE('',#6353,10.2);
#5546=CYLINDRICAL_SURFACE('',#6369,10.25);
#5547=CYLINDRICAL_SURFACE('',#6371,10.25);
#5548=CYLINDRICAL_SURFACE('',#6374,1.49999999999999);
#5549=CYLINDRICAL_SURFACE('',#6375,1.5);
#5550=STYLED_ITEM('',(#11875),#5708);
#5551=STYLED_ITEM('',(#11876),#5710);
#5552=STYLED_ITEM('',(#11876),#5711);
#5553=STYLED_ITEM('',(#11876),#5713);
#5554=STYLED_ITEM('',(#11876),#5716);
#5555=STYLED_ITEM('',(#11876),#5717);
#5556=STYLED_ITEM('',(#11876),#5718);
#5557=STYLED_ITEM('',(#11876),#5719);
#5558=STYLED_ITEM('',(#11874),#39);
#5559=STYLED_ITEM('',(#11873),#5735);
#5560=STYLED_ITEM('',(#11873),#5738);
#5561=STYLED_ITEM('',(#11877),#5739);
#5562=STYLED_ITEM('',(#11877),#5740);
#5563=STYLED_ITEM('',(#11877),#5741);
#5564=STYLED_ITEM('',(#11877),#5742);
#5565=STYLED_ITEM('',(#11877),#5743);
#5566=STYLED_ITEM('',(#11877),#5746);
#5567=STYLED_ITEM('',(#11877),#5747);
#5568=STYLED_ITEM('',(#11877),#5748);
#5569=STYLED_ITEM('',(#11877),#5749);
#5570=STYLED_ITEM('',(#11877),#5750);
#5571=STYLED_ITEM('',(#11877),#5753);
#5572=STYLED_ITEM('',(#11877),#5754);
#5573=STYLED_ITEM('',(#11877),#5755);
#5574=STYLED_ITEM('',(#11877),#5756);
#5575=STYLED_ITEM('',(#11874),#40);
#5576=STYLED_ITEM('',(#11873),#5757);
#5577=STYLED_ITEM('',(#11873),#5758);
#5578=STYLED_ITEM('',(#11873),#5759);
#5579=STYLED_ITEM('',(#11873),#5760);
#5580=STYLED_ITEM('',(#11873),#5761);
#5581=STYLED_ITEM('',(#11873),#5763);
#5582=STYLED_ITEM('',(#11873),#5764);
#5583=STYLED_ITEM('',(#11873),#5765);
#5584=STYLED_ITEM('',(#11873),#5767);
#5585=STYLED_ITEM('',(#11873),#5768);
#5586=STYLED_ITEM('',(#11873),#5802);
#5587=STYLED_ITEM('',(#11873),#5803);
#5588=STYLED_ITEM('',(#11873),#5804);
#5589=STYLED_ITEM('',(#11873),#5805);
#5590=STYLED_ITEM('',(#11874),#41);
#5591=STYLED_ITEM('',(#11873),#5806);
#5592=STYLED_ITEM('',(#11873),#5807);
#5593=STYLED_ITEM('',(#11873),#5808);
#5594=STYLED_ITEM('',(#11873),#5809);
#5595=STYLED_ITEM('',(#11873),#5810);
#5596=STYLED_ITEM('',(#11873),#5812);
#5597=STYLED_ITEM('',(#11873),#5813);
#5598=STYLED_ITEM('',(#11873),#5814);
#5599=STYLED_ITEM('',(#11873),#5816);
#5600=STYLED_ITEM('',(#11873),#5817);
#5601=STYLED_ITEM('',(#11873),#5851);
#5602=STYLED_ITEM('',(#11873),#5852);
#5603=STYLED_ITEM('',(#11873),#5853);
#5604=STYLED_ITEM('',(#11873),#5854);
#5605=STYLED_ITEM('',(#11874),#42);
#5606=STYLED_ITEM('',(#11873),#5869);
#5607=STYLED_ITEM('',(#11873),#5872);
#5608=STYLED_ITEM('',(#11877),#5873);
#5609=STYLED_ITEM('',(#11877),#5874);
#5610=STYLED_ITEM('',(#11877),#5875);
#5611=STYLED_ITEM('',(#11877),#5876);
#5612=STYLED_ITEM('',(#11877),#5877);
#5613=STYLED_ITEM('',(#11877),#5880);
#5614=STYLED_ITEM('',(#11877),#5881);
#5615=STYLED_ITEM('',(#11877),#5882);
#5616=STYLED_ITEM('',(#11877),#5883);
#5617=STYLED_ITEM('',(#11877),#5884);
#5618=STYLED_ITEM('',(#11877),#5887);
#5619=STYLED_ITEM('',(#11877),#5888);
#5620=STYLED_ITEM('',(#11877),#5889);
#5621=STYLED_ITEM('',(#11877),#5890);
#5622=STYLED_ITEM('',(#11874),#43);
#5623=STYLED_ITEM('',(#11878),#5891);
#5624=STYLED_ITEM('',(#11878),#5892);
#5625=STYLED_ITEM('',(#11878),#5893);
#5626=STYLED_ITEM('',(#11878),#5894);
#5627=STYLED_ITEM('',(#11878),#5895);
#5628=STYLED_ITEM('',(#11878),#5896);
#5629=STYLED_ITEM('',(#11878),#5897);
#5630=STYLED_ITEM('',(#11878),#5898);
#5631=STYLED_ITEM('',(#11876),#5929);
#5632=STYLED_ITEM('',(#11879),#5930);
#5633=STYLED_ITEM('',(#11879),#5931);
#5634=STYLED_ITEM('',(#11876),#5932);
#5635=STYLED_ITEM('',(#11876),#5933);
#5636=STYLED_ITEM('',(#11876),#5934);
#5637=STYLED_ITEM('',(#11876),#5935);
#5638=STYLED_ITEM('',(#11878),#5936);
#5639=STYLED_ITEM('',(#11878),#5937);
#5640=STYLED_ITEM('',(#11878),#5938);
#5641=STYLED_ITEM('',(#11879),#5939);
#5642=STYLED_ITEM('',(#11879),#5940);
#5643=STYLED_ITEM('',(#11879),#5941);
#5644=STYLED_ITEM('',(#11879),#5942);
#5645=STYLED_ITEM('',(#11878),#5943);
#5646=STYLED_ITEM('',(#11878),#5944);
#5647=STYLED_ITEM('',(#11878),#5945);
#5648=STYLED_ITEM('',(#11879),#5946);
#5649=STYLED_ITEM('',(#11879),#5947);
#5650=STYLED_ITEM('',(#11879),#5948);
#5651=STYLED_ITEM('',(#11879),#5949);
#5652=STYLED_ITEM('',(#11880),#5950);
#5653=STYLED_ITEM('',(#11880),#5951);
#5654=STYLED_ITEM('',(#11880),#5952);
#5655=STYLED_ITEM('',(#11880),#5953);
#5656=STYLED_ITEM('',(#11880),#5954);
#5657=STYLED_ITEM('',(#11880),#5955);
#5658=STYLED_ITEM('',(#11874),#44);
#5659=STYLED_ITEM('',(#11878),#5956);
#5660=STYLED_ITEM('',(#11878),#5957);
#5661=STYLED_ITEM('',(#11878),#5958);
#5662=STYLED_ITEM('',(#11878),#5959);
#5663=STYLED_ITEM('',(#11878),#5960);
#5664=STYLED_ITEM('',(#11878),#5961);
#5665=STYLED_ITEM('',(#11878),#5962);
#5666=STYLED_ITEM('',(#11878),#5963);
#5667=STYLED_ITEM('',(#11876),#5994);
#5668=STYLED_ITEM('',(#11879),#5995);
#5669=STYLED_ITEM('',(#11879),#5996);
#5670=STYLED_ITEM('',(#11876),#5997);
#5671=STYLED_ITEM('',(#11876),#5998);
#5672=STYLED_ITEM('',(#11876),#5999);
#5673=STYLED_ITEM('',(#11876),#6000);
#5674=STYLED_ITEM('',(#11878),#6001);
#5675=STYLED_ITEM('',(#11878),#6002);
#5676=STYLED_ITEM('',(#11878),#6003);
#5677=STYLED_ITEM('',(#11879),#6004);
#5678=STYLED_ITEM('',(#11879),#6005);
#5679=STYLED_ITEM('',(#11879),#6006);
#5680=STYLED_ITEM('',(#11879),#6007);
#5681=STYLED_ITEM('',(#11878),#6008);
#5682=STYLED_ITEM('',(#11878),#6009);
#5683=STYLED_ITEM('',(#11878),#6010);
#5684=STYLED_ITEM('',(#11879),#6011);
#5685=STYLED_ITEM('',(#11879),#6012);
#5686=STYLED_ITEM('',(#11879),#6013);
#5687=STYLED_ITEM('',(#11879),#6014);
#5688=STYLED_ITEM('',(#11880),#6015);
#5689=STYLED_ITEM('',(#11880),#6016);
#5690=STYLED_ITEM('',(#11880),#6017);
#5691=STYLED_ITEM('',(#11880),#6018);
#5692=STYLED_ITEM('',(#11880),#6019);
#5693=STYLED_ITEM('',(#11880),#6020);
#5694=STYLED_ITEM('',(#11874),#45);
#5695=STYLED_ITEM('',(#11877),#6021);
#5696=STYLED_ITEM('',(#11877),#6022);
#5697=STYLED_ITEM('',(#11877),#6023);
#5698=STYLED_ITEM('',(#11877),#6024);
#5699=STYLED_ITEM('',(#11877),#6025);
#5700=STYLED_ITEM('',(#11877),#6026);
#5701=STYLED_ITEM('',(#11873),#6029);
#5702=STYLED_ITEM('',(#11873),#6031);
#5703=STYLED_ITEM('',(#11873),#6033);
#5704=STYLED_ITEM('',(#11873),#6048);
#5705=STYLED_ITEM('',(#11873),#6050);
#5706=STYLED_ITEM('',(#11874),#46);
#5707=STYLED_ITEM('',(#11873),#47);
#5708=ADVANCED_FACE('',(#408),#5500,.F.);
#5709=ADVANCED_FACE('',(#409),#119,.F.);
#5710=ADVANCED_FACE('',(#410),#5501,.T.);
#5711=ADVANCED_FACE('',(#411,#48),#120,.T.);
#5712=ADVANCED_FACE('',(#412),#5502,.T.);
#5713=ADVANCED_FACE('',(#413,#49),#121,.T.);
#5714=ADVANCED_FACE('',(#414),#5503,.F.);
#5715=ADVANCED_FACE('',(#415),#122,.T.);
#5716=ADVANCED_FACE('',(#416),#5504,.T.);
#5717=ADVANCED_FACE('',(#417,#50),#123,.T.);
#5718=ADVANCED_FACE('',(#418,#51),#5505,.T.);
#5719=ADVANCED_FACE('',(#419,#52),#124,.T.);
#5720=ADVANCED_FACE('',(#420),#125,.F.);
#5721=ADVANCED_FACE('',(#421),#126,.T.);
#5722=ADVANCED_FACE('',(#422),#127,.T.);
#5723=ADVANCED_FACE('',(#423),#128,.T.);
#5724=ADVANCED_FACE('',(#424),#129,.T.);
#5725=ADVANCED_FACE('',(#425),#130,.T.);
#5726=ADVANCED_FACE('',(#426),#131,.T.);
#5727=ADVANCED_FACE('',(#427),#132,.T.);
#5728=ADVANCED_FACE('',(#428),#133,.T.);
#5729=ADVANCED_FACE('',(#429),#134,.T.);
#5730=ADVANCED_FACE('',(#430),#135,.T.);
#5731=ADVANCED_FACE('',(#431),#136,.T.);
#5732=ADVANCED_FACE('',(#432),#137,.T.);
#5733=ADVANCED_FACE('',(#433),#138,.T.);
#5734=ADVANCED_FACE('',(#434),#139,.T.);
#5735=ADVANCED_FACE('',(#435,#53),#140,.T.);
#5736=ADVANCED_FACE('',(#436),#5506,.T.);
#5737=ADVANCED_FACE('',(#437),#141,.T.);
#5738=ADVANCED_FACE('',(#438),#5507,.T.);
#5739=ADVANCED_FACE('',(#439,#54,#55),#142,.F.);
#5740=ADVANCED_FACE('',(#440),#143,.T.);
#5741=ADVANCED_FACE('',(#441),#33,.T.);
#5742=ADVANCED_FACE('',(#442),#144,.T.);
#5743=ADVANCED_FACE('',(#443,#56),#145,.T.);
#5744=ADVANCED_FACE('',(#444),#146,.F.);
#5745=ADVANCED_FACE('',(#445),#147,.F.);
#5746=ADVANCED_FACE('',(#446),#148,.F.);
#5747=ADVANCED_FACE('',(#447),#149,.F.);
#5748=ADVANCED_FACE('',(#448),#5508,.T.);
#5749=ADVANCED_FACE('',(#449),#5509,.T.);
#5750=ADVANCED_FACE('',(#450,#57),#150,.T.);
#5751=ADVANCED_FACE('',(#451),#5510,.F.);
#5752=ADVANCED_FACE('',(#452),#5511,.F.);
#5753=ADVANCED_FACE('',(#453,#58),#151,.T.);
#5754=ADVANCED_FACE('',(#454),#152,.T.);
#5755=ADVANCED_FACE('',(#455),#34,.T.);
#5756=ADVANCED_FACE('',(#456),#153,.T.);
#5757=ADVANCED_FACE('',(#457),#35,.F.);
#5758=ADVANCED_FACE('',(#458),#25,.F.);
#5759=ADVANCED_FACE('',(#459),#26,.F.);
#5760=ADVANCED_FACE('',(#460),#5512,.T.);
#5761=ADVANCED_FACE('',(#461),#154,.T.);
#5762=ADVANCED_FACE('',(#462),#155,.T.);
#5763=ADVANCED_FACE('',(#463,#59),#156,.F.);
#5764=ADVANCED_FACE('',(#464),#5513,.T.);
#5765=ADVANCED_FACE('',(#465,#60),#157,.T.);
#5766=ADVANCED_FACE('',(#466),#5514,.T.);
#5767=ADVANCED_FACE('',(#467),#5515,.T.);
#5768=ADVANCED_FACE('',(#468),#158,.T.);
#5769=ADVANCED_FACE('',(#469),#5516,.T.);
#5770=ADVANCED_FACE('',(#470,#61),#159,.T.);
#5771=ADVANCED_FACE('',(#471),#5517,.T.);
#5772=ADVANCED_FACE('',(#472,#62),#160,.T.);
#5773=ADVANCED_FACE('',(#473,#63),#161,.F.);
#5774=ADVANCED_FACE('',(#474),#162,.T.);
#5775=ADVANCED_FACE('',(#475),#163,.T.);
#5776=ADVANCED_FACE('',(#476),#164,.T.);
#5777=ADVANCED_FACE('',(#477),#165,.T.);
#5778=ADVANCED_FACE('',(#478),#166,.T.);
#5779=ADVANCED_FACE('',(#479),#167,.T.);
#5780=ADVANCED_FACE('',(#480,#64),#168,.T.);
#5781=ADVANCED_FACE('',(#481),#5518,.T.);
#5782=ADVANCED_FACE('',(#482),#169,.F.);
#5783=ADVANCED_FACE('',(#483),#170,.F.);
#5784=ADVANCED_FACE('',(#484),#171,.F.);
#5785=ADVANCED_FACE('',(#485),#172,.F.);
#5786=ADVANCED_FACE('',(#486),#173,.F.);
#5787=ADVANCED_FACE('',(#487),#174,.F.);
#5788=ADVANCED_FACE('',(#488),#175,.T.);
#5789=ADVANCED_FACE('',(#489),#5519,.T.);
#5790=ADVANCED_FACE('',(#490),#176,.T.);
#5791=ADVANCED_FACE('',(#491),#5520,.T.);
#5792=ADVANCED_FACE('',(#492),#177,.T.);
#5793=ADVANCED_FACE('',(#493),#5521,.T.);
#5794=ADVANCED_FACE('',(#494),#178,.T.);
#5795=ADVANCED_FACE('',(#495),#5522,.T.);
#5796=ADVANCED_FACE('',(#496),#179,.T.);
#5797=ADVANCED_FACE('',(#497),#5523,.T.);
#5798=ADVANCED_FACE('',(#498),#180,.T.);
#5799=ADVANCED_FACE('',(#499),#5524,.T.);
#5800=ADVANCED_FACE('',(#500,#65),#181,.T.);
#5801=ADVANCED_FACE('',(#501),#5525,.T.);
#5802=ADVANCED_FACE('',(#502),#5526,.T.);
#5803=ADVANCED_FACE('',(#503,#66),#182,.T.);
#5804=ADVANCED_FACE('',(#504,#67),#183,.F.);
#5805=ADVANCED_FACE('',(#505),#5527,.T.);
#5806=ADVANCED_FACE('',(#506),#36,.F.);
#5807=ADVANCED_FACE('',(#507),#27,.F.);
#5808=ADVANCED_FACE('',(#508),#28,.F.);
#5809=ADVANCED_FACE('',(#509),#5528,.T.);
#5810=ADVANCED_FACE('',(#510),#184,.T.);
#5811=ADVANCED_FACE('',(#511),#185,.T.);
#5812=ADVANCED_FACE('',(#512,#68),#186,.F.);
#5813=ADVANCED_FACE('',(#513),#5529,.T.);
#5814=ADVANCED_FACE('',(#514,#69),#187,.T.);
#5815=ADVANCED_FACE('',(#515),#5530,.T.);
#5816=ADVANCED_FACE('',(#516),#5531,.T.);
#5817=ADVANCED_FACE('',(#517),#188,.T.);
#5818=ADVANCED_FACE('',(#518),#5532,.T.);
#5819=ADVANCED_FACE('',(#519,#70),#189,.T.);
#5820=ADVANCED_FACE('',(#520),#5533,.T.);
#5821=ADVANCED_FACE('',(#521,#71),#190,.T.);
#5822=ADVANCED_FACE('',(#522,#72),#191,.F.);
#5823=ADVANCED_FACE('',(#523),#192,.T.);
#5824=ADVANCED_FACE('',(#524),#193,.T.);
#5825=ADVANCED_FACE('',(#525),#194,.T.);
#5826=ADVANCED_FACE('',(#526),#195,.T.);
#5827=ADVANCED_FACE('',(#527),#196,.T.);
#5828=ADVANCED_FACE('',(#528),#197,.T.);
#5829=ADVANCED_FACE('',(#529,#73),#198,.T.);
#5830=ADVANCED_FACE('',(#530),#5534,.T.);
#5831=ADVANCED_FACE('',(#531),#199,.F.);
#5832=ADVANCED_FACE('',(#532),#200,.F.);
#5833=ADVANCED_FACE('',(#533),#201,.F.);
#5834=ADVANCED_FACE('',(#534),#202,.F.);
#5835=ADVANCED_FACE('',(#535),#203,.F.);
#5836=ADVANCED_FACE('',(#536),#204,.F.);
#5837=ADVANCED_FACE('',(#537),#205,.T.);
#5838=ADVANCED_FACE('',(#538),#5535,.T.);
#5839=ADVANCED_FACE('',(#539),#206,.T.);
#5840=ADVANCED_FACE('',(#540),#5536,.T.);
#5841=ADVANCED_FACE('',(#541),#207,.T.);
#5842=ADVANCED_FACE('',(#542),#5537,.T.);
#5843=ADVANCED_FACE('',(#543),#208,.T.);
#5844=ADVANCED_FACE('',(#544),#5538,.T.);
#5845=ADVANCED_FACE('',(#545),#209,.T.);
#5846=ADVANCED_FACE('',(#546),#5539,.T.);
#5847=ADVANCED_FACE('',(#547),#210,.T.);
#5848=ADVANCED_FACE('',(#548),#5540,.T.);
#5849=ADVANCED_FACE('',(#549,#74),#211,.T.);
#5850=ADVANCED_FACE('',(#550),#5541,.T.);
#5851=ADVANCED_FACE('',(#551),#5542,.T.);
#5852=ADVANCED_FACE('',(#552,#75),#212,.T.);
#5853=ADVANCED_FACE('',(#553,#76),#213,.F.);
#5854=ADVANCED_FACE('',(#554),#5543,.T.);
#5855=ADVANCED_FACE('',(#555),#214,.T.);
#5856=ADVANCED_FACE('',(#556),#215,.T.);
#5857=ADVANCED_FACE('',(#557),#216,.T.);
#5858=ADVANCED_FACE('',(#558),#217,.T.);
#5859=ADVANCED_FACE('',(#559),#218,.T.);
#5860=ADVANCED_FACE('',(#560),#219,.T.);
#5861=ADVANCED_FACE('',(#561),#220,.T.);
#5862=ADVANCED_FACE('',(#562),#221,.T.);
#5863=ADVANCED_FACE('',(#563),#222,.T.);
#5864=ADVANCED_FACE('',(#564),#223,.T.);
#5865=ADVANCED_FACE('',(#565),#224,.T.);
#5866=ADVANCED_FACE('',(#566),#225,.T.);
#5867=ADVANCED_FACE('',(#567),#226,.T.);
#5868=ADVANCED_FACE('',(#568),#227,.T.);
#5869=ADVANCED_FACE('',(#569,#77),#228,.T.);
#5870=ADVANCED_FACE('',(#570),#5544,.T.);
#5871=ADVANCED_FACE('',(#571),#229,.T.);
#5872=ADVANCED_FACE('',(#572),#5545,.T.);
#5873=ADVANCED_FACE('',(#573,#78,#79),#230,.F.);
#5874=ADVANCED_FACE('',(#574),#231,.T.);
#5875=ADVANCED_FACE('',(#575),#37,.T.);
#5876=ADVANCED_FACE('',(#576),#232,.T.);
#5877=ADVANCED_FACE('',(#577,#80),#233,.T.);
#5878=ADVANCED_FACE('',(#578),#234,.F.);
#5879=ADVANCED_FACE('',(#579),#235,.F.);
#5880=ADVANCED_FACE('',(#580),#236,.F.);
#5881=ADVANCED_FACE('',(#581),#237,.F.);
#5882=ADVANCED_FACE('',(#582),#5546,.T.);
#5883=ADVANCED_FACE('',(#583),#5547,.T.);
#5884=ADVANCED_FACE('',(#584,#81),#238,.T.);
#5885=ADVANCED_FACE('',(#585),#5548,.F.);
#5886=ADVANCED_FACE('',(#586),#5549,.F.);
#5887=ADVANCED_FACE('',(#587,#82),#239,.T.);
#5888=ADVANCED_FACE('',(#588),#240,.T.);
#5889=ADVANCED_FACE('',(#589),#38,.T.);
#5890=ADVANCED_FACE('',(#590),#241,.T.);
#5891=ADVANCED_FACE('',(#591),#242,.T.);
#5892=ADVANCED_FACE('',(#592),#243,.T.);
#5893=ADVANCED_FACE('',(#593),#244,.T.);
#5894=ADVANCED_FACE('',(#594),#245,.T.);
#5895=ADVANCED_FACE('',(#595),#246,.T.);
#5896=ADVANCED_FACE('',(#596),#247,.T.);
#5897=ADVANCED_FACE('',(#597),#248,.T.);
#5898=ADVANCED_FACE('',(#598),#249,.T.);
#5899=ADVANCED_FACE('',(#599),#250,.F.);
#5900=ADVANCED_FACE('',(#600),#251,.F.);
#5901=ADVANCED_FACE('',(#601),#252,.F.);
#5902=ADVANCED_FACE('',(#602),#253,.F.);
#5903=ADVANCED_FACE('',(#603),#254,.F.);
#5904=ADVANCED_FACE('',(#604),#255,.F.);
#5905=ADVANCED_FACE('',(#605),#256,.F.);
#5906=ADVANCED_FACE('',(#606),#257,.F.);
#5907=ADVANCED_FACE('',(#607),#258,.F.);
#5908=ADVANCED_FACE('',(#608),#259,.F.);
#5909=ADVANCED_FACE('',(#609),#260,.F.);
#5910=ADVANCED_FACE('',(#610),#261,.F.);
#5911=ADVANCED_FACE('',(#611),#262,.F.);
#5912=ADVANCED_FACE('',(#612),#263,.F.);
#5913=ADVANCED_FACE('',(#613),#264,.F.);
#5914=ADVANCED_FACE('',(#614),#265,.F.);
#5915=ADVANCED_FACE('',(#615),#266,.F.);
#5916=ADVANCED_FACE('',(#616),#267,.F.);
#5917=ADVANCED_FACE('',(#617),#268,.F.);
#5918=ADVANCED_FACE('',(#618),#269,.F.);
#5919=ADVANCED_FACE('',(#619),#270,.F.);
#5920=ADVANCED_FACE('',(#620),#271,.F.);
#5921=ADVANCED_FACE('',(#621),#272,.F.);
#5922=ADVANCED_FACE('',(#622),#273,.F.);
#5923=ADVANCED_FACE('',(#623),#274,.F.);
#5924=ADVANCED_FACE('',(#624),#275,.F.);
#5925=ADVANCED_FACE('',(#625),#276,.F.);
#5926=ADVANCED_FACE('',(#626),#277,.F.);
#5927=ADVANCED_FACE('',(#627),#278,.F.);
#5928=ADVANCED_FACE('',(#628),#279,.F.);
#5929=ADVANCED_FACE('',(#629),#280,.T.);
#5930=ADVANCED_FACE('',(#630),#281,.T.);
#5931=ADVANCED_FACE('',(#631),#282,.T.);
#5932=ADVANCED_FACE('',(#632),#283,.T.);
#5933=ADVANCED_FACE('',(#633),#284,.T.);
#5934=ADVANCED_FACE('',(#634),#285,.T.);
#5935=ADVANCED_FACE('',(#635),#286,.T.);
#5936=ADVANCED_FACE('',(#636),#287,.T.);
#5937=ADVANCED_FACE('',(#637,#83,#84,#85),#288,.T.);
#5938=ADVANCED_FACE('',(#638),#289,.T.);
#5939=ADVANCED_FACE('',(#639),#290,.T.);
#5940=ADVANCED_FACE('',(#640),#291,.T.);
#5941=ADVANCED_FACE('',(#641),#292,.T.);
#5942=ADVANCED_FACE('',(#642),#293,.T.);
#5943=ADVANCED_FACE('',(#643),#294,.T.);
#5944=ADVANCED_FACE('',(#644,#86,#87,#88),#295,.T.);
#5945=ADVANCED_FACE('',(#645),#296,.T.);
#5946=ADVANCED_FACE('',(#646),#297,.T.);
#5947=ADVANCED_FACE('',(#647),#298,.T.);
#5948=ADVANCED_FACE('',(#648),#299,.T.);
#5949=ADVANCED_FACE('',(#649),#300,.T.);
#5950=ADVANCED_FACE('',(#650),#301,.T.);
#5951=ADVANCED_FACE('',(#651),#302,.T.);
#5952=ADVANCED_FACE('',(#652),#303,.T.);
#5953=ADVANCED_FACE('',(#653),#304,.T.);
#5954=ADVANCED_FACE('',(#654,#89,#90,#91,#92,#93),#305,.T.);
#5955=ADVANCED_FACE('',(#655),#306,.F.);
#5956=ADVANCED_FACE('',(#656),#307,.T.);
#5957=ADVANCED_FACE('',(#657),#308,.T.);
#5958=ADVANCED_FACE('',(#658),#309,.T.);
#5959=ADVANCED_FACE('',(#659),#310,.T.);
#5960=ADVANCED_FACE('',(#660),#311,.T.);
#5961=ADVANCED_FACE('',(#661),#312,.T.);
#5962=ADVANCED_FACE('',(#662),#313,.T.);
#5963=ADVANCED_FACE('',(#663),#314,.T.);
#5964=ADVANCED_FACE('',(#664),#315,.F.);
#5965=ADVANCED_FACE('',(#665),#316,.F.);
#5966=ADVANCED_FACE('',(#666),#317,.F.);
#5967=ADVANCED_FACE('',(#667),#318,.F.);
#5968=ADVANCED_FACE('',(#668),#319,.F.);
#5969=ADVANCED_FACE('',(#669),#320,.F.);
#5970=ADVANCED_FACE('',(#670),#321,.F.);
#5971=ADVANCED_FACE('',(#671),#322,.F.);
#5972=ADVANCED_FACE('',(#672),#323,.F.);
#5973=ADVANCED_FACE('',(#673),#324,.F.);
#5974=ADVANCED_FACE('',(#674),#325,.F.);
#5975=ADVANCED_FACE('',(#675),#326,.F.);
#5976=ADVANCED_FACE('',(#676),#327,.F.);
#5977=ADVANCED_FACE('',(#677),#328,.F.);
#5978=ADVANCED_FACE('',(#678),#329,.F.);
#5979=ADVANCED_FACE('',(#679),#330,.F.);
#5980=ADVANCED_FACE('',(#680),#331,.F.);
#5981=ADVANCED_FACE('',(#681),#332,.F.);
#5982=ADVANCED_FACE('',(#682),#333,.F.);
#5983=ADVANCED_FACE('',(#683),#334,.F.);
#5984=ADVANCED_FACE('',(#684),#335,.F.);
#5985=ADVANCED_FACE('',(#685),#336,.F.);
#5986=ADVANCED_FACE('',(#686),#337,.F.);
#5987=ADVANCED_FACE('',(#687),#338,.F.);
#5988=ADVANCED_FACE('',(#688),#339,.F.);
#5989=ADVANCED_FACE('',(#689),#340,.F.);
#5990=ADVANCED_FACE('',(#690),#341,.F.);
#5991=ADVANCED_FACE('',(#691),#342,.F.);
#5992=ADVANCED_FACE('',(#692),#343,.F.);
#5993=ADVANCED_FACE('',(#693),#344,.F.);
#5994=ADVANCED_FACE('',(#694),#345,.T.);
#5995=ADVANCED_FACE('',(#695),#346,.T.);
#5996=ADVANCED_FACE('',(#696),#347,.T.);
#5997=ADVANCED_FACE('',(#697),#348,.T.);
#5998=ADVANCED_FACE('',(#698),#349,.T.);
#5999=ADVANCED_FACE('',(#699),#350,.T.);
#6000=ADVANCED_FACE('',(#700),#351,.T.);
#6001=ADVANCED_FACE('',(#701),#352,.T.);
#6002=ADVANCED_FACE('',(#702,#94,#95,#96),#353,.T.);
#6003=ADVANCED_FACE('',(#703),#354,.T.);
#6004=ADVANCED_FACE('',(#704),#355,.T.);
#6005=ADVANCED_FACE('',(#705),#356,.T.);
#6006=ADVANCED_FACE('',(#706),#357,.T.);
#6007=ADVANCED_FACE('',(#707),#358,.T.);
#6008=ADVANCED_FACE('',(#708),#359,.T.);
#6009=ADVANCED_FACE('',(#709,#97,#98,#99),#360,.T.);
#6010=ADVANCED_FACE('',(#710),#361,.T.);
#6011=ADVANCED_FACE('',(#711),#362,.T.);
#6012=ADVANCED_FACE('',(#712),#363,.T.);
#6013=ADVANCED_FACE('',(#713),#364,.T.);
#6014=ADVANCED_FACE('',(#714),#365,.T.);
#6015=ADVANCED_FACE('',(#715),#366,.T.);
#6016=ADVANCED_FACE('',(#716),#367,.T.);
#6017=ADVANCED_FACE('',(#717),#368,.T.);
#6018=ADVANCED_FACE('',(#718),#369,.T.);
#6019=ADVANCED_FACE('',(#719,#100,#101,#102,#103,#104),#370,.T.);
#6020=ADVANCED_FACE('',(#720),#371,.F.);
#6021=ADVANCED_FACE('',(#721,#105),#372,.F.);
#6022=ADVANCED_FACE('',(#722),#373,.T.);
#6023=ADVANCED_FACE('',(#723),#374,.T.);
#6024=ADVANCED_FACE('',(#724,#106,#107),#375,.T.);
#6025=ADVANCED_FACE('',(#725),#376,.T.);
#6026=ADVANCED_FACE('',(#726),#377,.T.);
#6027=ADVANCED_FACE('',(#727),#378,.T.);
#6028=ADVANCED_FACE('',(#728),#379,.T.);
#6029=ADVANCED_FACE('',(#729),#380,.T.);
#6030=ADVANCED_FACE('',(#730),#381,.T.);
#6031=ADVANCED_FACE('',(#731),#382,.T.);
#6032=ADVANCED_FACE('',(#732),#383,.T.);
#6033=ADVANCED_FACE('',(#733),#384,.T.);
#6034=ADVANCED_FACE('',(#734),#385,.T.);
#6035=ADVANCED_FACE('',(#735),#386,.T.);
#6036=ADVANCED_FACE('',(#736),#387,.T.);
#6037=ADVANCED_FACE('',(#737),#388,.T.);
#6038=ADVANCED_FACE('',(#738),#389,.T.);
#6039=ADVANCED_FACE('',(#739),#390,.T.);
#6040=ADVANCED_FACE('',(#740),#391,.T.);
#6041=ADVANCED_FACE('',(#741),#392,.T.);
#6042=ADVANCED_FACE('',(#742),#393,.T.);
#6043=ADVANCED_FACE('',(#743),#394,.T.);
#6044=ADVANCED_FACE('',(#744),#395,.T.);
#6045=ADVANCED_FACE('',(#745),#396,.T.);
#6046=ADVANCED_FACE('',(#746),#397,.T.);
#6047=ADVANCED_FACE('',(#747),#398,.T.);
#6048=ADVANCED_FACE('',(#748),#399,.T.);
#6049=ADVANCED_FACE('',(#749),#400,.T.);
#6050=ADVANCED_FACE('',(#750,#108),#401,.T.);
#6051=ADVANCED_FACE('',(#751),#402,.T.);
#6052=ADVANCED_FACE('',(#752),#403,.T.);
#6053=ADVANCED_FACE('',(#753),#404,.F.);
#6054=ADVANCED_FACE('',(#754),#405,.F.);
#6055=ADVANCED_FACE('',(#755),#406,.F.);
#6056=ADVANCED_FACE('',(#756),#407,.F.);
#6057=CLOSED_SHELL('',(#5708,#5709,#5710,#5711,#5712,#5713,#5714,#5715,
#5716,#5717,#5718,#5719,#5720));
#6058=CLOSED_SHELL('',(#5721,#5722,#5723,#5724,#5725,#5726,#5727,#5728,
#5729,#5730,#5731,#5732,#5733,#5734,#5735,#5736,#5737,#5738,#5739,#5740,
#5741,#5742,#5743,#5744,#5745,#5746,#5747,#5748,#5749,#5750,#5751,#5752,
#5753,#5754,#5755,#5756));
#6059=CLOSED_SHELL('',(#5757,#5758,#5759,#5760,#5761,#5762,#5763,#5764,
#5765,#5766,#5767,#5768,#5769,#5770,#5771,#5772,#5773,#5774,#5775,#5776,
#5777,#5778,#5779,#5780,#5781,#5782,#5783,#5784,#5785,#5786,#5787,#5788,
#5789,#5790,#5791,#5792,#5793,#5794,#5795,#5796,#5797,#5798,#5799,#5800,
#5801,#5802,#5803,#5804,#5805));
#6060=CLOSED_SHELL('',(#5806,#5807,#5808,#5809,#5810,#5811,#5812,#5813,
#5814,#5815,#5816,#5817,#5818,#5819,#5820,#5821,#5822,#5823,#5824,#5825,
#5826,#5827,#5828,#5829,#5830,#5831,#5832,#5833,#5834,#5835,#5836,#5837,
#5838,#5839,#5840,#5841,#5842,#5843,#5844,#5845,#5846,#5847,#5848,#5849,
#5850,#5851,#5852,#5853,#5854));
#6061=CLOSED_SHELL('',(#5855,#5856,#5857,#5858,#5859,#5860,#5861,#5862,
#5863,#5864,#5865,#5866,#5867,#5868,#5869,#5870,#5871,#5872,#5873,#5874,
#5875,#5876,#5877,#5878,#5879,#5880,#5881,#5882,#5883,#5884,#5885,#5886,
#5887,#5888,#5889,#5890));
#6062=CLOSED_SHELL('',(#5891,#5892,#5893,#5894,#5895,#5896,#5897,#5898,
#5899,#5900,#5901,#5902,#5903,#5904,#5905,#5906,#5907,#5908,#5909,#5910,
#5911,#5912,#5913,#5914,#5915,#5916,#5917,#5918,#5919,#5920,#5921,#5922,
#5923,#5924,#5925,#5926,#5927,#5928,#5929,#5930,#5931,#5932,#5933,#5934,
#5935,#5936,#5937,#5938,#5939,#5940,#5941,#5942,#5943,#5944,#5945,#5946,
#5947,#5948,#5949,#5950,#5951,#5952,#5953,#5954,#5955));
#6063=CLOSED_SHELL('',(#5956,#5957,#5958,#5959,#5960,#5961,#5962,#5963,
#5964,#5965,#5966,#5967,#5968,#5969,#5970,#5971,#5972,#5973,#5974,#5975,
#5976,#5977,#5978,#5979,#5980,#5981,#5982,#5983,#5984,#5985,#5986,#5987,
#5988,#5989,#5990,#5991,#5992,#5993,#5994,#5995,#5996,#5997,#5998,#5999,
#6000,#6001,#6002,#6003,#6004,#6005,#6006,#6007,#6008,#6009,#6010,#6011,
#6012,#6013,#6014,#6015,#6016,#6017,#6018,#6019,#6020));
#6064=CLOSED_SHELL('',(#6021,#6022,#6023,#6024,#6025,#6026,#6027,#6028,
#6029,#6030,#6031,#6032,#6033,#6034,#6035,#6036,#6037,#6038,#6039,#6040,
#6041,#6042,#6043,#6044,#6045,#6046,#6047,#6048,#6049,#6050));
#6065=CLOSED_SHELL('',(#6051,#6052,#6053,#6054,#6055,#6056));
#6066=DERIVED_UNIT_ELEMENT(#6068,1.);
#6067=DERIVED_UNIT_ELEMENT(#11858,-3.);
#6068=(
MASS_UNIT()
NAMED_UNIT(*)
SI_UNIT(.KILO.,.GRAM.)
);
#6069=DERIVED_UNIT((#6066,#6067));
#6070=MEASURE_REPRESENTATION_ITEM('density measure',
POSITIVE_RATIO_MEASURE(7850.),#6069);
#6071=PROPERTY_DEFINITION_REPRESENTATION(#6076,#6073);
#6072=PROPERTY_DEFINITION_REPRESENTATION(#6077,#6074);
#6073=REPRESENTATION('material name',(#6075),#11855);
#6074=REPRESENTATION('density',(#6070),#11855);
#6075=DESCRIPTIVE_REPRESENTATION_ITEM('Acero','Acero');
#6076=PROPERTY_DEFINITION('material property','material name',#11865);
#6077=PROPERTY_DEFINITION('material property','density of part',#11865);
#6078=AXIS2_PLACEMENT_3D('',#8133,#6545,#6546);
#6079=AXIS2_PLACEMENT_3D('',#8134,#6547,#6548);
#6080=AXIS2_PLACEMENT_3D('',#8136,#6549,#6550);
#6081=AXIS2_PLACEMENT_3D('',#8139,#6552,#6553);
#6082=AXIS2_PLACEMENT_3D('',#8140,#6554,#6555);
#6083=AXIS2_PLACEMENT_3D('',#8141,#6556,#6557);
#6084=AXIS2_PLACEMENT_3D('',#8143,#6558,#6559);
#6085=AXIS2_PLACEMENT_3D('',#8183,#6561,#6562);
#6086=AXIS2_PLACEMENT_3D('',#8184,#6563,#6564);
#6087=AXIS2_PLACEMENT_3D('',#8186,#6565,#6566);
#6088=AXIS2_PLACEMENT_3D('',#8189,#6568,#6569);
#6089=AXIS2_PLACEMENT_3D('',#8190,#6570,#6571);
#6090=AXIS2_PLACEMENT_3D('',#8192,#6572,#6573);
#6091=AXIS2_PLACEMENT_3D('',#8193,#6574,#6575);
#6092=AXIS2_PLACEMENT_3D('',#8195,#6576,#6577);
#6093=AXIS2_PLACEMENT_3D('',#8198,#6579,#6580);
#6094=AXIS2_PLACEMENT_3D('',#8199,#6581,#6582);
#6095=AXIS2_PLACEMENT_3D('',#8200,#6583,#6584);
#6096=AXIS2_PLACEMENT_3D('',#8202,#6585,#6586);
#6097=AXIS2_PLACEMENT_3D('',#8205,#6588,#6589);
#6098=AXIS2_PLACEMENT_3D('',#8206,#6590,#6591);
#6099=AXIS2_PLACEMENT_3D('',#8207,#6592,#6593);
#6100=AXIS2_PLACEMENT_3D('',#8209,#6594,#6595);
#6101=AXIS2_PLACEMENT_3D('',#8211,#6597,#6598);
#6102=AXIS2_PLACEMENT_3D('',#8212,#6599,#6600);
#6103=AXIS2_PLACEMENT_3D('',#8213,#6601,#6602);
#6104=AXIS2_PLACEMENT_3D('',#8226,#6609,#6610);
#6105=AXIS2_PLACEMENT_3D('',#8235,#6615,#6616);
#6106=AXIS2_PLACEMENT_3D('',#8241,#6620,#6621);
#6107=AXIS2_PLACEMENT_3D('',#8247,#6625,#6626);
#6108=AXIS2_PLACEMENT_3D('',#8253,#6630,#6631);
#6109=AXIS2_PLACEMENT_3D('',#8259,#6635,#6636);
#6110=AXIS2_PLACEMENT_3D('',#8262,#6639,#6640);
#6111=AXIS2_PLACEMENT_3D('',#8263,#6641,#6642);
#6112=AXIS2_PLACEMENT_3D('',#8269,#6646,#6647);
#6113=AXIS2_PLACEMENT_3D('',#8273,#6650,#6651);
#6114=AXIS2_PLACEMENT_3D('',#8277,#6654,#6655);
#6115=AXIS2_PLACEMENT_3D('',#8281,#6658,#6659);
#6116=AXIS2_PLACEMENT_3D('',#8285,#6662,#6663);
#6117=AXIS2_PLACEMENT_3D('',#8287,#6665,#6666);
#6118=AXIS2_PLACEMENT_3D('',#8289,#6667,#6668);
#6119=AXIS2_PLACEMENT_3D('',#8291,#6669,#6670);
#6120=AXIS2_PLACEMENT_3D('',#8292,#6671,#6672);
#6121=AXIS2_PLACEMENT_3D('',#8294,#6673,#6674);
#6122=AXIS2_PLACEMENT_3D('',#8296,#6676,#6677);
#6123=AXIS2_PLACEMENT_3D('',#8297,#6678,#6679);
#6124=AXIS2_PLACEMENT_3D('',#8300,#6681,#6682);
#6125=AXIS2_PLACEMENT_3D('',#8301,#6683,#6684);
#6126=AXIS2_PLACEMENT_3D('',#8748,#6691,#6692);
#6127=AXIS2_PLACEMENT_3D('',#8750,#6693,#6694);
#6128=AXIS2_PLACEMENT_3D('',#8751,#6695,#6696);
#6129=AXIS2_PLACEMENT_3D('',#8928,#6703,#6704);
#6130=AXIS2_PLACEMENT_3D('',#8936,#6709,#6710);
#6131=AXIS2_PLACEMENT_3D('',#8940,#6713,#6714);
#6132=AXIS2_PLACEMENT_3D('',#8942,#6715,#6716);
#6133=AXIS2_PLACEMENT_3D('',#8943,#6717,#6718);
#6134=AXIS2_PLACEMENT_3D('',#8945,#6719,#6720);
#6135=AXIS2_PLACEMENT_3D('',#8946,#6721,#6722);
#6136=AXIS2_PLACEMENT_3D('',#8947,#6723,#6724);
#6137=AXIS2_PLACEMENT_3D('',#8948,#6725,#6726);
#6138=AXIS2_PLACEMENT_3D('',#9015,#6729,#6730);
#6139=AXIS2_PLACEMENT_3D('',#9016,#6731,#6732);
#6140=AXIS2_PLACEMENT_3D('',#9017,#6733,#6734);
#6141=AXIS2_PLACEMENT_3D('',#9018,#6735,#6736);
#6142=AXIS2_PLACEMENT_3D('',#9022,#6738,#6739);
#6143=AXIS2_PLACEMENT_3D('',#9024,#6741,#6742);
#6144=AXIS2_PLACEMENT_3D('',#9029,#6746,#6747);
#6145=AXIS2_PLACEMENT_3D('',#9031,#6749,#6750);
#6146=AXIS2_PLACEMENT_3D('',#9033,#6752,#6753);
#6147=AXIS2_PLACEMENT_3D('',#9035,#6755,#6756);
#6148=AXIS2_PLACEMENT_3D('',#9158,#6759,#6760);
#6149=AXIS2_PLACEMENT_3D('',#9182,#6761,#6762);
#6150=AXIS2_PLACEMENT_3D('',#9184,#6763,#6764);
#6151=AXIS2_PLACEMENT_3D('',#9186,#6765,#6766);
#6152=AXIS2_PLACEMENT_3D('',#9187,#6767,#6768);
#6153=AXIS2_PLACEMENT_3D('',#9285,#6769,#6770);
#6154=AXIS2_PLACEMENT_3D('',#9394,#6771,#6772);
#6155=AXIS2_PLACEMENT_3D('',#9413,#6773,#6774);
#6156=AXIS2_PLACEMENT_3D('',#9415,#6775,#6776);
#6157=AXIS2_PLACEMENT_3D('',#9417,#6777,#6778);
#6158=AXIS2_PLACEMENT_3D('',#9420,#6780,#6781);
#6159=AXIS2_PLACEMENT_3D('',#9422,#6782,#6783);
#6160=AXIS2_PLACEMENT_3D('',#9423,#6784,#6785);
#6161=AXIS2_PLACEMENT_3D('',#9424,#6786,#6787);
#6162=AXIS2_PLACEMENT_3D('',#9426,#6788,#6789);
#6163=AXIS2_PLACEMENT_3D('',#9427,#6790,#6791);
#6164=AXIS2_PLACEMENT_3D('',#9428,#6792,#6793);
#6165=AXIS2_PLACEMENT_3D('',#9430,#6794,#6795);
#6166=AXIS2_PLACEMENT_3D('',#9432,#6796,#6797);
#6167=AXIS2_PLACEMENT_3D('',#9433,#6798,#6799);
#6168=AXIS2_PLACEMENT_3D('',#9435,#6800,#6801);
#6169=AXIS2_PLACEMENT_3D('',#9437,#6803,#6804);
#6170=AXIS2_PLACEMENT_3D('',#9438,#6805,#6806);
#6171=AXIS2_PLACEMENT_3D('',#9441,#6808,#6809);
#6172=AXIS2_PLACEMENT_3D('',#9442,#6810,#6811);
#6173=AXIS2_PLACEMENT_3D('',#9444,#6812,#6813);
#6174=AXIS2_PLACEMENT_3D('',#9447,#6815,#6816);
#6175=AXIS2_PLACEMENT_3D('',#9448,#6817,#6818);
#6176=AXIS2_PLACEMENT_3D('',#9449,#6819,#6820);
#6177=AXIS2_PLACEMENT_3D('',#9451,#6821,#6822);
#6178=AXIS2_PLACEMENT_3D('',#9454,#6824,#6825);
#6179=AXIS2_PLACEMENT_3D('',#9455,#6826,#6827);
#6180=AXIS2_PLACEMENT_3D('',#9456,#6828,#6829);
#6181=AXIS2_PLACEMENT_3D('',#9458,#6830,#6831);
#6182=AXIS2_PLACEMENT_3D('',#9461,#6833,#6834);
#6183=AXIS2_PLACEMENT_3D('',#9462,#6835,#6836);
#6184=AXIS2_PLACEMENT_3D('',#9463,#6837,#6838);
#6185=AXIS2_PLACEMENT_3D('',#9477,#6845,#6846);
#6186=AXIS2_PLACEMENT_3D('',#9478,#6847,#6848);
#6187=AXIS2_PLACEMENT_3D('',#9484,#6852,#6853);
#6188=AXIS2_PLACEMENT_3D('',#9488,#6856,#6857);
#6189=AXIS2_PLACEMENT_3D('',#9492,#6860,#6861);
#6190=AXIS2_PLACEMENT_3D('',#9496,#6864,#6865);
#6191=AXIS2_PLACEMENT_3D('',#9500,#6868,#6869);
#6192=AXIS2_PLACEMENT_3D('',#9502,#6871,#6872);
#6193=AXIS2_PLACEMENT_3D('',#9503,#6873,#6874);
#6194=AXIS2_PLACEMENT_3D('',#9506,#6876,#6877);
#6195=AXIS2_PLACEMENT_3D('',#9507,#6878,#6879);
#6196=AXIS2_PLACEMENT_3D('',#9510,#6880,#6881);
#6197=AXIS2_PLACEMENT_3D('',#9512,#6882,#6883);
#6198=AXIS2_PLACEMENT_3D('',#9516,#6885,#6886);
#6199=AXIS2_PLACEMENT_3D('',#9518,#6888,#6889);
#6200=AXIS2_PLACEMENT_3D('',#9520,#6890,#6891);
#6201=AXIS2_PLACEMENT_3D('',#9524,#6893,#6894);
#6202=AXIS2_PLACEMENT_3D('',#9526,#6896,#6897);
#6203=AXIS2_PLACEMENT_3D('',#9528,#6898,#6899);
#6204=AXIS2_PLACEMENT_3D('',#9532,#6901,#6902);
#6205=AXIS2_PLACEMENT_3D('',#9534,#6904,#6905);
#6206=AXIS2_PLACEMENT_3D('',#9536,#6906,#6907);
#6207=AXIS2_PLACEMENT_3D('',#9540,#6909,#6910);
#6208=AXIS2_PLACEMENT_3D('',#9542,#6912,#6913);
#6209=AXIS2_PLACEMENT_3D('',#9544,#6914,#6915);
#6210=AXIS2_PLACEMENT_3D('',#9548,#6917,#6918);
#6211=AXIS2_PLACEMENT_3D('',#9550,#6920,#6921);
#6212=AXIS2_PLACEMENT_3D('',#9551,#6922,#6923);
#6213=AXIS2_PLACEMENT_3D('',#9555,#6925,#6926);
#6214=AXIS2_PLACEMENT_3D('',#9557,#6928,#6929);
#6215=AXIS2_PLACEMENT_3D('',#9563,#6933,#6934);
#6216=AXIS2_PLACEMENT_3D('',#9565,#6935,#6936);
#6217=AXIS2_PLACEMENT_3D('',#9567,#6938,#6939);
#6218=AXIS2_PLACEMENT_3D('',#9571,#6942,#6943);
#6219=AXIS2_PLACEMENT_3D('',#9573,#6944,#6945);
#6220=AXIS2_PLACEMENT_3D('',#9575,#6947,#6948);
#6221=AXIS2_PLACEMENT_3D('',#9579,#6951,#6952);
#6222=AXIS2_PLACEMENT_3D('',#9581,#6953,#6954);
#6223=AXIS2_PLACEMENT_3D('',#9583,#6956,#6957);
#6224=AXIS2_PLACEMENT_3D('',#9587,#6960,#6961);
#6225=AXIS2_PLACEMENT_3D('',#9589,#6962,#6963);
#6226=AXIS2_PLACEMENT_3D('',#9591,#6965,#6966);
#6227=AXIS2_PLACEMENT_3D('',#9595,#6969,#6970);
#6228=AXIS2_PLACEMENT_3D('',#9597,#6971,#6972);
#6229=AXIS2_PLACEMENT_3D('',#9599,#6974,#6975);
#6230=AXIS2_PLACEMENT_3D('',#9603,#6978,#6979);
#6231=AXIS2_PLACEMENT_3D('',#9604,#6980,#6981);
#6232=AXIS2_PLACEMENT_3D('',#9605,#6982,#6983);
#6233=AXIS2_PLACEMENT_3D('',#9606,#6984,#6985);
#6234=AXIS2_PLACEMENT_3D('',#9609,#6987,#6988);
#6235=AXIS2_PLACEMENT_3D('',#9610,#6989,#6990);
#6236=AXIS2_PLACEMENT_3D('',#9612,#6991,#6992);
#6237=AXIS2_PLACEMENT_3D('',#9615,#6994,#6995);
#6238=AXIS2_PLACEMENT_3D('',#9616,#6996,#6997);
#6239=AXIS2_PLACEMENT_3D('',#9617,#6998,#6999);
#6240=AXIS2_PLACEMENT_3D('',#9618,#7000,#7001);
#6241=AXIS2_PLACEMENT_3D('',#9643,#7003,#7004);
#6242=AXIS2_PLACEMENT_3D('',#9645,#7005,#7006);
#6243=AXIS2_PLACEMENT_3D('',#9647,#7007,#7008);
#6244=AXIS2_PLACEMENT_3D('',#9648,#7009,#7010);
#6245=AXIS2_PLACEMENT_3D('',#9746,#7011,#7012);
#6246=AXIS2_PLACEMENT_3D('',#9855,#7013,#7014);
#6247=AXIS2_PLACEMENT_3D('',#9874,#7015,#7016);
#6248=AXIS2_PLACEMENT_3D('',#9876,#7017,#7018);
#6249=AXIS2_PLACEMENT_3D('',#9878,#7019,#7020);
#6250=AXIS2_PLACEMENT_3D('',#9881,#7022,#7023);
#6251=AXIS2_PLACEMENT_3D('',#9883,#7024,#7025);
#6252=AXIS2_PLACEMENT_3D('',#9884,#7026,#7027);
#6253=AXIS2_PLACEMENT_3D('',#9885,#7028,#7029);
#6254=AXIS2_PLACEMENT_3D('',#9887,#7030,#7031);
#6255=AXIS2_PLACEMENT_3D('',#9888,#7032,#7033);
#6256=AXIS2_PLACEMENT_3D('',#9889,#7034,#7035);
#6257=AXIS2_PLACEMENT_3D('',#9891,#7036,#7037);
#6258=AXIS2_PLACEMENT_3D('',#9893,#7038,#7039);
#6259=AXIS2_PLACEMENT_3D('',#9894,#7040,#7041);
#6260=AXIS2_PLACEMENT_3D('',#9896,#7042,#7043);
#6261=AXIS2_PLACEMENT_3D('',#9898,#7045,#7046);
#6262=AXIS2_PLACEMENT_3D('',#9899,#7047,#7048);
#6263=AXIS2_PLACEMENT_3D('',#9902,#7050,#7051);
#6264=AXIS2_PLACEMENT_3D('',#9903,#7052,#7053);
#6265=AXIS2_PLACEMENT_3D('',#9905,#7054,#7055);
#6266=AXIS2_PLACEMENT_3D('',#9908,#7057,#7058);
#6267=AXIS2_PLACEMENT_3D('',#9909,#7059,#7060);
#6268=AXIS2_PLACEMENT_3D('',#9910,#7061,#7062);
#6269=AXIS2_PLACEMENT_3D('',#9912,#7063,#7064);
#6270=AXIS2_PLACEMENT_3D('',#9915,#7066,#7067);
#6271=AXIS2_PLACEMENT_3D('',#9916,#7068,#7069);
#6272=AXIS2_PLACEMENT_3D('',#9917,#7070,#7071);
#6273=AXIS2_PLACEMENT_3D('',#9919,#7072,#7073);
#6274=AXIS2_PLACEMENT_3D('',#9922,#7075,#7076);
#6275=AXIS2_PLACEMENT_3D('',#9923,#7077,#7078);
#6276=AXIS2_PLACEMENT_3D('',#9924,#7079,#7080);
#6277=AXIS2_PLACEMENT_3D('',#9938,#7087,#7088);
#6278=AXIS2_PLACEMENT_3D('',#9939,#7089,#7090);
#6279=AXIS2_PLACEMENT_3D('',#9945,#7094,#7095);
#6280=AXIS2_PLACEMENT_3D('',#9949,#7098,#7099);
#6281=AXIS2_PLACEMENT_3D('',#9953,#7102,#7103);
#6282=AXIS2_PLACEMENT_3D('',#9957,#7106,#7107);
#6283=AXIS2_PLACEMENT_3D('',#9961,#7110,#7111);
#6284=AXIS2_PLACEMENT_3D('',#9963,#7113,#7114);
#6285=AXIS2_PLACEMENT_3D('',#9964,#7115,#7116);
#6286=AXIS2_PLACEMENT_3D('',#9967,#7118,#7119);
#6287=AXIS2_PLACEMENT_3D('',#9968,#7120,#7121);
#6288=AXIS2_PLACEMENT_3D('',#9971,#7122,#7123);
#6289=AXIS2_PLACEMENT_3D('',#9973,#7124,#7125);
#6290=AXIS2_PLACEMENT_3D('',#9977,#7127,#7128);
#6291=AXIS2_PLACEMENT_3D('',#9979,#7130,#7131);
#6292=AXIS2_PLACEMENT_3D('',#9981,#7132,#7133);
#6293=AXIS2_PLACEMENT_3D('',#9985,#7135,#7136);
#6294=AXIS2_PLACEMENT_3D('',#9987,#7138,#7139);
#6295=AXIS2_PLACEMENT_3D('',#9989,#7140,#7141);
#6296=AXIS2_PLACEMENT_3D('',#9993,#7143,#7144);
#6297=AXIS2_PLACEMENT_3D('',#9995,#7146,#7147);
#6298=AXIS2_PLACEMENT_3D('',#9997,#7148,#7149);
#6299=AXIS2_PLACEMENT_3D('',#10001,#7151,#7152);
#6300=AXIS2_PLACEMENT_3D('',#10003,#7154,#7155);
#6301=AXIS2_PLACEMENT_3D('',#10005,#7156,#7157);
#6302=AXIS2_PLACEMENT_3D('',#10009,#7159,#7160);
#6303=AXIS2_PLACEMENT_3D('',#10011,#7162,#7163);
#6304=AXIS2_PLACEMENT_3D('',#10012,#7164,#7165);
#6305=AXIS2_PLACEMENT_3D('',#10016,#7167,#7168);
#6306=AXIS2_PLACEMENT_3D('',#10018,#7170,#7171);
#6307=AXIS2_PLACEMENT_3D('',#10024,#7175,#7176);
#6308=AXIS2_PLACEMENT_3D('',#10026,#7177,#7178);
#6309=AXIS2_PLACEMENT_3D('',#10028,#7180,#7181);
#6310=AXIS2_PLACEMENT_3D('',#10032,#7184,#7185);
#6311=AXIS2_PLACEMENT_3D('',#10034,#7186,#7187);
#6312=AXIS2_PLACEMENT_3D('',#10036,#7189,#7190);
#6313=AXIS2_PLACEMENT_3D('',#10040,#7193,#7194);
#6314=AXIS2_PLACEMENT_3D('',#10042,#7195,#7196);
#6315=AXIS2_PLACEMENT_3D('',#10044,#7198,#7199);
#6316=AXIS2_PLACEMENT_3D('',#10048,#7202,#7203);
#6317=AXIS2_PLACEMENT_3D('',#10050,#7204,#7205);
#6318=AXIS2_PLACEMENT_3D('',#10052,#7207,#7208);
#6319=AXIS2_PLACEMENT_3D('',#10056,#7211,#7212);
#6320=AXIS2_PLACEMENT_3D('',#10058,#7213,#7214);
#6321=AXIS2_PLACEMENT_3D('',#10060,#7216,#7217);
#6322=AXIS2_PLACEMENT_3D('',#10064,#7220,#7221);
#6323=AXIS2_PLACEMENT_3D('',#10065,#7222,#7223);
#6324=AXIS2_PLACEMENT_3D('',#10066,#7224,#7225);
#6325=AXIS2_PLACEMENT_3D('',#10067,#7226,#7227);
#6326=AXIS2_PLACEMENT_3D('',#10070,#7229,#7230);
#6327=AXIS2_PLACEMENT_3D('',#10071,#7231,#7232);
#6328=AXIS2_PLACEMENT_3D('',#10073,#7233,#7234);
#6329=AXIS2_PLACEMENT_3D('',#10076,#7236,#7237);
#6330=AXIS2_PLACEMENT_3D('',#10077,#7238,#7239);
#6331=AXIS2_PLACEMENT_3D('',#10078,#7240,#7241);
#6332=AXIS2_PLACEMENT_3D('',#10079,#7242,#7243);
#6333=AXIS2_PLACEMENT_3D('',#10081,#7245,#7246);
#6334=AXIS2_PLACEMENT_3D('',#10094,#7253,#7254);
#6335=AXIS2_PLACEMENT_3D('',#10103,#7259,#7260);
#6336=AXIS2_PLACEMENT_3D('',#10109,#7264,#7265);
#6337=AXIS2_PLACEMENT_3D('',#10115,#7269,#7270);
#6338=AXIS2_PLACEMENT_3D('',#10121,#7274,#7275);
#6339=AXIS2_PLACEMENT_3D('',#10127,#7279,#7280);
#6340=AXIS2_PLACEMENT_3D('',#10130,#7283,#7284);
#6341=AXIS2_PLACEMENT_3D('',#10131,#7285,#7286);
#6342=AXIS2_PLACEMENT_3D('',#10137,#7290,#7291);
#6343=AXIS2_PLACEMENT_3D('',#10141,#7294,#7295);
#6344=AXIS2_PLACEMENT_3D('',#10145,#7298,#7299);
#6345=AXIS2_PLACEMENT_3D('',#10149,#7302,#7303);
#6346=AXIS2_PLACEMENT_3D('',#10153,#7306,#7307);
#6347=AXIS2_PLACEMENT_3D('',#10155,#7309,#7310);
#6348=AXIS2_PLACEMENT_3D('',#10157,#7311,#7312);
#6349=AXIS2_PLACEMENT_3D('',#10159,#7313,#7314);
#6350=AXIS2_PLACEMENT_3D('',#10160,#7315,#7316);
#6351=AXIS2_PLACEMENT_3D('',#10162,#7317,#7318);
#6352=AXIS2_PLACEMENT_3D('',#10164,#7320,#7321);
#6353=AXIS2_PLACEMENT_3D('',#10165,#7322,#7323);
#6354=AXIS2_PLACEMENT_3D('',#10168,#7325,#7326);
#6355=AXIS2_PLACEMENT_3D('',#10169,#7327,#7328);
#6356=AXIS2_PLACEMENT_3D('',#10616,#7335,#7336);
#6357=AXIS2_PLACEMENT_3D('',#10618,#7337,#7338);
#6358=AXIS2_PLACEMENT_3D('',#10619,#7339,#7340);
#6359=AXIS2_PLACEMENT_3D('',#10796,#7347,#7348);
#6360=AXIS2_PLACEMENT_3D('',#10804,#7353,#7354);
#6361=AXIS2_PLACEMENT_3D('',#10808,#7357,#7358);
#6362=AXIS2_PLACEMENT_3D('',#10810,#7359,#7360);
#6363=AXIS2_PLACEMENT_3D('',#10811,#7361,#7362);
#6364=AXIS2_PLACEMENT_3D('',#10813,#7363,#7364);
#6365=AXIS2_PLACEMENT_3D('',#10814,#7365,#7366);
#6366=AXIS2_PLACEMENT_3D('',#10815,#7367,#7368);
#6367=AXIS2_PLACEMENT_3D('',#10816,#7369,#7370);
#6368=AXIS2_PLACEMENT_3D('',#10883,#7373,#7374);
#6369=AXIS2_PLACEMENT_3D('',#10884,#7375,#7376);
#6370=AXIS2_PLACEMENT_3D('',#10885,#7377,#7378);
#6371=AXIS2_PLACEMENT_3D('',#10886,#7379,#7380);
#6372=AXIS2_PLACEMENT_3D('',#10890,#7382,#7383);
#6373=AXIS2_PLACEMENT_3D('',#10892,#7385,#7386);
#6374=AXIS2_PLACEMENT_3D('',#10897,#7390,#7391);
#6375=AXIS2_PLACEMENT_3D('',#10899,#7393,#7394);
#6376=AXIS2_PLACEMENT_3D('',#10901,#7396,#7397);
#6377=AXIS2_PLACEMENT_3D('',#10903,#7399,#7400);
#6378=AXIS2_PLACEMENT_3D('',#11026,#7403,#7404);
#6379=AXIS2_PLACEMENT_3D('',#11027,#7405,#7406);
#6380=AXIS2_PLACEMENT_3D('',#11036,#7411,#7412);
#6381=AXIS2_PLACEMENT_3D('',#11042,#7416,#7417);
#6382=AXIS2_PLACEMENT_3D('',#11050,#7422,#7423);
#6383=AXIS2_PLACEMENT_3D('',#11059,#7428,#7429);
#6384=AXIS2_PLACEMENT_3D('',#11065,#7433,#7434);
#6385=AXIS2_PLACEMENT_3D('',#11073,#7439,#7440);
#6386=AXIS2_PLACEMENT_3D('',#11077,#7443,#7444);
#6387=AXIS2_PLACEMENT_3D('',#11081,#7447,#7448);
#6388=AXIS2_PLACEMENT_3D('',#11090,#7453,#7454);
#6389=AXIS2_PLACEMENT_3D('',#11096,#7458,#7459);
#6390=AXIS2_PLACEMENT_3D('',#11102,#7463,#7464);
#6391=AXIS2_PLACEMENT_3D('',#11105,#7467,#7468);
#6392=AXIS2_PLACEMENT_3D('',#11106,#7469,#7470);
#6393=AXIS2_PLACEMENT_3D('',#11115,#7475,#7476);
#6394=AXIS2_PLACEMENT_3D('',#11121,#7480,#7481);
#6395=AXIS2_PLACEMENT_3D('',#11127,#7485,#7486);
#6396=AXIS2_PLACEMENT_3D('',#11130,#7489,#7490);
#6397=AXIS2_PLACEMENT_3D('',#11131,#7491,#7492);
#6398=AXIS2_PLACEMENT_3D('',#11140,#7497,#7498);
#6399=AXIS2_PLACEMENT_3D('',#11146,#7502,#7503);
#6400=AXIS2_PLACEMENT_3D('',#11152,#7507,#7508);
#6401=AXIS2_PLACEMENT_3D('',#11155,#7511,#7512);
#6402=AXIS2_PLACEMENT_3D('',#11156,#7513,#7514);
#6403=AXIS2_PLACEMENT_3D('',#11165,#7519,#7520);
#6404=AXIS2_PLACEMENT_3D('',#11171,#7524,#7525);
#6405=AXIS2_PLACEMENT_3D('',#11177,#7529,#7530);
#6406=AXIS2_PLACEMENT_3D('',#11180,#7533,#7534);
#6407=AXIS2_PLACEMENT_3D('',#11181,#7535,#7536);
#6408=AXIS2_PLACEMENT_3D('',#11190,#7541,#7542);
#6409=AXIS2_PLACEMENT_3D('',#11196,#7546,#7547);
#6410=AXIS2_PLACEMENT_3D('',#11202,#7551,#7552);
#6411=AXIS2_PLACEMENT_3D('',#11205,#7555,#7556);
#6412=AXIS2_PLACEMENT_3D('',#11206,#7557,#7558);
#6413=AXIS2_PLACEMENT_3D('',#11215,#7563,#7564);
#6414=AXIS2_PLACEMENT_3D('',#11221,#7568,#7569);
#6415=AXIS2_PLACEMENT_3D('',#11227,#7573,#7574);
#6416=AXIS2_PLACEMENT_3D('',#11230,#7577,#7578);
#6417=AXIS2_PLACEMENT_3D('',#11231,#7579,#7580);
#6418=AXIS2_PLACEMENT_3D('',#11240,#7585,#7586);
#6419=AXIS2_PLACEMENT_3D('',#11249,#7591,#7592);
#6420=AXIS2_PLACEMENT_3D('',#11258,#7597,#7598);
#6421=AXIS2_PLACEMENT_3D('',#11264,#7602,#7603);
#6422=AXIS2_PLACEMENT_3D('',#11268,#7606,#7607);
#6423=AXIS2_PLACEMENT_3D('',#11272,#7610,#7611);
#6424=AXIS2_PLACEMENT_3D('',#11274,#7613,#7614);
#6425=AXIS2_PLACEMENT_3D('',#11280,#7618,#7619);
#6426=AXIS2_PLACEMENT_3D('',#11282,#7621,#7622);
#6427=AXIS2_PLACEMENT_3D('',#11284,#7624,#7625);
#6428=AXIS2_PLACEMENT_3D('',#11290,#7629,#7630);
#6429=AXIS2_PLACEMENT_3D('',#11294,#7633,#7634);
#6430=AXIS2_PLACEMENT_3D('',#11298,#7637,#7638);
#6431=AXIS2_PLACEMENT_3D('',#11300,#7640,#7641);
#6432=AXIS2_PLACEMENT_3D('',#11306,#7645,#7646);
#6433=AXIS2_PLACEMENT_3D('',#11308,#7648,#7649);
#6434=AXIS2_PLACEMENT_3D('',#11310,#7651,#7652);
#6435=AXIS2_PLACEMENT_3D('',#11316,#7656,#7657);
#6436=AXIS2_PLACEMENT_3D('',#11320,#7660,#7661);
#6437=AXIS2_PLACEMENT_3D('',#11324,#7664,#7665);
#6438=AXIS2_PLACEMENT_3D('',#11326,#7667,#7668);
#6439=AXIS2_PLACEMENT_3D('',#11335,#7673,#7674);
#6440=AXIS2_PLACEMENT_3D('',#11341,#7678,#7679);
#6441=AXIS2_PLACEMENT_3D('',#11347,#7683,#7684);
#6442=AXIS2_PLACEMENT_3D('',#11350,#7687,#7688);
#6443=AXIS2_PLACEMENT_3D('',#11351,#7689,#7690);
#6444=AXIS2_PLACEMENT_3D('',#11352,#7691,#7692);
#6445=AXIS2_PLACEMENT_3D('',#11361,#7697,#7698);
#6446=AXIS2_PLACEMENT_3D('',#11367,#7702,#7703);
#6447=AXIS2_PLACEMENT_3D('',#11375,#7708,#7709);
#6448=AXIS2_PLACEMENT_3D('',#11384,#7714,#7715);
#6449=AXIS2_PLACEMENT_3D('',#11390,#7719,#7720);
#6450=AXIS2_PLACEMENT_3D('',#11398,#7725,#7726);
#6451=AXIS2_PLACEMENT_3D('',#11402,#7729,#7730);
#6452=AXIS2_PLACEMENT_3D('',#11406,#7733,#7734);
#6453=AXIS2_PLACEMENT_3D('',#11415,#7739,#7740);
#6454=AXIS2_PLACEMENT_3D('',#11421,#7744,#7745);
#6455=AXIS2_PLACEMENT_3D('',#11427,#7749,#7750);
#6456=AXIS2_PLACEMENT_3D('',#11430,#7753,#7754);
#6457=AXIS2_PLACEMENT_3D('',#11431,#7755,#7756);
#6458=AXIS2_PLACEMENT_3D('',#11440,#7761,#7762);
#6459=AXIS2_PLACEMENT_3D('',#11446,#7766,#7767);
#6460=AXIS2_PLACEMENT_3D('',#11452,#7771,#7772);
#6461=AXIS2_PLACEMENT_3D('',#11455,#7775,#7776);
#6462=AXIS2_PLACEMENT_3D('',#11456,#7777,#7778);
#6463=AXIS2_PLACEMENT_3D('',#11465,#7783,#7784);
#6464=AXIS2_PLACEMENT_3D('',#11471,#7788,#7789);
#6465=AXIS2_PLACEMENT_3D('',#11477,#7793,#7794);
#6466=AXIS2_PLACEMENT_3D('',#11480,#7797,#7798);
#6467=AXIS2_PLACEMENT_3D('',#11481,#7799,#7800);
#6468=AXIS2_PLACEMENT_3D('',#11490,#7805,#7806);
#6469=AXIS2_PLACEMENT_3D('',#11496,#7810,#7811);
#6470=AXIS2_PLACEMENT_3D('',#11502,#7815,#7816);
#6471=AXIS2_PLACEMENT_3D('',#11505,#7819,#7820);
#6472=AXIS2_PLACEMENT_3D('',#11506,#7821,#7822);
#6473=AXIS2_PLACEMENT_3D('',#11515,#7827,#7828);
#6474=AXIS2_PLACEMENT_3D('',#11521,#7832,#7833);
#6475=AXIS2_PLACEMENT_3D('',#11527,#7837,#7838);
#6476=AXIS2_PLACEMENT_3D('',#11530,#7841,#7842);
#6477=AXIS2_PLACEMENT_3D('',#11531,#7843,#7844);
#6478=AXIS2_PLACEMENT_3D('',#11540,#7849,#7850);
#6479=AXIS2_PLACEMENT_3D('',#11546,#7854,#7855);
#6480=AXIS2_PLACEMENT_3D('',#11552,#7859,#7860);
#6481=AXIS2_PLACEMENT_3D('',#11555,#7863,#7864);
#6482=AXIS2_PLACEMENT_3D('',#11556,#7865,#7866);
#6483=AXIS2_PLACEMENT_3D('',#11565,#7871,#7872);
#6484=AXIS2_PLACEMENT_3D('',#11574,#7877,#7878);
#6485=AXIS2_PLACEMENT_3D('',#11583,#7883,#7884);
#6486=AXIS2_PLACEMENT_3D('',#11589,#7888,#7889);
#6487=AXIS2_PLACEMENT_3D('',#11593,#7892,#7893);
#6488=AXIS2_PLACEMENT_3D('',#11597,#7896,#7897);
#6489=AXIS2_PLACEMENT_3D('',#11599,#7899,#7900);
#6490=AXIS2_PLACEMENT_3D('',#11605,#7904,#7905);
#6491=AXIS2_PLACEMENT_3D('',#11607,#7907,#7908);
#6492=AXIS2_PLACEMENT_3D('',#11609,#7910,#7911);
#6493=AXIS2_PLACEMENT_3D('',#11615,#7915,#7916);
#6494=AXIS2_PLACEMENT_3D('',#11619,#7919,#7920);
#6495=AXIS2_PLACEMENT_3D('',#11623,#7923,#7924);
#6496=AXIS2_PLACEMENT_3D('',#11625,#7926,#7927);
#6497=AXIS2_PLACEMENT_3D('',#11631,#7931,#7932);
#6498=AXIS2_PLACEMENT_3D('',#11633,#7934,#7935);
#6499=AXIS2_PLACEMENT_3D('',#11635,#7937,#7938);
#6500=AXIS2_PLACEMENT_3D('',#11641,#7942,#7943);
#6501=AXIS2_PLACEMENT_3D('',#11645,#7946,#7947);
#6502=AXIS2_PLACEMENT_3D('',#11649,#7950,#7951);
#6503=AXIS2_PLACEMENT_3D('',#11651,#7953,#7954);
#6504=AXIS2_PLACEMENT_3D('',#11660,#7959,#7960);
#6505=AXIS2_PLACEMENT_3D('',#11666,#7964,#7965);
#6506=AXIS2_PLACEMENT_3D('',#11672,#7969,#7970);
#6507=AXIS2_PLACEMENT_3D('',#11675,#7973,#7974);
#6508=AXIS2_PLACEMENT_3D('',#11676,#7975,#7976);
#6509=AXIS2_PLACEMENT_3D('',#11677,#7977,#7978);
#6510=AXIS2_PLACEMENT_3D('',#11694,#7987,#7988);
#6511=AXIS2_PLACEMENT_3D('',#11700,#7992,#7993);
#6512=AXIS2_PLACEMENT_3D('',#11704,#7996,#7997);
#6513=AXIS2_PLACEMENT_3D('',#11724,#8008,#8009);
#6514=AXIS2_PLACEMENT_3D('',#11726,#8011,#8012);
#6515=AXIS2_PLACEMENT_3D('',#11727,#8013,#8014);
#6516=AXIS2_PLACEMENT_3D('',#11733,#8018,#8019);
#6517=AXIS2_PLACEMENT_3D('',#11739,#8023,#8024);
#6518=AXIS2_PLACEMENT_3D('',#11745,#8028,#8029);
#6519=AXIS2_PLACEMENT_3D('',#11749,#8032,#8033);
#6520=AXIS2_PLACEMENT_3D('',#11753,#8036,#8037);
#6521=AXIS2_PLACEMENT_3D('',#11757,#8040,#8041);
#6522=AXIS2_PLACEMENT_3D('',#11761,#8044,#8045);
#6523=AXIS2_PLACEMENT_3D('',#11765,#8048,#8049);
#6524=AXIS2_PLACEMENT_3D('',#11769,#8052,#8053);
#6525=AXIS2_PLACEMENT_3D('',#11771,#8055,#8056);
#6526=AXIS2_PLACEMENT_3D('',#11773,#8058,#8059);
#6527=AXIS2_PLACEMENT_3D('',#11774,#8060,#8061);
#6528=AXIS2_PLACEMENT_3D('',#11783,#8066,#8067);
#6529=AXIS2_PLACEMENT_3D('',#11789,#8071,#8072);
#6530=AXIS2_PLACEMENT_3D('',#11795,#8076,#8077);
#6531=AXIS2_PLACEMENT_3D('',#11797,#8079,#8080);
#6532=AXIS2_PLACEMENT_3D('',#11806,#8085,#8086);
#6533=AXIS2_PLACEMENT_3D('',#11812,#8090,#8091);
#6534=AXIS2_PLACEMENT_3D('',#11818,#8095,#8096);
#6535=AXIS2_PLACEMENT_3D('',#11821,#8099,#8100);
#6536=AXIS2_PLACEMENT_3D('',#11822,#8101,#8102);
#6537=AXIS2_PLACEMENT_3D('',#11825,#8105,#8106);
#6538=AXIS2_PLACEMENT_3D('',#11826,#8107,#8108);
#6539=AXIS2_PLACEMENT_3D('',#11827,#8109,#8110);
#6540=AXIS2_PLACEMENT_3D('',#11836,#8115,#8116);
#6541=AXIS2_PLACEMENT_3D('',#11842,#8120,#8121);
#6542=AXIS2_PLACEMENT_3D('',#11848,#8125,#8126);
#6543=AXIS2_PLACEMENT_3D('',#11850,#8128,#8129);
#6544=AXIS2_PLACEMENT_3D('',#11852,#8131,#8132);
#6545=DIRECTION('axis',(0.,0.,1.));
#6546=DIRECTION('refdir',(1.,0.,0.));
#6547=DIRECTION('center_axis',(-0.819152044288992,-0.573576436351046,-1.22464679914735E-16));
#6548=DIRECTION('ref_axis',(0.573576436351046,-0.819152044288992,9.71165052462065E-33));
#6549=DIRECTION('center_axis',(-0.819152044288992,-0.573576436351046,-1.22464679914735E-16));
#6550=DIRECTION('ref_axis',(0.573576436351046,-0.819152044288992,9.71165052462065E-33));
#6551=DIRECTION('',(-0.819152044288992,-0.573576436351046,-1.22464679914735E-16));
#6552=DIRECTION('center_axis',(-0.819152044288992,-0.573576436351046,-1.22464679914735E-16));
#6553=DIRECTION('ref_axis',(0.573576436351046,-0.819152044288992,9.71165052462065E-33));
#6554=DIRECTION('center_axis',(-0.819152044288992,-0.573576436351046,-1.22464679914735E-16));
#6555=DIRECTION('ref_axis',(0.573576436351046,-0.819152044288992,8.06851445762505E-33));
#6556=DIRECTION('center_axis',(0.819152044288992,0.573576436351046,1.22464679914735E-16));
#6557=DIRECTION('ref_axis',(0.573576436351046,-0.819152044288992,7.55350596359384E-33));
#6558=DIRECTION('center_axis',(0.819152044288992,0.573576436351046,1.22464679914735E-16));
#6559=DIRECTION('ref_axis',(0.573576436351046,-0.819152044288992,7.55350596359384E-33));
#6560=DIRECTION('',(-0.819152044288992,-0.573576436351046,-1.22464679914735E-16));
#6561=DIRECTION('center_axis',(0.819152044288992,0.573576436351046,1.22464679914735E-16));
#6562=DIRECTION('ref_axis',(0.573576436351046,-0.819152044288992,8.06851445762505E-33));
#6563=DIRECTION('center_axis',(1.00317192905352E-16,7.02428546843654E-17,
-1.));
#6564=DIRECTION('ref_axis',(0.819152044288992,0.573576436351046,1.22464679914735E-16));
#6565=DIRECTION('center_axis',(-1.00317192905352E-16,-7.02428546843654E-17,
1.));
#6566=DIRECTION('ref_axis',(0.819152044288992,0.573576436351046,1.22464679914735E-16));
#6567=DIRECTION('',(1.00317192905352E-16,7.02428546843654E-17,-1.));
#6568=DIRECTION('center_axis',(-1.00317192905352E-16,-7.02428546843654E-17,
1.));
#6569=DIRECTION('ref_axis',(0.819152044288992,0.573576436351046,1.22464679914735E-16));
#6570=DIRECTION('center_axis',(-1.00317192905352E-16,-7.02428546843654E-17,
1.));
#6571=DIRECTION('ref_axis',(0.819152044288992,0.573576436351046,1.22464679914735E-16));
#6572=DIRECTION('center_axis',(1.00317192905352E-16,7.02428546843654E-17,
-1.));
#6573=DIRECTION('ref_axis',(0.819152044288992,0.573576436351046,1.22464679914735E-16));
#6574=DIRECTION('center_axis',(-1.00317192905352E-16,-7.02428546843654E-17,
1.));
#6575=DIRECTION('ref_axis',(-0.819152044288992,-0.573576436351046,-1.22464679914735E-16));
#6576=DIRECTION('center_axis',(-1.00317192905352E-16,-7.02428546843654E-17,
1.));
#6577=DIRECTION('ref_axis',(-0.819152044288992,-0.573576436351046,-1.22464679914735E-16));
#6578=DIRECTION('',(-1.00317192905352E-16,-7.02428546843654E-17,1.));
#6579=DIRECTION('center_axis',(-1.00317192905352E-16,-7.02428546843654E-17,
1.));
#6580=DIRECTION('ref_axis',(-0.819152044288992,-0.573576436351046,-1.22464679914735E-16));
#6581=DIRECTION('center_axis',(1.00317192905352E-16,7.02428546843654E-17,
-1.));
#6582=DIRECTION('ref_axis',(-0.819152044288992,-0.573576436351046,-1.22464679914735E-16));
#6583=DIRECTION('center_axis',(1.00317192905352E-16,7.02428546843654E-17,
-1.));
#6584=DIRECTION('ref_axis',(-0.819152044288992,-0.573576436351046,-1.22464679914735E-16));
#6585=DIRECTION('center_axis',(1.00317192905352E-16,7.02428546843654E-17,
-1.));
#6586=DIRECTION('ref_axis',(-0.819152044288992,-0.573576436351046,-1.22464679914735E-16));
#6587=DIRECTION('',(-1.00317192905352E-16,-7.02428546843654E-17,1.));
#6588=DIRECTION('center_axis',(-1.00317192905352E-16,-7.02428546843654E-17,
1.));
#6589=DIRECTION('ref_axis',(-0.819152044288992,-0.573576436351046,-1.22464679914735E-16));
#6590=DIRECTION('center_axis',(1.00317192905352E-16,7.02428546843654E-17,
-1.));
#6591=DIRECTION('ref_axis',(-0.819152044288992,-0.573576436351046,-1.22464679914735E-16));
#6592=DIRECTION('center_axis',(1.00317192905352E-16,7.02428546843654E-17,
-1.));
#6593=DIRECTION('ref_axis',(0.819152044288992,0.573576436351046,1.22464679914735E-16));
#6594=DIRECTION('center_axis',(1.00317192905352E-16,7.02428546843654E-17,
-1.));
#6595=DIRECTION('ref_axis',(0.819152044288992,0.573576436351046,1.22464679914735E-16));
#6596=DIRECTION('',(-1.00317192905352E-16,-7.02428546843654E-17,1.));
#6597=DIRECTION('center_axis',(1.00317192905352E-16,7.02428546843654E-17,
-1.));
#6598=DIRECTION('ref_axis',(0.819152044288992,0.573576436351046,1.22464679914735E-16));
#6599=DIRECTION('center_axis',(1.00317192905352E-16,7.02428546843654E-17,
-1.));
#6600=DIRECTION('ref_axis',(0.819152044288992,0.573576436351046,1.22464679914735E-16));
#6601=DIRECTION('center_axis',(1.70096035727369E-16,-1.42727520843553E-16,
1.));
#6602=DIRECTION('ref_axis',(0.766044443118978,-0.642787609686539,-2.22044604925031E-16));
#6603=DIRECTION('',(-0.64278760968654,-0.766044443118977,3.41586786896852E-31));
#6604=DIRECTION('',(0.342020143325669,-0.939692620785908,-1.92296268638356E-16));
#6605=DIRECTION('',(0.984807753012208,-0.17364817766693,-1.92296268638356E-16));
#6606=DIRECTION('',(0.64278760968654,0.766044443118978,-1.70793393448426E-31));
#6607=DIRECTION('',(-0.342020143325668,0.939692620785909,1.92296268638356E-16));
#6608=DIRECTION('',(-0.984807753012208,0.173648177666931,1.92296268638356E-16));
#6609=DIRECTION('center_axis',(-0.939692620785908,-0.342020143325669,1.11022302462516E-16));
#6610=DIRECTION('ref_axis',(-0.342020143325669,0.939692620785908,1.92296268638356E-16));
#6611=DIRECTION('',(0.342020143325669,-0.939692620785908,-1.92296268638356E-16));
#6612=DIRECTION('',(-1.70096035727369E-16,1.42727520843553E-16,-1.));
#6613=DIRECTION('',(-0.342020143325669,0.939692620785908,1.92296268638356E-16));
#6614=DIRECTION('',(-1.70096035727369E-16,1.42727520843553E-16,-1.));
#6615=DIRECTION('center_axis',(-0.17364817766693,-0.984807753012208,-1.11022302462516E-16));
#6616=DIRECTION('ref_axis',(-0.984807753012208,0.17364817766693,1.92296268638356E-16));
#6617=DIRECTION('',(0.984807753012208,-0.17364817766693,-1.92296268638356E-16));
#6618=DIRECTION('',(-0.984807753012208,0.17364817766693,1.92296268638356E-16));
#6619=DIRECTION('',(-1.70096035727369E-16,1.42727520843553E-16,-1.));
#6620=DIRECTION('center_axis',(0.766044443118978,-0.642787609686539,-2.22044604925031E-16));
#6621=DIRECTION('ref_axis',(-0.642787609686539,-0.766044443118978,0.));
#6622=DIRECTION('',(0.642787609686539,0.766044443118978,0.));
#6623=DIRECTION('',(-0.642787609686539,-0.766044443118978,0.));
#6624=DIRECTION('',(-1.70096035727369E-16,1.42727520843553E-16,-1.));
#6625=DIRECTION('center_axis',(0.939692620785908,0.342020143325669,-1.11022302462516E-16));
#6626=DIRECTION('ref_axis',(0.342020143325669,-0.939692620785908,-1.92296268638356E-16));
#6627=DIRECTION('',(-0.342020143325669,0.939692620785908,1.92296268638356E-16));
#6628=DIRECTION('',(0.342020143325669,-0.939692620785908,-1.92296268638356E-16));
#6629=DIRECTION('',(-1.70096035727369E-16,1.42727520843553E-16,-1.));
#6630=DIRECTION('center_axis',(0.17364817766693,0.984807753012208,1.11022302462516E-16));
#6631=DIRECTION('ref_axis',(0.984807753012208,-0.17364817766693,-1.92296268638356E-16));
#6632=DIRECTION('',(-0.984807753012208,0.17364817766693,1.92296268638356E-16));
#6633=DIRECTION('',(0.984807753012208,-0.17364817766693,-1.92296268638356E-16));
#6634=DIRECTION('',(-1.70096035727369E-16,1.42727520843553E-16,-1.));
#6635=DIRECTION('center_axis',(-0.766044443118978,0.642787609686539,2.22044604925031E-16));
#6636=DIRECTION('ref_axis',(0.642787609686539,0.766044443118978,-8.5396696724213E-32));
#6637=DIRECTION('',(-0.642787609686539,-0.766044443118978,8.5396696724213E-32));
#6638=DIRECTION('',(0.642787609686539,0.766044443118978,-8.5396696724213E-32));
#6639=DIRECTION('center_axis',(-1.70096035727369E-16,1.42727520843553E-16,
-1.));
#6640=DIRECTION('ref_axis',(-0.766044443118978,0.642787609686539,2.22044604925031E-16));
#6641=DIRECTION('center_axis',(0.173648177666931,0.984807753012208,1.11022302462515E-16));
#6642=DIRECTION('ref_axis',(-0.984807753012208,0.173648177666931,1.92296268638356E-16));
#6643=DIRECTION('',(0.984807753012208,-0.173648177666931,-1.92296268638356E-16));
#6644=DIRECTION('',(1.70096035727369E-16,-1.42727520843553E-16,1.));
#6645=DIRECTION('',(1.70096035727369E-16,-1.42727520843553E-16,1.));
#6646=DIRECTION('center_axis',(0.939692620785909,0.342020143325668,-1.11022302462516E-16));
#6647=DIRECTION('ref_axis',(-0.342020143325668,0.939692620785909,1.92296268638356E-16));
#6648=DIRECTION('',(0.342020143325668,-0.939692620785909,-1.92296268638356E-16));
#6649=DIRECTION('',(1.70096035727369E-16,-1.42727520843553E-16,1.));
#6650=DIRECTION('center_axis',(0.766044443118978,-0.64278760968654,-2.22044604925031E-16));
#6651=DIRECTION('ref_axis',(0.64278760968654,0.766044443118978,-1.70793393448426E-31));
#6652=DIRECTION('',(-0.64278760968654,-0.766044443118978,1.70793393448426E-31));
#6653=DIRECTION('',(1.70096035727369E-16,-1.42727520843553E-16,1.));
#6654=DIRECTION('center_axis',(-0.17364817766693,-0.984807753012208,-1.11022302462516E-16));
#6655=DIRECTION('ref_axis',(0.984807753012208,-0.17364817766693,-1.92296268638356E-16));
#6656=DIRECTION('',(-0.984807753012208,0.17364817766693,1.92296268638356E-16));
#6657=DIRECTION('',(1.70096035727369E-16,-1.42727520843553E-16,1.));
#6658=DIRECTION('center_axis',(-0.939692620785908,-0.342020143325669,1.11022302462516E-16));
#6659=DIRECTION('ref_axis',(0.342020143325669,-0.939692620785908,-1.92296268638356E-16));
#6660=DIRECTION('',(-0.342020143325669,0.939692620785908,1.92296268638356E-16));
#6661=DIRECTION('',(1.70096035727369E-16,-1.42727520843553E-16,1.));
#6662=DIRECTION('center_axis',(-0.766044443118977,0.64278760968654,2.22044604925031E-16));
#6663=DIRECTION('ref_axis',(-0.64278760968654,-0.766044443118977,3.41586786896852E-31));
#6664=DIRECTION('',(0.64278760968654,0.766044443118977,-3.41586786896852E-31));
#6665=DIRECTION('center_axis',(0.766044443118978,-0.642787609686539,-2.22044604925031E-16));
#6666=DIRECTION('ref_axis',(1.70096035727369E-16,-1.42727520843553E-16,
1.));
#6667=DIRECTION('center_axis',(0.766044443118978,-0.642787609686539,-2.22044604925031E-16));
#6668=DIRECTION('ref_axis',(1.70096035727369E-16,-1.42727520843553E-16,
1.));
#6669=DIRECTION('center_axis',(0.766044443118978,-0.642787609686539,-2.22044604925031E-16));
#6670=DIRECTION('ref_axis',(1.70096035727369E-16,-1.42727520843553E-16,
1.));
#6671=DIRECTION('center_axis',(0.766044443118978,-0.642787609686539,-2.22044604925031E-16));
#6672=DIRECTION('ref_axis',(1.70096035727369E-16,-1.42727520843553E-16,
1.));
#6673=DIRECTION('center_axis',(0.766044443118978,-0.642787609686539,-2.22044604925031E-16));
#6674=DIRECTION('ref_axis',(1.70096035727369E-16,-1.42727520843553E-16,
1.));
#6675=DIRECTION('',(-0.766044443118978,0.642787609686539,2.22044604925031E-16));
#6676=DIRECTION('center_axis',(0.766044443118978,-0.642787609686539,-2.22044604925031E-16));
#6677=DIRECTION('ref_axis',(1.70096035727369E-16,-1.42727520843553E-16,
1.));
#6678=DIRECTION('center_axis',(0.766044443118978,-0.642787609686539,-2.22044604925031E-16));
#6679=DIRECTION('ref_axis',(1.70096035727369E-16,-1.42727520843553E-16,
1.));
#6680=DIRECTION('',(-0.766044443118978,0.642787609686539,2.22044604925031E-16));
#6681=DIRECTION('center_axis',(-0.766044443118978,0.642787609686539,2.22044604925031E-16));
#6682=DIRECTION('ref_axis',(1.70096035727369E-16,-1.42727520843553E-16,
1.));
#6683=DIRECTION('center_axis',(0.766044443118978,-0.642787609686539,-2.22044604925031E-16));
#6684=DIRECTION('ref_axis',(-1.70096035727369E-16,1.42727520843553E-16,
-1.));
#6685=DIRECTION('',(-0.642787609686539,-0.766044443118978,0.));
#6686=DIRECTION('',(1.70096035727369E-16,-1.42727520843553E-16,1.));
#6687=DIRECTION('',(1.70096035727369E-16,-1.42727520843553E-16,1.));
#6688=DIRECTION('',(0.642787609686539,0.766044443118978,0.));
#6689=DIRECTION('',(-1.70096035727369E-16,1.42727520843553E-16,-1.));
#6690=DIRECTION('',(-1.70096035727369E-16,1.42727520843553E-16,-1.));
#6691=DIRECTION('center_axis',(-0.766044443118978,0.642787609686539,2.22044604925031E-16));
#6692=DIRECTION('ref_axis',(-1.70096035727369E-16,1.42727520843553E-16,
-1.));
#6693=DIRECTION('center_axis',(-0.766044443118978,0.642787609686539,2.22044604925031E-16));
#6694=DIRECTION('ref_axis',(-1.70096035727369E-16,1.42727520843553E-16,
-1.));
#6695=DIRECTION('center_axis',(0.642787609686539,0.766044443118978,0.));
#6696=DIRECTION('ref_axis',(1.70096035727369E-16,-1.42727520843553E-16,
1.));
#6697=DIRECTION('',(0.766044443118978,-0.642787609686539,-2.22044604925031E-16));
#6698=DIRECTION('',(1.70096035727369E-16,-1.42727520843553E-16,1.));
#6699=DIRECTION('',(0.766044443118978,-0.642787609686539,-2.22044604925031E-16));
#6700=DIRECTION('',(1.70096035727369E-16,-1.42727520843553E-16,1.));
#6701=DIRECTION('',(0.766044443118978,-0.642787609686539,-2.22044604925031E-16));
#6702=DIRECTION('',(0.766044443118978,-0.642787609686539,-2.22044604925031E-16));
#6703=DIRECTION('center_axis',(0.642787609686539,0.766044443118978,0.));
#6704=DIRECTION('ref_axis',(1.70096035727369E-16,-1.42727520843553E-16,
1.));
#6705=DIRECTION('',(0.766044443118978,-0.642787609686539,-2.22044604925031E-16));
#6706=DIRECTION('',(8.04440563357356E-16,6.13254848901961E-16,1.));
#6707=DIRECTION('',(0.766044443118978,-0.642787609686539,-2.22044604925031E-16));
#6708=DIRECTION('',(1.70096035727369E-16,-1.42727520843553E-16,1.));
#6709=DIRECTION('center_axis',(1.70096035727369E-16,-1.42727520843553E-16,
1.));
#6710=DIRECTION('ref_axis',(-0.642787609686539,-0.766044443118978,0.));
#6711=DIRECTION('',(0.766044443118978,-0.642787609686539,-2.22044604925031E-16));
#6712=DIRECTION('',(-0.642787609686539,-0.766044443118978,0.));
#6713=DIRECTION('center_axis',(0.766044443118978,-0.642787609686539,-2.22044604925031E-16));
#6714=DIRECTION('ref_axis',(1.70096035727369E-16,-1.42727520843553E-16,
1.));
#6715=DIRECTION('center_axis',(-0.766044443118978,0.642787609686539,2.22044604925031E-16));
#6716=DIRECTION('ref_axis',(-1.70096035727369E-16,1.42727520843553E-16,
-1.));
#6717=DIRECTION('center_axis',(0.766044443118978,-0.642787609686539,-2.22044604925031E-16));
#6718=DIRECTION('ref_axis',(1.70096035727369E-16,-1.42727520843553E-16,
1.));
#6719=DIRECTION('center_axis',(-0.766044443118978,0.642787609686539,2.22044604925031E-16));
#6720=DIRECTION('ref_axis',(-1.70096035727369E-16,1.42727520843553E-16,
-1.));
#6721=DIRECTION('center_axis',(0.766044443118978,-0.642787609686539,-2.22044604925031E-16));
#6722=DIRECTION('ref_axis',(1.70096035727369E-16,-1.42727520843553E-16,
1.));
#6723=DIRECTION('center_axis',(0.766044443118978,-0.642787609686539,-2.22044604925031E-16));
#6724=DIRECTION('ref_axis',(1.70096035727369E-16,-1.42727520843553E-16,
1.));
#6725=DIRECTION('center_axis',(0.766044443118978,-0.642787609686539,-2.22044604925031E-16));
#6726=DIRECTION('ref_axis',(1.70096035727369E-16,-1.42727520843553E-16,
1.));
#6727=DIRECTION('',(-1.70096035727369E-16,1.42727520843553E-16,-1.));
#6728=DIRECTION('',(-1.70096035727369E-16,1.42727520843553E-16,-1.));
#6729=DIRECTION('center_axis',(0.766044443118978,-0.642787609686539,-2.22044604925031E-16));
#6730=DIRECTION('ref_axis',(1.70096035727369E-16,-1.42727520843553E-16,
1.));
#6731=DIRECTION('center_axis',(0.766044443118978,-0.642787609686539,-2.22044604925031E-16));
#6732=DIRECTION('ref_axis',(1.70096035727369E-16,-1.42727520843553E-16,
1.));
#6733=DIRECTION('center_axis',(0.766044443118978,-0.642787609686539,-2.22044604925031E-16));
#6734=DIRECTION('ref_axis',(1.70096035727369E-16,-1.42727520843553E-16,
1.));
#6735=DIRECTION('center_axis',(0.766044443118978,-0.642787609686539,-2.22044604925031E-16));
#6736=DIRECTION('ref_axis',(1.70096035727369E-16,-1.42727520843553E-16,
1.));
#6737=DIRECTION('',(0.766044443118978,-0.642787609686539,-2.22044604925031E-16));
#6738=DIRECTION('center_axis',(0.766044443118978,-0.642787609686539,-2.22044604925031E-16));
#6739=DIRECTION('ref_axis',(1.70096035727369E-16,-1.42727520843553E-16,
1.));
#6740=DIRECTION('',(0.766044443118978,-0.642787609686539,-2.22044604925031E-16));
#6741=DIRECTION('center_axis',(0.766044443118978,-0.642787609686539,-2.22044604925031E-16));
#6742=DIRECTION('ref_axis',(1.70096035727369E-16,-1.42727520843553E-16,
1.));
#6743=DIRECTION('',(-1.70096035727369E-16,1.42727520843553E-16,-1.));
#6744=DIRECTION('',(4.78665437153365E-16,9.1589133688588E-16,-1.));
#6745=DIRECTION('',(0.642787609686539,0.766044443118978,0.));
#6746=DIRECTION('center_axis',(0.766044443118978,-0.642787609686539,-2.22044604925031E-16));
#6747=DIRECTION('ref_axis',(-1.70096035727369E-16,1.42727520843553E-16,
-1.));
#6748=DIRECTION('',(-0.766044443118978,0.642787609686539,2.22044604925031E-16));
#6749=DIRECTION('center_axis',(0.766044443118978,-0.642787609686539,-2.22044604925031E-16));
#6750=DIRECTION('ref_axis',(-1.70096035727369E-16,1.42727520843553E-16,
-1.));
#6751=DIRECTION('',(-0.766044443118978,0.642787609686539,2.22044604925031E-16));
#6752=DIRECTION('center_axis',(-1.70096035727369E-16,1.42727520843553E-16,
-1.));
#6753=DIRECTION('ref_axis',(0.642787609686539,0.766044443118978,0.));
#6754=DIRECTION('',(0.766044443118978,-0.642787609686539,-2.22044604925031E-16));
#6755=DIRECTION('center_axis',(-0.642787609686539,-0.766044443118978,0.));
#6756=DIRECTION('ref_axis',(-1.70096035727369E-16,1.42727520843553E-16,
-1.));
#6757=DIRECTION('',(0.766044443118978,-0.642787609686539,-2.22044604925031E-16));
#6758=DIRECTION('',(0.766044443118978,-0.642787609686539,-2.22044604925031E-16));
#6759=DIRECTION('center_axis',(-0.642787609686539,-0.766044443118978,0.));
#6760=DIRECTION('ref_axis',(-1.70096035727369E-16,1.42727520843553E-16,
-1.));
#6761=DIRECTION('center_axis',(0.893614008806173,0.448836276681555,0.));
#6762=DIRECTION('ref_axis',(0.,0.,-1.));
#6763=DIRECTION('center_axis',(0.,0.,-1.));
#6764=DIRECTION('ref_axis',(0.90630778703665,0.422618261740699,0.));
#6765=DIRECTION('center_axis',(0.918232548325043,0.3960416483105,0.));
#6766=DIRECTION('ref_axis',(0.3960416483105,-0.918232548325043,0.));
#6767=DIRECTION('center_axis',(0.,0.,1.));
#6768=DIRECTION('ref_axis',(0.90630778703665,0.422618261740699,0.));
#6769=DIRECTION('center_axis',(-0.640856382055789,-0.29883623873012,0.707106781186547));
#6770=DIRECTION('ref_axis',(0.640856382055788,0.29883623873012,0.707106781186548));
#6771=DIRECTION('center_axis',(-0.640856382055789,-0.29883623873012,0.707106781186547));
#6772=DIRECTION('ref_axis',(0.640856382055788,0.29883623873012,0.707106781186548));
#6773=DIRECTION('center_axis',(0.,0.,-1.));
#6774=DIRECTION('ref_axis',(0.90630778703665,0.422618261740699,0.));
#6775=DIRECTION('center_axis',(-0.640856382055789,-0.29883623873012,0.707106781186547));
#6776=DIRECTION('ref_axis',(0.640856382055788,0.29883623873012,0.707106781186548));
#6777=DIRECTION('center_axis',(-0.640856382055789,-0.29883623873012,-0.707106781186547));
#6778=DIRECTION('ref_axis',(0.640856382055788,0.29883623873012,-0.707106781186548));
#6779=DIRECTION('',(0.,0.,1.));
#6780=DIRECTION('center_axis',(0.,0.,1.));
#6781=DIRECTION('ref_axis',(0.90630778703665,0.422618261740699,0.));
#6782=DIRECTION('center_axis',(-0.640856382055789,-0.29883623873012,-0.707106781186547));
#6783=DIRECTION('ref_axis',(0.640856382055788,0.29883623873012,-0.707106781186548));
#6784=DIRECTION('center_axis',(-0.640856382055789,-0.29883623873012,0.707106781186547));
#6785=DIRECTION('ref_axis',(0.640856382055788,0.29883623873012,0.707106781186548));
#6786=DIRECTION('center_axis',(-0.90630778703665,-0.422618261740699,-2.22044604925031E-16));
#6787=DIRECTION('ref_axis',(-2.01240754513032E-16,-9.38401049623171E-17,
1.));
#6788=DIRECTION('center_axis',(-0.90630778703665,-0.422618261740699,-2.22044604925031E-16));
#6789=DIRECTION('ref_axis',(-2.01240754513032E-16,-9.38401049623171E-17,
1.));
#6790=DIRECTION('center_axis',(0.,0.,-1.));
#6791=DIRECTION('ref_axis',(0.90630778703665,0.422618261740699,0.));
#6792=DIRECTION('center_axis',(0.,0.,-1.));
#6793=DIRECTION('ref_axis',(0.90630778703665,0.422618261740699,0.));
#6794=DIRECTION('center_axis',(0.,0.,-1.));
#6795=DIRECTION('ref_axis',(0.90630778703665,0.422618261740699,0.));
#6796=DIRECTION('center_axis',(0.,0.,-1.));
#6797=DIRECTION('ref_axis',(0.90630778703665,0.422618261740699,0.));
#6798=DIRECTION('center_axis',(0.,0.,-1.));
#6799=DIRECTION('ref_axis',(0.90630778703665,0.422618261740699,0.));
#6800=DIRECTION('center_axis',(0.,0.,-1.));
#6801=DIRECTION('ref_axis',(0.90630778703665,0.422618261740699,0.));
#6802=DIRECTION('',(0.,0.,1.));
#6803=DIRECTION('center_axis',(0.,0.,-1.));
#6804=DIRECTION('ref_axis',(0.90630778703665,0.422618261740699,0.));
#6805=DIRECTION('center_axis',(0.,0.,-1.));
#6806=DIRECTION('ref_axis',(0.90630778703665,0.422618261740699,0.));
#6807=DIRECTION('',(0.,0.,1.));
#6808=DIRECTION('center_axis',(0.,0.,1.));
#6809=DIRECTION('ref_axis',(0.90630778703665,0.422618261740699,0.));
#6810=DIRECTION('center_axis',(0.,0.,1.));
#6811=DIRECTION('ref_axis',(-0.90630778703665,-0.422618261740699,0.));
#6812=DIRECTION('center_axis',(0.,0.,1.));
#6813=DIRECTION('ref_axis',(-0.90630778703665,-0.422618261740699,0.));
#6814=DIRECTION('',(0.,0.,-1.));
#6815=DIRECTION('center_axis',(0.,0.,-1.));
#6816=DIRECTION('ref_axis',(-0.90630778703665,-0.422618261740699,0.));
#6817=DIRECTION('center_axis',(0.,0.,1.));
#6818=DIRECTION('ref_axis',(-0.90630778703665,-0.422618261740699,0.));
#6819=DIRECTION('center_axis',(0.,0.,1.));
#6820=DIRECTION('ref_axis',(-0.90630778703665,-0.422618261740699,0.));
#6821=DIRECTION('center_axis',(0.,0.,1.));
#6822=DIRECTION('ref_axis',(-0.90630778703665,-0.422618261740699,0.));
#6823=DIRECTION('',(0.,0.,-1.));
#6824=DIRECTION('center_axis',(0.,0.,-1.));
#6825=DIRECTION('ref_axis',(-0.90630778703665,-0.422618261740699,0.));
#6826=DIRECTION('center_axis',(0.,0.,1.));
#6827=DIRECTION('ref_axis',(-0.90630778703665,-0.422618261740699,0.));
#6828=DIRECTION('center_axis',(0.,0.,1.));
#6829=DIRECTION('ref_axis',(-0.90630778703665,-0.422618261740699,0.));
#6830=DIRECTION('center_axis',(0.,0.,1.));
#6831=DIRECTION('ref_axis',(-0.90630778703665,-0.422618261740699,0.));
#6832=DIRECTION('',(0.,0.,-1.));
#6833=DIRECTION('center_axis',(0.,0.,-1.));
#6834=DIRECTION('ref_axis',(-0.90630778703665,-0.422618261740699,0.));
#6835=DIRECTION('center_axis',(0.,0.,1.));
#6836=DIRECTION('ref_axis',(-0.90630778703665,-0.422618261740699,0.));
#6837=DIRECTION('center_axis',(0.,0.,1.));
#6838=DIRECTION('ref_axis',(-0.90630778703665,-0.422618261740699,0.));
#6839=DIRECTION('',(0.907841994865596,0.41931242809921,0.));
#6840=DIRECTION('',(0.81705621228925,-0.576558016126343,0.));
#6841=DIRECTION('',(-0.0907857825763458,-0.995870444225553,0.));
#6842=DIRECTION('',(-0.907841994865596,-0.41931242809921,0.));
#6843=DIRECTION('',(-0.81705621228925,0.576558016126342,0.));
#6844=DIRECTION('',(0.0907857825763454,0.995870444225553,0.));
#6845=DIRECTION('center_axis',(0.,0.,1.));
#6846=DIRECTION('ref_axis',(-0.90630778703665,-0.422618261740699,0.));
#6847=DIRECTION('center_axis',(-0.576558016126343,-0.81705621228925,0.));
#6848=DIRECTION('ref_axis',(0.81705621228925,-0.576558016126343,0.));
#6849=DIRECTION('',(0.,0.,1.));
#6850=DIRECTION('',(0.81705621228925,-0.576558016126343,0.));
#6851=DIRECTION('',(0.,0.,1.));
#6852=DIRECTION('center_axis',(-0.995870444225553,0.0907857825763458,0.));
#6853=DIRECTION('ref_axis',(-0.0907857825763458,-0.995870444225553,0.));
#6854=DIRECTION('',(-0.0907857825763458,-0.995870444225553,0.));
#6855=DIRECTION('',(0.,0.,1.));
#6856=DIRECTION('center_axis',(-0.419312428099211,0.907841994865596,0.));
#6857=DIRECTION('ref_axis',(-0.907841994865596,-0.41931242809921,0.));
#6858=DIRECTION('',(-0.907841994865596,-0.41931242809921,0.));
#6859=DIRECTION('',(0.,0.,1.));
#6860=DIRECTION('center_axis',(0.576558016126342,0.81705621228925,0.));
#6861=DIRECTION('ref_axis',(-0.81705621228925,0.576558016126342,0.));
#6862=DIRECTION('',(-0.81705621228925,0.576558016126342,0.));
#6863=DIRECTION('',(0.,0.,1.));
#6864=DIRECTION('center_axis',(0.995870444225553,-0.0907857825763454,0.));
#6865=DIRECTION('ref_axis',(0.0907857825763454,0.995870444225553,0.));
#6866=DIRECTION('',(0.0907857825763454,0.995870444225553,0.));
#6867=DIRECTION('',(0.,0.,1.));
#6868=DIRECTION('center_axis',(0.419312428099211,-0.907841994865596,0.));
#6869=DIRECTION('ref_axis',(0.907841994865596,0.41931242809921,0.));
#6870=DIRECTION('',(0.907841994865596,0.41931242809921,0.));
#6871=DIRECTION('center_axis',(0.,0.,1.));
#6872=DIRECTION('ref_axis',(0.90630778703665,0.422618261740699,0.));
#6873=DIRECTION('center_axis',(0.,0.,1.));
#6874=DIRECTION('ref_axis',(-0.90630778703665,-0.422618261740699,0.));
#6875=DIRECTION('',(0.,0.,-1.));
#6876=DIRECTION('center_axis',(0.,0.,-1.));
#6877=DIRECTION('ref_axis',(-0.90630778703665,-0.422618261740699,0.));
#6878=DIRECTION('center_axis',(0.,0.,1.));
#6879=DIRECTION('ref_axis',(-0.90630778703665,-0.422618261740699,0.));
#6880=DIRECTION('center_axis',(0.,0.,1.));
#6881=DIRECTION('ref_axis',(-0.90630778703665,-0.422618261740699,0.));
#6882=DIRECTION('center_axis',(0.,0.,1.));
#6883=DIRECTION('ref_axis',(-0.90630778703665,-0.422618261740699,0.));
#6884=DIRECTION('',(-0.819152044288992,0.573576436351046,0.));
#6885=DIRECTION('center_axis',(0.,0.,1.));
#6886=DIRECTION('ref_axis',(-0.90630778703665,-0.4226182617407,0.));
#6887=DIRECTION('',(0.0871557427476584,0.996194698091746,0.));
#6888=DIRECTION('center_axis',(0.,0.,1.));
#6889=DIRECTION('ref_axis',(-0.90630778703665,-0.422618261740699,0.));
#6890=DIRECTION('center_axis',(0.,0.,1.));
#6891=DIRECTION('ref_axis',(-0.90630778703665,-0.422618261740699,0.));
#6892=DIRECTION('',(-0.90630778703665,-0.422618261740699,0.));
#6893=DIRECTION('center_axis',(0.,0.,1.));
#6894=DIRECTION('ref_axis',(-0.90630778703665,-0.4226182617407,0.));
#6895=DIRECTION('',(-0.819152044288992,0.573576436351046,0.));
#6896=DIRECTION('center_axis',(0.,0.,1.));
#6897=DIRECTION('ref_axis',(-0.90630778703665,-0.422618261740699,0.));
#6898=DIRECTION('center_axis',(0.,0.,1.));
#6899=DIRECTION('ref_axis',(-0.90630778703665,-0.422618261740699,0.));
#6900=DIRECTION('',(-0.0871557427476587,-0.996194698091746,0.));
#6901=DIRECTION('center_axis',(0.,0.,1.));
#6902=DIRECTION('ref_axis',(-0.90630778703665,-0.4226182617407,0.));
#6903=DIRECTION('',(-0.90630778703665,-0.422618261740699,0.));
#6904=DIRECTION('center_axis',(0.,0.,1.));
#6905=DIRECTION('ref_axis',(-0.90630778703665,-0.422618261740699,0.));
#6906=DIRECTION('center_axis',(0.,0.,1.));
#6907=DIRECTION('ref_axis',(-0.90630778703665,-0.422618261740699,0.));
#6908=DIRECTION('',(0.819152044288991,-0.573576436351047,0.));
#6909=DIRECTION('center_axis',(0.,0.,1.));
#6910=DIRECTION('ref_axis',(-0.90630778703665,-0.4226182617407,0.));
#6911=DIRECTION('',(-0.0871557427476587,-0.996194698091746,0.));
#6912=DIRECTION('center_axis',(0.,0.,1.));
#6913=DIRECTION('ref_axis',(-0.90630778703665,-0.422618261740699,0.));
#6914=DIRECTION('center_axis',(0.,0.,1.));
#6915=DIRECTION('ref_axis',(-0.90630778703665,-0.422618261740699,0.));
#6916=DIRECTION('',(0.90630778703665,0.422618261740699,0.));
#6917=DIRECTION('center_axis',(0.,0.,1.));
#6918=DIRECTION('ref_axis',(-0.90630778703665,-0.4226182617407,0.));
#6919=DIRECTION('',(0.819152044288991,-0.573576436351047,0.));
#6920=DIRECTION('center_axis',(0.,0.,1.));
#6921=DIRECTION('ref_axis',(-0.90630778703665,-0.422618261740699,0.));
#6922=DIRECTION('center_axis',(0.,0.,1.));
#6923=DIRECTION('ref_axis',(-0.90630778703665,-0.422618261740699,0.));
#6924=DIRECTION('',(0.0871557427476584,0.996194698091746,0.));
#6925=DIRECTION('center_axis',(0.,0.,1.));
#6926=DIRECTION('ref_axis',(-0.90630778703665,-0.4226182617407,0.));
#6927=DIRECTION('',(0.90630778703665,0.422618261740699,0.));
#6928=DIRECTION('center_axis',(-0.996194698091746,0.0871557427476587,0.));
#6929=DIRECTION('ref_axis',(-0.0871557427476588,-0.996194698091746,0.));
#6930=DIRECTION('',(0.,0.,1.));
#6931=DIRECTION('',(-0.0871557427476587,-0.996194698091746,0.));
#6932=DIRECTION('',(0.,0.,1.));
#6933=DIRECTION('center_axis',(0.,0.,1.));
#6934=DIRECTION('ref_axis',(-0.90630778703665,-0.4226182617407,0.));
#6935=DIRECTION('center_axis',(0.,0.,1.));
#6936=DIRECTION('ref_axis',(-0.90630778703665,-0.4226182617407,0.));
#6937=DIRECTION('',(0.,0.,1.));
#6938=DIRECTION('center_axis',(-0.422618261740699,0.90630778703665,0.));
#6939=DIRECTION('ref_axis',(-0.90630778703665,-0.422618261740699,0.));
#6940=DIRECTION('',(-0.90630778703665,-0.422618261740699,0.));
#6941=DIRECTION('',(0.,0.,1.));
#6942=DIRECTION('center_axis',(0.,0.,1.));
#6943=DIRECTION('ref_axis',(-0.90630778703665,-0.4226182617407,0.));
#6944=DIRECTION('center_axis',(0.,0.,1.));
#6945=DIRECTION('ref_axis',(-0.90630778703665,-0.4226182617407,0.));
#6946=DIRECTION('',(0.,0.,1.));
#6947=DIRECTION('center_axis',(0.573576436351046,0.819152044288992,0.));
#6948=DIRECTION('ref_axis',(-0.819152044288992,0.573576436351046,0.));
#6949=DIRECTION('',(-0.819152044288992,0.573576436351046,0.));
#6950=DIRECTION('',(0.,0.,1.));
#6951=DIRECTION('center_axis',(0.,0.,1.));
#6952=DIRECTION('ref_axis',(0.90630778703665,0.422618261740699,0.));
#6953=DIRECTION('center_axis',(0.,0.,1.));
#6954=DIRECTION('ref_axis',(-0.90630778703665,-0.4226182617407,0.));
#6955=DIRECTION('',(0.,0.,1.));
#6956=DIRECTION('center_axis',(0.996194698091746,-0.0871557427476584,0.));
#6957=DIRECTION('ref_axis',(0.0871557427476584,0.996194698091746,0.));
#6958=DIRECTION('',(0.0871557427476584,0.996194698091746,0.));
#6959=DIRECTION('',(0.,0.,1.));
#6960=DIRECTION('center_axis',(0.,0.,1.));
#6961=DIRECTION('ref_axis',(-0.90630778703665,-0.4226182617407,0.));
#6962=DIRECTION('center_axis',(0.,0.,1.));
#6963=DIRECTION('ref_axis',(-0.90630778703665,-0.4226182617407,0.));
#6964=DIRECTION('',(0.,0.,1.));
#6965=DIRECTION('center_axis',(0.422618261740699,-0.90630778703665,0.));
#6966=DIRECTION('ref_axis',(0.90630778703665,0.422618261740699,0.));
#6967=DIRECTION('',(0.90630778703665,0.422618261740699,0.));
#6968=DIRECTION('',(0.,0.,1.));
#6969=DIRECTION('center_axis',(0.,0.,1.));
#6970=DIRECTION('ref_axis',(-0.90630778703665,-0.4226182617407,0.));
#6971=DIRECTION('center_axis',(0.,0.,1.));
#6972=DIRECTION('ref_axis',(-0.90630778703665,-0.4226182617407,0.));
#6973=DIRECTION('',(0.,0.,1.));
#6974=DIRECTION('center_axis',(-0.573576436351047,-0.819152044288991,0.));
#6975=DIRECTION('ref_axis',(0.819152044288991,-0.573576436351047,0.));
#6976=DIRECTION('',(0.819152044288991,-0.573576436351047,0.));
#6977=DIRECTION('',(0.,0.,1.));
#6978=DIRECTION('center_axis',(0.,0.,1.));
#6979=DIRECTION('ref_axis',(-0.90630778703665,-0.4226182617407,0.));
#6980=DIRECTION('center_axis',(0.,0.,1.));
#6981=DIRECTION('ref_axis',(-0.90630778703665,-0.4226182617407,0.));
#6982=DIRECTION('center_axis',(0.,0.,1.));
#6983=DIRECTION('ref_axis',(-0.90630778703665,-0.422618261740699,0.));
#6984=DIRECTION('center_axis',(0.,0.,1.));
#6985=DIRECTION('ref_axis',(-0.90630778703665,-0.422618261740699,0.));
#6986=DIRECTION('',(0.,0.,-1.));
#6987=DIRECTION('center_axis',(0.,0.,-1.));
#6988=DIRECTION('ref_axis',(-0.90630778703665,-0.422618261740699,0.));
#6989=DIRECTION('center_axis',(0.,0.,1.));
#6990=DIRECTION('ref_axis',(0.90630778703665,0.422618261740699,0.));
#6991=DIRECTION('center_axis',(0.,0.,1.));
#6992=DIRECTION('ref_axis',(0.90630778703665,0.422618261740699,0.));
#6993=DIRECTION('',(0.,0.,-1.));
#6994=DIRECTION('center_axis',(0.,0.,1.));
#6995=DIRECTION('ref_axis',(0.90630778703665,0.422618261740699,0.));
#6996=DIRECTION('center_axis',(0.,0.,1.));
#6997=DIRECTION('ref_axis',(0.90630778703665,0.422618261740699,0.));
#6998=DIRECTION('center_axis',(0.,0.,1.));
#6999=DIRECTION('ref_axis',(0.90630778703665,0.422618261740699,0.));
#7000=DIRECTION('center_axis',(-0.90630778703665,-0.422618261740699,-2.22044604925031E-16));
#7001=DIRECTION('ref_axis',(-2.01240754513032E-16,-9.38401049623171E-17,
1.));
#7002=DIRECTION('',(0.90630778703665,0.422618261740699,2.22044604925031E-16));
#7003=DIRECTION('center_axis',(-0.893614008806173,-0.448836276681554,0.));
#7004=DIRECTION('ref_axis',(0.,0.,-1.));
#7005=DIRECTION('center_axis',(0.,0.,-1.));
#7006=DIRECTION('ref_axis',(-0.90630778703665,-0.422618261740699,0.));
#7007=DIRECTION('center_axis',(-0.918232548325043,-0.3960416483105,0.));
#7008=DIRECTION('ref_axis',(-0.3960416483105,0.918232548325043,0.));
#7009=DIRECTION('center_axis',(0.,0.,1.));
#7010=DIRECTION('ref_axis',(-0.90630778703665,-0.422618261740699,0.));
#7011=DIRECTION('center_axis',(0.640856382055789,0.29883623873012,0.707106781186547));
#7012=DIRECTION('ref_axis',(-0.640856382055789,-0.29883623873012,0.707106781186548));
#7013=DIRECTION('center_axis',(0.640856382055789,0.29883623873012,0.707106781186547));
#7014=DIRECTION('ref_axis',(-0.640856382055789,-0.29883623873012,0.707106781186548));
#7015=DIRECTION('center_axis',(0.,0.,-1.));
#7016=DIRECTION('ref_axis',(-0.90630778703665,-0.422618261740699,0.));
#7017=DIRECTION('center_axis',(0.640856382055789,0.29883623873012,0.707106781186547));
#7018=DIRECTION('ref_axis',(-0.640856382055789,-0.29883623873012,0.707106781186548));
#7019=DIRECTION('center_axis',(0.640856382055789,0.29883623873012,-0.707106781186547));
#7020=DIRECTION('ref_axis',(-0.640856382055789,-0.29883623873012,-0.707106781186548));
#7021=DIRECTION('',(0.,0.,1.));
#7022=DIRECTION('center_axis',(0.,0.,1.));
#7023=DIRECTION('ref_axis',(-0.90630778703665,-0.422618261740699,0.));
#7024=DIRECTION('center_axis',(0.640856382055789,0.29883623873012,-0.707106781186547));
#7025=DIRECTION('ref_axis',(-0.640856382055789,-0.29883623873012,-0.707106781186548));
#7026=DIRECTION('center_axis',(0.640856382055789,0.29883623873012,0.707106781186547));
#7027=DIRECTION('ref_axis',(-0.640856382055789,-0.29883623873012,0.707106781186548));
#7028=DIRECTION('center_axis',(0.90630778703665,0.422618261740699,-2.22044604925031E-16));
#7029=DIRECTION('ref_axis',(2.01240754513032E-16,9.3840104962317E-17,1.));
#7030=DIRECTION('center_axis',(0.90630778703665,0.422618261740699,-2.22044604925031E-16));
#7031=DIRECTION('ref_axis',(2.01240754513032E-16,9.3840104962317E-17,1.));
#7032=DIRECTION('center_axis',(0.,0.,-1.));
#7033=DIRECTION('ref_axis',(-0.90630778703665,-0.422618261740699,0.));
#7034=DIRECTION('center_axis',(0.,0.,-1.));
#7035=DIRECTION('ref_axis',(-0.90630778703665,-0.422618261740699,0.));
#7036=DIRECTION('center_axis',(0.,0.,-1.));
#7037=DIRECTION('ref_axis',(-0.90630778703665,-0.422618261740699,0.));
#7038=DIRECTION('center_axis',(0.,0.,-1.));
#7039=DIRECTION('ref_axis',(-0.90630778703665,-0.422618261740699,0.));
#7040=DIRECTION('center_axis',(0.,0.,-1.));
#7041=DIRECTION('ref_axis',(-0.90630778703665,-0.422618261740699,0.));
#7042=DIRECTION('center_axis',(0.,0.,-1.));
#7043=DIRECTION('ref_axis',(-0.90630778703665,-0.422618261740699,0.));
#7044=DIRECTION('',(0.,0.,1.));
#7045=DIRECTION('center_axis',(0.,0.,-1.));
#7046=DIRECTION('ref_axis',(-0.90630778703665,-0.422618261740699,0.));
#7047=DIRECTION('center_axis',(0.,0.,-1.));
#7048=DIRECTION('ref_axis',(-0.90630778703665,-0.422618261740699,0.));
#7049=DIRECTION('',(0.,0.,1.));
#7050=DIRECTION('center_axis',(0.,0.,1.));
#7051=DIRECTION('ref_axis',(-0.90630778703665,-0.422618261740699,0.));
#7052=DIRECTION('center_axis',(0.,0.,1.));
#7053=DIRECTION('ref_axis',(0.90630778703665,0.422618261740699,0.));
#7054=DIRECTION('center_axis',(0.,0.,1.));
#7055=DIRECTION('ref_axis',(0.90630778703665,0.422618261740699,0.));
#7056=DIRECTION('',(0.,0.,-1.));
#7057=DIRECTION('center_axis',(0.,0.,-1.));
#7058=DIRECTION('ref_axis',(0.90630778703665,0.422618261740699,0.));
#7059=DIRECTION('center_axis',(0.,0.,1.));
#7060=DIRECTION('ref_axis',(0.90630778703665,0.422618261740699,0.));
#7061=DIRECTION('center_axis',(0.,0.,1.));
#7062=DIRECTION('ref_axis',(0.90630778703665,0.422618261740699,0.));
#7063=DIRECTION('center_axis',(0.,0.,1.));
#7064=DIRECTION('ref_axis',(0.90630778703665,0.422618261740699,0.));
#7065=DIRECTION('',(0.,0.,-1.));
#7066=DIRECTION('center_axis',(0.,0.,-1.));
#7067=DIRECTION('ref_axis',(0.90630778703665,0.422618261740699,0.));
#7068=DIRECTION('center_axis',(0.,0.,1.));
#7069=DIRECTION('ref_axis',(0.90630778703665,0.422618261740699,0.));
#7070=DIRECTION('center_axis',(0.,0.,1.));
#7071=DIRECTION('ref_axis',(0.90630778703665,0.422618261740699,0.));
#7072=DIRECTION('center_axis',(0.,0.,1.));
#7073=DIRECTION('ref_axis',(0.90630778703665,0.422618261740699,0.));
#7074=DIRECTION('',(0.,0.,-1.));
#7075=DIRECTION('center_axis',(0.,0.,-1.));
#7076=DIRECTION('ref_axis',(0.90630778703665,0.422618261740699,0.));
#7077=DIRECTION('center_axis',(0.,0.,1.));
#7078=DIRECTION('ref_axis',(0.90630778703665,0.422618261740699,0.));
#7079=DIRECTION('center_axis',(0.,0.,1.));
#7080=DIRECTION('ref_axis',(0.90630778703665,0.422618261740699,0.));
#7081=DIRECTION('',(-0.907841994865596,-0.41931242809921,0.));
#7082=DIRECTION('',(-0.81705621228925,0.576558016126343,0.));
#7083=DIRECTION('',(0.090785782576346,0.995870444225553,0.));
#7084=DIRECTION('',(0.907841994865596,0.41931242809921,0.));
#7085=DIRECTION('',(0.81705621228925,-0.576558016126342,0.));
#7086=DIRECTION('',(-0.0907857825763454,-0.995870444225553,0.));
#7087=DIRECTION('center_axis',(0.,0.,1.));
#7088=DIRECTION('ref_axis',(0.90630778703665,0.422618261740699,0.));
#7089=DIRECTION('center_axis',(0.576558016126343,0.81705621228925,0.));
#7090=DIRECTION('ref_axis',(-0.81705621228925,0.576558016126343,0.));
#7091=DIRECTION('',(0.,0.,1.));
#7092=DIRECTION('',(-0.81705621228925,0.576558016126343,0.));
#7093=DIRECTION('',(0.,0.,1.));
#7094=DIRECTION('center_axis',(0.995870444225553,-0.090785782576346,0.));
#7095=DIRECTION('ref_axis',(0.090785782576346,0.995870444225553,0.));
#7096=DIRECTION('',(0.090785782576346,0.995870444225553,0.));
#7097=DIRECTION('',(0.,0.,1.));
#7098=DIRECTION('center_axis',(0.41931242809921,-0.907841994865596,0.));
#7099=DIRECTION('ref_axis',(0.907841994865596,0.41931242809921,0.));
#7100=DIRECTION('',(0.907841994865596,0.41931242809921,0.));
#7101=DIRECTION('',(0.,0.,1.));
#7102=DIRECTION('center_axis',(-0.576558016126343,-0.81705621228925,0.));
#7103=DIRECTION('ref_axis',(0.81705621228925,-0.576558016126342,0.));
#7104=DIRECTION('',(0.81705621228925,-0.576558016126342,0.));
#7105=DIRECTION('',(0.,0.,1.));
#7106=DIRECTION('center_axis',(-0.995870444225553,0.0907857825763454,0.));
#7107=DIRECTION('ref_axis',(-0.0907857825763454,-0.995870444225553,0.));
#7108=DIRECTION('',(-0.0907857825763454,-0.995870444225553,0.));
#7109=DIRECTION('',(0.,0.,1.));
#7110=DIRECTION('center_axis',(-0.41931242809921,0.907841994865596,0.));
#7111=DIRECTION('ref_axis',(-0.907841994865596,-0.41931242809921,0.));
#7112=DIRECTION('',(-0.907841994865596,-0.41931242809921,0.));
#7113=DIRECTION('center_axis',(0.,0.,1.));
#7114=DIRECTION('ref_axis',(-0.90630778703665,-0.422618261740699,0.));
#7115=DIRECTION('center_axis',(0.,0.,1.));
#7116=DIRECTION('ref_axis',(0.90630778703665,0.422618261740699,0.));
#7117=DIRECTION('',(0.,0.,-1.));
#7118=DIRECTION('center_axis',(0.,0.,-1.));
#7119=DIRECTION('ref_axis',(0.90630778703665,0.422618261740699,0.));
#7120=DIRECTION('center_axis',(0.,0.,1.));
#7121=DIRECTION('ref_axis',(0.90630778703665,0.422618261740699,0.));
#7122=DIRECTION('center_axis',(0.,0.,1.));
#7123=DIRECTION('ref_axis',(0.90630778703665,0.422618261740699,0.));
#7124=DIRECTION('center_axis',(0.,0.,1.));
#7125=DIRECTION('ref_axis',(0.90630778703665,0.422618261740699,0.));
#7126=DIRECTION('',(0.819152044288992,-0.573576436351047,0.));
#7127=DIRECTION('center_axis',(0.,0.,1.));
#7128=DIRECTION('ref_axis',(0.90630778703665,0.422618261740699,0.));
#7129=DIRECTION('',(-0.0871557427476585,-0.996194698091746,0.));
#7130=DIRECTION('center_axis',(0.,0.,1.));
#7131=DIRECTION('ref_axis',(0.90630778703665,0.422618261740699,0.));
#7132=DIRECTION('center_axis',(0.,0.,1.));
#7133=DIRECTION('ref_axis',(0.90630778703665,0.422618261740699,0.));
#7134=DIRECTION('',(0.90630778703665,0.422618261740699,0.));
#7135=DIRECTION('center_axis',(0.,0.,1.));
#7136=DIRECTION('ref_axis',(0.90630778703665,0.422618261740699,0.));
#7137=DIRECTION('',(0.819152044288992,-0.573576436351047,0.));
#7138=DIRECTION('center_axis',(0.,0.,1.));
#7139=DIRECTION('ref_axis',(0.90630778703665,0.422618261740699,0.));
#7140=DIRECTION('center_axis',(0.,0.,1.));
#7141=DIRECTION('ref_axis',(0.90630778703665,0.422618261740699,0.));
#7142=DIRECTION('',(0.0871557427476589,0.996194698091746,0.));
#7143=DIRECTION('center_axis',(0.,0.,1.));
#7144=DIRECTION('ref_axis',(0.90630778703665,0.422618261740699,0.));
#7145=DIRECTION('',(0.90630778703665,0.422618261740699,0.));
#7146=DIRECTION('center_axis',(0.,0.,1.));
#7147=DIRECTION('ref_axis',(0.90630778703665,0.422618261740699,0.));
#7148=DIRECTION('center_axis',(0.,0.,1.));
#7149=DIRECTION('ref_axis',(0.90630778703665,0.422618261740699,0.));
#7150=DIRECTION('',(-0.819152044288991,0.573576436351047,0.));
#7151=DIRECTION('center_axis',(0.,0.,1.));
#7152=DIRECTION('ref_axis',(0.90630778703665,0.422618261740699,0.));
#7153=DIRECTION('',(0.0871557427476589,0.996194698091746,0.));
#7154=DIRECTION('center_axis',(0.,0.,1.));
#7155=DIRECTION('ref_axis',(0.90630778703665,0.422618261740699,0.));
#7156=DIRECTION('center_axis',(0.,0.,1.));
#7157=DIRECTION('ref_axis',(0.90630778703665,0.422618261740699,0.));
#7158=DIRECTION('',(-0.90630778703665,-0.422618261740699,0.));
#7159=DIRECTION('center_axis',(0.,0.,1.));
#7160=DIRECTION('ref_axis',(0.90630778703665,0.422618261740699,0.));
#7161=DIRECTION('',(-0.819152044288991,0.573576436351047,0.));
#7162=DIRECTION('center_axis',(0.,0.,1.));
#7163=DIRECTION('ref_axis',(0.90630778703665,0.422618261740699,0.));
#7164=DIRECTION('center_axis',(0.,0.,1.));
#7165=DIRECTION('ref_axis',(0.90630778703665,0.422618261740699,0.));
#7166=DIRECTION('',(-0.0871557427476585,-0.996194698091746,0.));
#7167=DIRECTION('center_axis',(0.,0.,1.));
#7168=DIRECTION('ref_axis',(0.90630778703665,0.422618261740699,0.));
#7169=DIRECTION('',(-0.90630778703665,-0.422618261740699,0.));
#7170=DIRECTION('center_axis',(0.996194698091746,-0.0871557427476589,0.));
#7171=DIRECTION('ref_axis',(0.0871557427476589,0.996194698091746,0.));
#7172=DIRECTION('',(0.,0.,1.));
#7173=DIRECTION('',(0.0871557427476589,0.996194698091746,0.));
#7174=DIRECTION('',(0.,0.,1.));
#7175=DIRECTION('center_axis',(0.,0.,1.));
#7176=DIRECTION('ref_axis',(0.90630778703665,0.422618261740699,0.));
#7177=DIRECTION('center_axis',(0.,0.,1.));
#7178=DIRECTION('ref_axis',(0.90630778703665,0.422618261740699,0.));
#7179=DIRECTION('',(0.,0.,1.));
#7180=DIRECTION('center_axis',(0.422618261740699,-0.90630778703665,0.));
#7181=DIRECTION('ref_axis',(0.90630778703665,0.422618261740699,0.));
#7182=DIRECTION('',(0.90630778703665,0.422618261740699,0.));
#7183=DIRECTION('',(0.,0.,1.));
#7184=DIRECTION('center_axis',(0.,0.,1.));
#7185=DIRECTION('ref_axis',(0.90630778703665,0.422618261740699,0.));
#7186=DIRECTION('center_axis',(0.,0.,1.));
#7187=DIRECTION('ref_axis',(0.90630778703665,0.422618261740699,0.));
#7188=DIRECTION('',(0.,0.,1.));
#7189=DIRECTION('center_axis',(-0.573576436351046,-0.819152044288991,0.));
#7190=DIRECTION('ref_axis',(0.819152044288992,-0.573576436351047,0.));
#7191=DIRECTION('',(0.819152044288992,-0.573576436351047,0.));
#7192=DIRECTION('',(0.,0.,1.));
#7193=DIRECTION('center_axis',(0.,0.,1.));
#7194=DIRECTION('ref_axis',(-0.90630778703665,-0.422618261740699,0.));
#7195=DIRECTION('center_axis',(0.,0.,1.));
#7196=DIRECTION('ref_axis',(0.90630778703665,0.422618261740699,0.));
#7197=DIRECTION('',(0.,0.,1.));
#7198=DIRECTION('center_axis',(-0.996194698091746,0.0871557427476585,0.));
#7199=DIRECTION('ref_axis',(-0.0871557427476585,-0.996194698091746,0.));
#7200=DIRECTION('',(-0.0871557427476585,-0.996194698091746,0.));
#7201=DIRECTION('',(0.,0.,1.));
#7202=DIRECTION('center_axis',(0.,0.,1.));
#7203=DIRECTION('ref_axis',(0.90630778703665,0.422618261740699,0.));
#7204=DIRECTION('center_axis',(0.,0.,1.));
#7205=DIRECTION('ref_axis',(0.90630778703665,0.422618261740699,0.));
#7206=DIRECTION('',(0.,0.,1.));
#7207=DIRECTION('center_axis',(-0.422618261740699,0.90630778703665,0.));
#7208=DIRECTION('ref_axis',(-0.90630778703665,-0.422618261740699,0.));
#7209=DIRECTION('',(-0.90630778703665,-0.422618261740699,0.));
#7210=DIRECTION('',(0.,0.,1.));
#7211=DIRECTION('center_axis',(0.,0.,1.));
#7212=DIRECTION('ref_axis',(0.90630778703665,0.422618261740699,0.));
#7213=DIRECTION('center_axis',(0.,0.,1.));
#7214=DIRECTION('ref_axis',(0.90630778703665,0.422618261740699,0.));
#7215=DIRECTION('',(0.,0.,1.));
#7216=DIRECTION('center_axis',(0.573576436351047,0.819152044288991,0.));
#7217=DIRECTION('ref_axis',(-0.819152044288991,0.573576436351047,0.));
#7218=DIRECTION('',(-0.819152044288991,0.573576436351047,0.));
#7219=DIRECTION('',(0.,0.,1.));
#7220=DIRECTION('center_axis',(0.,0.,1.));
#7221=DIRECTION('ref_axis',(0.90630778703665,0.422618261740699,0.));
#7222=DIRECTION('center_axis',(0.,0.,1.));
#7223=DIRECTION('ref_axis',(0.90630778703665,0.422618261740699,0.));
#7224=DIRECTION('center_axis',(0.,0.,1.));
#7225=DIRECTION('ref_axis',(0.90630778703665,0.422618261740699,0.));
#7226=DIRECTION('center_axis',(0.,0.,1.));
#7227=DIRECTION('ref_axis',(0.90630778703665,0.422618261740699,0.));
#7228=DIRECTION('',(0.,0.,-1.));
#7229=DIRECTION('center_axis',(0.,0.,-1.));
#7230=DIRECTION('ref_axis',(0.90630778703665,0.422618261740699,0.));
#7231=DIRECTION('center_axis',(0.,0.,1.));
#7232=DIRECTION('ref_axis',(-0.90630778703665,-0.422618261740699,0.));
#7233=DIRECTION('center_axis',(0.,0.,1.));
#7234=DIRECTION('ref_axis',(-0.90630778703665,-0.422618261740699,0.));
#7235=DIRECTION('',(0.,0.,-1.));
#7236=DIRECTION('center_axis',(0.,0.,1.));
#7237=DIRECTION('ref_axis',(-0.90630778703665,-0.422618261740699,0.));
#7238=DIRECTION('center_axis',(0.,0.,1.));
#7239=DIRECTION('ref_axis',(-0.90630778703665,-0.422618261740699,0.));
#7240=DIRECTION('center_axis',(0.,0.,1.));
#7241=DIRECTION('ref_axis',(-0.90630778703665,-0.422618261740699,0.));
#7242=DIRECTION('center_axis',(0.90630778703665,0.422618261740699,-2.22044604925031E-16));
#7243=DIRECTION('ref_axis',(2.01240754513032E-16,9.3840104962317E-17,1.));
#7244=DIRECTION('',(-0.90630778703665,-0.422618261740699,2.22044604925031E-16));
#7245=DIRECTION('center_axis',(1.70096035727369E-16,-1.42727520843553E-16,
-1.));
#7246=DIRECTION('ref_axis',(-0.766044443118978,0.642787609686539,-2.22044604925031E-16));
#7247=DIRECTION('',(-0.642787609686538,-0.766044443118979,3.41586786896852E-31));
#7248=DIRECTION('',(-0.984807753012208,0.17364817766693,-1.92296268638356E-16));
#7249=DIRECTION('',(-0.342020143325669,0.939692620785908,-1.92296268638356E-16));
#7250=DIRECTION('',(0.642787609686539,0.766044443118979,-1.70793393448426E-31));
#7251=DIRECTION('',(0.984807753012208,-0.173648177666929,1.92296268638356E-16));
#7252=DIRECTION('',(0.34202014332567,-0.939692620785908,1.92296268638356E-16));
#7253=DIRECTION('center_axis',(-0.17364817766693,-0.984807753012208,1.11022302462516E-16));
#7254=DIRECTION('ref_axis',(0.984807753012208,-0.17364817766693,1.92296268638356E-16));
#7255=DIRECTION('',(-0.984807753012208,0.17364817766693,-1.92296268638356E-16));
#7256=DIRECTION('',(-1.70096035727369E-16,1.42727520843553E-16,1.));
#7257=DIRECTION('',(0.984807753012208,-0.17364817766693,1.92296268638356E-16));
#7258=DIRECTION('',(-1.70096035727369E-16,1.42727520843553E-16,1.));
#7259=DIRECTION('center_axis',(-0.939692620785908,-0.342020143325669,-1.11022302462516E-16));
#7260=DIRECTION('ref_axis',(0.342020143325669,-0.939692620785908,1.92296268638356E-16));
#7261=DIRECTION('',(-0.342020143325669,0.939692620785908,-1.92296268638356E-16));
#7262=DIRECTION('',(0.342020143325669,-0.939692620785908,1.92296268638356E-16));
#7263=DIRECTION('',(-1.70096035727369E-16,1.42727520843553E-16,1.));
#7264=DIRECTION('center_axis',(-0.766044443118978,0.642787609686539,-2.22044604925031E-16));
#7265=DIRECTION('ref_axis',(-0.642787609686539,-0.766044443118978,0.));
#7266=DIRECTION('',(0.642787609686539,0.766044443118978,0.));
#7267=DIRECTION('',(-0.642787609686539,-0.766044443118978,0.));
#7268=DIRECTION('',(-1.70096035727369E-16,1.42727520843553E-16,1.));
#7269=DIRECTION('center_axis',(0.17364817766693,0.984807753012208,-1.11022302462516E-16));
#7270=DIRECTION('ref_axis',(-0.984807753012208,0.17364817766693,-1.92296268638356E-16));
#7271=DIRECTION('',(0.984807753012208,-0.17364817766693,1.92296268638356E-16));
#7272=DIRECTION('',(-0.984807753012208,0.17364817766693,-1.92296268638356E-16));
#7273=DIRECTION('',(-1.70096035727369E-16,1.42727520843553E-16,1.));
#7274=DIRECTION('center_axis',(0.939692620785908,0.342020143325669,1.11022302462516E-16));
#7275=DIRECTION('ref_axis',(-0.342020143325669,0.939692620785908,-1.92296268638356E-16));
#7276=DIRECTION('',(0.342020143325669,-0.939692620785908,1.92296268638356E-16));
#7277=DIRECTION('',(-0.342020143325669,0.939692620785908,-1.92296268638356E-16));
#7278=DIRECTION('',(-1.70096035727369E-16,1.42727520843553E-16,1.));
#7279=DIRECTION('center_axis',(0.766044443118978,-0.642787609686539,2.22044604925031E-16));
#7280=DIRECTION('ref_axis',(0.642787609686539,0.766044443118978,-8.5396696724213E-32));
#7281=DIRECTION('',(-0.642787609686539,-0.766044443118978,8.5396696724213E-32));
#7282=DIRECTION('',(0.642787609686539,0.766044443118978,-8.5396696724213E-32));
#7283=DIRECTION('center_axis',(-1.70096035727369E-16,1.42727520843553E-16,
1.));
#7284=DIRECTION('ref_axis',(0.766044443118978,-0.642787609686539,2.22044604925031E-16));
#7285=DIRECTION('center_axis',(0.939692620785908,0.34202014332567,1.11022302462515E-16));
#7286=DIRECTION('ref_axis',(0.34202014332567,-0.939692620785908,1.92296268638356E-16));
#7287=DIRECTION('',(-0.34202014332567,0.939692620785908,-1.92296268638356E-16));
#7288=DIRECTION('',(1.70096035727369E-16,-1.42727520843553E-16,-1.));
#7289=DIRECTION('',(1.70096035727369E-16,-1.42727520843553E-16,-1.));
#7290=DIRECTION('center_axis',(0.173648177666929,0.984807753012208,-1.11022302462516E-16));
#7291=DIRECTION('ref_axis',(0.984807753012208,-0.173648177666929,1.92296268638356E-16));
#7292=DIRECTION('',(-0.984807753012208,0.173648177666929,-1.92296268638356E-16));
#7293=DIRECTION('',(1.70096035727369E-16,-1.42727520843553E-16,-1.));
#7294=DIRECTION('center_axis',(-0.766044443118979,0.642787609686539,-2.22044604925031E-16));
#7295=DIRECTION('ref_axis',(0.642787609686539,0.766044443118979,-1.70793393448426E-31));
#7296=DIRECTION('',(-0.642787609686539,-0.766044443118979,1.70793393448426E-31));
#7297=DIRECTION('',(1.70096035727369E-16,-1.42727520843553E-16,-1.));
#7298=DIRECTION('center_axis',(-0.939692620785908,-0.342020143325669,-1.11022302462516E-16));
#7299=DIRECTION('ref_axis',(-0.342020143325669,0.939692620785908,-1.92296268638356E-16));
#7300=DIRECTION('',(0.342020143325669,-0.939692620785908,1.92296268638356E-16));
#7301=DIRECTION('',(1.70096035727369E-16,-1.42727520843553E-16,-1.));
#7302=DIRECTION('center_axis',(-0.17364817766693,-0.984807753012208,1.11022302462516E-16));
#7303=DIRECTION('ref_axis',(-0.984807753012208,0.17364817766693,-1.92296268638356E-16));
#7304=DIRECTION('',(0.984807753012208,-0.17364817766693,1.92296268638356E-16));
#7305=DIRECTION('',(1.70096035727369E-16,-1.42727520843553E-16,-1.));
#7306=DIRECTION('center_axis',(0.766044443118979,-0.642787609686538,2.22044604925031E-16));
#7307=DIRECTION('ref_axis',(-0.642787609686538,-0.766044443118979,3.41586786896852E-31));
#7308=DIRECTION('',(0.642787609686538,0.766044443118979,-3.41586786896852E-31));
#7309=DIRECTION('center_axis',(-0.766044443118978,0.642787609686539,-2.22044604925031E-16));
#7310=DIRECTION('ref_axis',(1.70096035727369E-16,-1.42727520843553E-16,
-1.));
#7311=DIRECTION('center_axis',(-0.766044443118978,0.642787609686539,-2.22044604925031E-16));
#7312=DIRECTION('ref_axis',(1.70096035727369E-16,-1.42727520843553E-16,
-1.));
#7313=DIRECTION('center_axis',(-0.766044443118978,0.642787609686539,-2.22044604925031E-16));
#7314=DIRECTION('ref_axis',(1.70096035727369E-16,-1.42727520843553E-16,
-1.));
#7315=DIRECTION('center_axis',(-0.766044443118978,0.642787609686539,-2.22044604925031E-16));
#7316=DIRECTION('ref_axis',(1.70096035727369E-16,-1.42727520843553E-16,
-1.));
#7317=DIRECTION('center_axis',(-0.766044443118978,0.642787609686539,-2.22044604925031E-16));
#7318=DIRECTION('ref_axis',(1.70096035727369E-16,-1.42727520843553E-16,
-1.));
#7319=DIRECTION('',(0.766044443118978,-0.642787609686539,2.22044604925031E-16));
#7320=DIRECTION('center_axis',(-0.766044443118978,0.642787609686539,-2.22044604925031E-16));
#7321=DIRECTION('ref_axis',(1.70096035727369E-16,-1.42727520843553E-16,
-1.));
#7322=DIRECTION('center_axis',(-0.766044443118978,0.642787609686539,-2.22044604925031E-16));
#7323=DIRECTION('ref_axis',(1.70096035727369E-16,-1.42727520843553E-16,
-1.));
#7324=DIRECTION('',(0.766044443118978,-0.642787609686539,2.22044604925031E-16));
#7325=DIRECTION('center_axis',(0.766044443118978,-0.642787609686539,2.22044604925031E-16));
#7326=DIRECTION('ref_axis',(1.70096035727369E-16,-1.42727520843553E-16,
-1.));
#7327=DIRECTION('center_axis',(-0.766044443118978,0.642787609686539,-2.22044604925031E-16));
#7328=DIRECTION('ref_axis',(-1.70096035727369E-16,1.42727520843553E-16,
1.));
#7329=DIRECTION('',(-0.642787609686539,-0.766044443118978,0.));
#7330=DIRECTION('',(1.70096035727369E-16,-1.42727520843553E-16,-1.));
#7331=DIRECTION('',(1.70096035727369E-16,-1.42727520843553E-16,-1.));
#7332=DIRECTION('',(0.642787609686539,0.766044443118978,0.));
#7333=DIRECTION('',(-1.70096035727369E-16,1.42727520843553E-16,1.));
#7334=DIRECTION('',(-1.70096035727369E-16,1.42727520843553E-16,1.));
#7335=DIRECTION('center_axis',(0.766044443118978,-0.642787609686539,2.22044604925031E-16));
#7336=DIRECTION('ref_axis',(-1.70096035727369E-16,1.42727520843553E-16,
1.));
#7337=DIRECTION('center_axis',(0.766044443118978,-0.642787609686539,2.22044604925031E-16));
#7338=DIRECTION('ref_axis',(-1.70096035727369E-16,1.42727520843553E-16,
1.));
#7339=DIRECTION('center_axis',(0.642787609686539,0.766044443118978,0.));
#7340=DIRECTION('ref_axis',(1.70096035727369E-16,-1.42727520843553E-16,
-1.));
#7341=DIRECTION('',(-0.766044443118978,0.642787609686539,-2.22044604925031E-16));
#7342=DIRECTION('',(1.70096035727369E-16,-1.42727520843553E-16,-1.));
#7343=DIRECTION('',(-0.766044443118978,0.642787609686539,-2.22044604925031E-16));
#7344=DIRECTION('',(1.70096035727369E-16,-1.42727520843553E-16,-1.));
#7345=DIRECTION('',(-0.766044443118978,0.642787609686539,-2.22044604925031E-16));
#7346=DIRECTION('',(-0.766044443118978,0.642787609686539,-2.22044604925031E-16));
#7347=DIRECTION('center_axis',(0.642787609686539,0.766044443118978,0.));
#7348=DIRECTION('ref_axis',(1.70096035727369E-16,-1.42727520843553E-16,
-1.));
#7349=DIRECTION('',(-0.766044443118978,0.642787609686539,-2.22044604925031E-16));
#7350=DIRECTION('',(8.04440563357356E-16,6.13254848901961E-16,-1.));
#7351=DIRECTION('',(-0.766044443118978,0.642787609686539,-2.22044604925031E-16));
#7352=DIRECTION('',(1.70096035727369E-16,-1.42727520843553E-16,-1.));
#7353=DIRECTION('center_axis',(1.70096035727369E-16,-1.42727520843553E-16,
-1.));
#7354=DIRECTION('ref_axis',(-0.642787609686539,-0.766044443118978,0.));
#7355=DIRECTION('',(-0.766044443118978,0.642787609686539,-2.22044604925031E-16));
#7356=DIRECTION('',(-0.642787609686539,-0.766044443118978,0.));
#7357=DIRECTION('center_axis',(-0.766044443118978,0.642787609686539,-2.22044604925031E-16));
#7358=DIRECTION('ref_axis',(1.70096035727369E-16,-1.42727520843553E-16,
-1.));
#7359=DIRECTION('center_axis',(0.766044443118978,-0.642787609686539,2.22044604925031E-16));
#7360=DIRECTION('ref_axis',(-1.70096035727369E-16,1.42727520843553E-16,
1.));
#7361=DIRECTION('center_axis',(-0.766044443118978,0.642787609686539,-2.22044604925031E-16));
#7362=DIRECTION('ref_axis',(1.70096035727369E-16,-1.42727520843553E-16,
-1.));
#7363=DIRECTION('center_axis',(0.766044443118978,-0.642787609686539,2.22044604925031E-16));
#7364=DIRECTION('ref_axis',(-1.70096035727369E-16,1.42727520843553E-16,
1.));
#7365=DIRECTION('center_axis',(-0.766044443118978,0.642787609686539,-2.22044604925031E-16));
#7366=DIRECTION('ref_axis',(1.70096035727369E-16,-1.42727520843553E-16,
-1.));
#7367=DIRECTION('center_axis',(-0.766044443118978,0.642787609686539,-2.22044604925031E-16));
#7368=DIRECTION('ref_axis',(1.70096035727369E-16,-1.42727520843553E-16,
-1.));
#7369=DIRECTION('center_axis',(-0.766044443118978,0.642787609686539,-2.22044604925031E-16));
#7370=DIRECTION('ref_axis',(1.70096035727369E-16,-1.42727520843553E-16,
-1.));
#7371=DIRECTION('',(-1.70096035727369E-16,1.42727520843553E-16,1.));
#7372=DIRECTION('',(-1.70096035727369E-16,1.42727520843553E-16,1.));
#7373=DIRECTION('center_axis',(-0.766044443118978,0.642787609686539,-2.22044604925031E-16));
#7374=DIRECTION('ref_axis',(1.70096035727369E-16,-1.42727520843553E-16,
-1.));
#7375=DIRECTION('center_axis',(-0.766044443118978,0.642787609686539,-2.22044604925031E-16));
#7376=DIRECTION('ref_axis',(1.70096035727369E-16,-1.42727520843553E-16,
-1.));
#7377=DIRECTION('center_axis',(-0.766044443118978,0.642787609686539,-2.22044604925031E-16));
#7378=DIRECTION('ref_axis',(1.70096035727369E-16,-1.42727520843553E-16,
-1.));
#7379=DIRECTION('center_axis',(-0.766044443118978,0.642787609686539,-2.22044604925031E-16));
#7380=DIRECTION('ref_axis',(1.70096035727369E-16,-1.42727520843553E-16,
-1.));
#7381=DIRECTION('',(-0.766044443118978,0.642787609686539,-2.22044604925031E-16));
#7382=DIRECTION('center_axis',(-0.766044443118978,0.642787609686539,-2.22044604925031E-16));
#7383=DIRECTION('ref_axis',(1.70096035727369E-16,-1.42727520843553E-16,
-1.));
#7384=DIRECTION('',(-0.766044443118978,0.642787609686539,-2.22044604925031E-16));
#7385=DIRECTION('center_axis',(-0.766044443118978,0.642787609686539,-2.22044604925031E-16));
#7386=DIRECTION('ref_axis',(1.70096035727369E-16,-1.42727520843553E-16,
-1.));
#7387=DIRECTION('',(-1.70096035727369E-16,1.42727520843553E-16,1.));
#7388=DIRECTION('',(4.78665437153365E-16,9.1589133688588E-16,1.));
#7389=DIRECTION('',(0.642787609686539,0.766044443118978,0.));
#7390=DIRECTION('center_axis',(-0.766044443118978,0.642787609686539,-2.22044604925031E-16));
#7391=DIRECTION('ref_axis',(-1.70096035727369E-16,1.42727520843553E-16,
1.));
#7392=DIRECTION('',(0.766044443118978,-0.642787609686539,2.22044604925031E-16));
#7393=DIRECTION('center_axis',(-0.766044443118978,0.642787609686539,-2.22044604925031E-16));
#7394=DIRECTION('ref_axis',(-1.70096035727369E-16,1.42727520843553E-16,
1.));
#7395=DIRECTION('',(0.766044443118978,-0.642787609686539,2.22044604925031E-16));
#7396=DIRECTION('center_axis',(-1.70096035727369E-16,1.42727520843553E-16,
1.));
#7397=DIRECTION('ref_axis',(0.642787609686539,0.766044443118978,0.));
#7398=DIRECTION('',(-0.766044443118978,0.642787609686539,-2.22044604925031E-16));
#7399=DIRECTION('center_axis',(-0.642787609686539,-0.766044443118978,0.));
#7400=DIRECTION('ref_axis',(-1.70096035727369E-16,1.42727520843553E-16,
1.));
#7401=DIRECTION('',(-0.766044443118978,0.642787609686539,-2.22044604925031E-16));
#7402=DIRECTION('',(-0.766044443118978,0.642787609686539,-2.22044604925031E-16));
#7403=DIRECTION('center_axis',(-0.642787609686539,-0.766044443118978,0.));
#7404=DIRECTION('ref_axis',(-1.70096035727369E-16,1.42727520843553E-16,
1.));
#7405=DIRECTION('center_axis',(8.65956056235493E-17,-0.707106781186547,
0.707106781186548));
#7406=DIRECTION('ref_axis',(-1.,-1.22464679914735E-16,2.71926214689378E-32));
#7407=DIRECTION('',(8.65956056235493E-17,-0.707106781186548,-0.707106781186547));
#7408=DIRECTION('',(1.,1.22464679914735E-16,-2.71926214689378E-32));
#7409=DIRECTION('',(-8.65956056235493E-17,0.707106781186548,0.707106781186547));
#7410=DIRECTION('',(-1.,-1.22464679914735E-16,2.71926214689378E-32));
#7411=DIRECTION('center_axis',(1.22464679914735E-16,-1.,2.22044604925031E-16));
#7412=DIRECTION('ref_axis',(-1.,-1.22464679914735E-16,2.71926214689378E-32));
#7413=DIRECTION('',(0.,-2.22044604925031E-16,-1.));
#7414=DIRECTION('',(-1.,-1.22464679914735E-16,2.71926214689378E-32));
#7415=DIRECTION('',(0.,2.22044604925031E-16,1.));
#7416=DIRECTION('center_axis',(-1.,-1.22464679914735E-16,2.71926214689378E-32));
#7417=DIRECTION('ref_axis',(0.,-2.22044604925031E-16,-1.));
#7418=DIRECTION('',(1.22464679914735E-16,-1.,2.22044604925031E-16));
#7419=DIRECTION('',(0.,2.22044604925031E-16,1.));
#7420=DIRECTION('',(1.22464679914735E-16,-1.,2.22044604925031E-16));
#7421=DIRECTION('',(-8.65956056235493E-17,0.707106781186547,-0.707106781186548));
#7422=DIRECTION('center_axis',(8.65956056235493E-17,-0.707106781186547,
0.707106781186548));
#7423=DIRECTION('ref_axis',(-1.,-1.22464679914735E-16,2.71926214689378E-32));
#7424=DIRECTION('',(8.65956056235493E-17,-0.707106781186548,-0.707106781186547));
#7425=DIRECTION('',(1.,1.22464679914735E-16,-2.71926214689378E-32));
#7426=DIRECTION('',(-8.65956056235493E-17,0.707106781186548,0.707106781186547));
#7427=DIRECTION('',(-1.,-1.22464679914735E-16,2.71926214689378E-32));
#7428=DIRECTION('center_axis',(1.22464679914735E-16,-1.,2.22044604925031E-16));
#7429=DIRECTION('ref_axis',(-1.,-1.22464679914735E-16,2.71926214689378E-32));
#7430=DIRECTION('',(0.,-2.22044604925031E-16,-1.));
#7431=DIRECTION('',(-1.,-1.22464679914735E-16,2.71926214689378E-32));
#7432=DIRECTION('',(0.,2.22044604925031E-16,1.));
#7433=DIRECTION('center_axis',(-1.,-1.22464679914735E-16,2.71926214689378E-32));
#7434=DIRECTION('ref_axis',(0.,-2.22044604925031E-16,-1.));
#7435=DIRECTION('',(1.22464679914735E-16,-1.,2.22044604925031E-16));
#7436=DIRECTION('',(0.,2.22044604925031E-16,1.));
#7437=DIRECTION('',(1.22464679914735E-16,-1.,2.22044604925031E-16));
#7438=DIRECTION('',(-8.65956056235493E-17,0.707106781186547,-0.707106781186548));
#7439=DIRECTION('center_axis',(8.65956056235493E-17,-0.707106781186548,
-0.707106781186547));
#7440=DIRECTION('ref_axis',(-1.,-1.22464679914735E-16,2.71926214689378E-32));
#7441=DIRECTION('',(8.65956056235493E-17,-0.707106781186547,0.707106781186548));
#7442=DIRECTION('',(1.,1.22464679914735E-16,-2.71926214689378E-32));
#7443=DIRECTION('center_axis',(8.65956056235493E-17,-0.707106781186548,
-0.707106781186547));
#7444=DIRECTION('ref_axis',(-1.,-1.22464679914735E-16,2.71926214689378E-32));
#7445=DIRECTION('',(8.65956056235493E-17,-0.707106781186547,0.707106781186548));
#7446=DIRECTION('',(1.,1.22464679914735E-16,-2.71926214689378E-32));
#7447=DIRECTION('center_axis',(1.,1.22464679914735E-16,-2.71926214689378E-32));
#7448=DIRECTION('ref_axis',(-1.22464679914735E-16,1.,-2.22044604925031E-16));
#7449=DIRECTION('',(-1.22464679914735E-16,1.,-2.22044604925031E-16));
#7450=DIRECTION('',(0.,2.22044604925031E-16,1.));
#7451=DIRECTION('',(-1.22464679914735E-16,1.,-2.22044604925031E-16));
#7452=DIRECTION('',(0.,2.22044604925031E-16,1.));
#7453=DIRECTION('center_axis',(1.22464679914735E-16,-1.,2.22044604925031E-16));
#7454=DIRECTION('ref_axis',(1.,1.22464679914735E-16,-2.71926214689378E-32));
#7455=DIRECTION('',(1.,1.22464679914735E-16,-2.71926214689378E-32));
#7456=DIRECTION('',(0.,2.22044604925031E-16,1.));
#7457=DIRECTION('',(1.,1.22464679914735E-16,-2.71926214689378E-32));
#7458=DIRECTION('center_axis',(-1.,-1.22464679914735E-16,2.71926214689378E-32));
#7459=DIRECTION('ref_axis',(1.22464679914735E-16,-1.,2.22044604925031E-16));
#7460=DIRECTION('',(1.22464679914735E-16,-1.,2.22044604925031E-16));
#7461=DIRECTION('',(0.,2.22044604925031E-16,1.));
#7462=DIRECTION('',(1.22464679914735E-16,-1.,2.22044604925031E-16));
#7463=DIRECTION('center_axis',(-1.22464679914735E-16,1.,-2.22044604925031E-16));
#7464=DIRECTION('ref_axis',(-1.,-1.22464679914735E-16,2.71926214689378E-32));
#7465=DIRECTION('',(-1.,-1.22464679914735E-16,2.71926214689378E-32));
#7466=DIRECTION('',(-1.,-1.22464679914735E-16,2.71926214689378E-32));
#7467=DIRECTION('center_axis',(0.,2.22044604925031E-16,1.));
#7468=DIRECTION('ref_axis',(-1.22464679914735E-16,1.,-2.22044604925031E-16));
#7469=DIRECTION('center_axis',(1.,1.22464679914735E-16,-2.71926214689378E-32));
#7470=DIRECTION('ref_axis',(-1.22464679914735E-16,1.,-2.22044604925031E-16));
#7471=DIRECTION('',(-1.22464679914735E-16,1.,-2.22044604925031E-16));
#7472=DIRECTION('',(0.,2.22044604925031E-16,1.));
#7473=DIRECTION('',(-1.22464679914735E-16,1.,-2.22044604925031E-16));
#7474=DIRECTION('',(0.,2.22044604925031E-16,1.));
#7475=DIRECTION('center_axis',(1.22464679914735E-16,-1.,2.22044604925031E-16));
#7476=DIRECTION('ref_axis',(1.,1.22464679914735E-16,-2.71926214689378E-32));
#7477=DIRECTION('',(1.,1.22464679914735E-16,-2.71926214689378E-32));
#7478=DIRECTION('',(0.,2.22044604925031E-16,1.));
#7479=DIRECTION('',(1.,1.22464679914735E-16,-2.71926214689378E-32));
#7480=DIRECTION('center_axis',(-1.,-1.22464679914735E-16,2.71926214689378E-32));
#7481=DIRECTION('ref_axis',(1.22464679914735E-16,-1.,2.22044604925031E-16));
#7482=DIRECTION('',(1.22464679914735E-16,-1.,2.22044604925031E-16));
#7483=DIRECTION('',(0.,2.22044604925031E-16,1.));
#7484=DIRECTION('',(1.22464679914735E-16,-1.,2.22044604925031E-16));
#7485=DIRECTION('center_axis',(-1.22464679914735E-16,1.,-2.22044604925031E-16));
#7486=DIRECTION('ref_axis',(-1.,-1.22464679914735E-16,2.71926214689378E-32));
#7487=DIRECTION('',(-1.,-1.22464679914735E-16,2.71926214689378E-32));
#7488=DIRECTION('',(-1.,-1.22464679914735E-16,2.71926214689378E-32));
#7489=DIRECTION('center_axis',(0.,2.22044604925031E-16,1.));
#7490=DIRECTION('ref_axis',(-1.22464679914735E-16,1.,-2.22044604925031E-16));
#7491=DIRECTION('center_axis',(1.,1.22464679914735E-16,-2.71926214689378E-32));
#7492=DIRECTION('ref_axis',(-1.22464679914735E-16,1.,-2.22044604925031E-16));
#7493=DIRECTION('',(-1.22464679914735E-16,1.,-2.22044604925031E-16));
#7494=DIRECTION('',(0.,2.22044604925031E-16,1.));
#7495=DIRECTION('',(-1.22464679914735E-16,1.,-2.22044604925031E-16));
#7496=DIRECTION('',(0.,2.22044604925031E-16,1.));
#7497=DIRECTION('center_axis',(1.22464679914735E-16,-1.,2.22044604925031E-16));
#7498=DIRECTION('ref_axis',(1.,1.22464679914735E-16,-2.71926214689378E-32));
#7499=DIRECTION('',(1.,1.22464679914735E-16,-2.71926214689378E-32));
#7500=DIRECTION('',(0.,2.22044604925031E-16,1.));
#7501=DIRECTION('',(1.,1.22464679914735E-16,-2.71926214689378E-32));
#7502=DIRECTION('center_axis',(-1.,-1.22464679914735E-16,2.71926214689378E-32));
#7503=DIRECTION('ref_axis',(1.22464679914735E-16,-1.,2.22044604925031E-16));
#7504=DIRECTION('',(1.22464679914735E-16,-1.,2.22044604925031E-16));
#7505=DIRECTION('',(0.,2.22044604925031E-16,1.));
#7506=DIRECTION('',(1.22464679914735E-16,-1.,2.22044604925031E-16));
#7507=DIRECTION('center_axis',(-1.22464679914735E-16,1.,-2.22044604925031E-16));
#7508=DIRECTION('ref_axis',(-1.,-1.22464679914735E-16,2.71926214689378E-32));
#7509=DIRECTION('',(-1.,-1.22464679914735E-16,2.71926214689378E-32));
#7510=DIRECTION('',(-1.,-1.22464679914735E-16,2.71926214689378E-32));
#7511=DIRECTION('center_axis',(0.,2.22044604925031E-16,1.));
#7512=DIRECTION('ref_axis',(-1.22464679914735E-16,1.,-2.22044604925031E-16));
#7513=DIRECTION('center_axis',(1.,1.22464679914735E-16,-2.71926214689378E-32));
#7514=DIRECTION('ref_axis',(-1.22464679914735E-16,1.,-2.22044604925031E-16));
#7515=DIRECTION('',(-1.22464679914735E-16,1.,-2.22044604925031E-16));
#7516=DIRECTION('',(0.,2.22044604925031E-16,1.));
#7517=DIRECTION('',(-1.22464679914735E-16,1.,-2.22044604925031E-16));
#7518=DIRECTION('',(0.,2.22044604925031E-16,1.));
#7519=DIRECTION('center_axis',(1.22464679914735E-16,-1.,2.22044604925031E-16));
#7520=DIRECTION('ref_axis',(1.,1.22464679914735E-16,-2.71926214689378E-32));
#7521=DIRECTION('',(1.,1.22464679914735E-16,-2.71926214689378E-32));
#7522=DIRECTION('',(0.,2.22044604925031E-16,1.));
#7523=DIRECTION('',(1.,1.22464679914735E-16,-2.71926214689378E-32));
#7524=DIRECTION('center_axis',(-1.,-1.22464679914735E-16,2.71926214689378E-32));
#7525=DIRECTION('ref_axis',(1.22464679914735E-16,-1.,2.22044604925031E-16));
#7526=DIRECTION('',(1.22464679914735E-16,-1.,2.22044604925031E-16));
#7527=DIRECTION('',(0.,2.22044604925031E-16,1.));
#7528=DIRECTION('',(1.22464679914735E-16,-1.,2.22044604925031E-16));
#7529=DIRECTION('center_axis',(-1.22464679914735E-16,1.,-2.22044604925031E-16));
#7530=DIRECTION('ref_axis',(-1.,-1.22464679914735E-16,2.71926214689378E-32));
#7531=DIRECTION('',(-1.,-1.22464679914735E-16,2.71926214689378E-32));
#7532=DIRECTION('',(-1.,-1.22464679914735E-16,2.71926214689378E-32));
#7533=DIRECTION('center_axis',(0.,2.22044604925031E-16,1.));
#7534=DIRECTION('ref_axis',(-1.22464679914735E-16,1.,-2.22044604925031E-16));
#7535=DIRECTION('center_axis',(1.,1.22464679914735E-16,-2.71926214689378E-32));
#7536=DIRECTION('ref_axis',(-1.22464679914735E-16,1.,-2.22044604925031E-16));
#7537=DIRECTION('',(-1.22464679914735E-16,1.,-2.22044604925031E-16));
#7538=DIRECTION('',(0.,2.22044604925031E-16,1.));
#7539=DIRECTION('',(-1.22464679914735E-16,1.,-2.22044604925031E-16));
#7540=DIRECTION('',(0.,2.22044604925031E-16,1.));
#7541=DIRECTION('center_axis',(1.22464679914735E-16,-1.,2.22044604925031E-16));
#7542=DIRECTION('ref_axis',(1.,1.22464679914735E-16,-2.71926214689378E-32));
#7543=DIRECTION('',(1.,1.22464679914735E-16,-2.71926214689378E-32));
#7544=DIRECTION('',(0.,2.22044604925031E-16,1.));
#7545=DIRECTION('',(1.,1.22464679914735E-16,-2.71926214689378E-32));
#7546=DIRECTION('center_axis',(-1.,-1.22464679914735E-16,2.71926214689378E-32));
#7547=DIRECTION('ref_axis',(1.22464679914735E-16,-1.,2.22044604925031E-16));
#7548=DIRECTION('',(1.22464679914735E-16,-1.,2.22044604925031E-16));
#7549=DIRECTION('',(0.,2.22044604925031E-16,1.));
#7550=DIRECTION('',(1.22464679914735E-16,-1.,2.22044604925031E-16));
#7551=DIRECTION('center_axis',(-1.22464679914735E-16,1.,-2.22044604925031E-16));
#7552=DIRECTION('ref_axis',(-1.,-1.22464679914735E-16,2.71926214689378E-32));
#7553=DIRECTION('',(-1.,-1.22464679914735E-16,2.71926214689378E-32));
#7554=DIRECTION('',(-1.,-1.22464679914735E-16,2.71926214689378E-32));
#7555=DIRECTION('center_axis',(0.,2.22044604925031E-16,1.));
#7556=DIRECTION('ref_axis',(-1.22464679914735E-16,1.,-2.22044604925031E-16));
#7557=DIRECTION('center_axis',(1.,1.22464679914735E-16,-2.71926214689378E-32));
#7558=DIRECTION('ref_axis',(-1.22464679914735E-16,1.,-2.22044604925031E-16));
#7559=DIRECTION('',(-1.22464679914735E-16,1.,-2.22044604925031E-16));
#7560=DIRECTION('',(0.,2.22044604925031E-16,1.));
#7561=DIRECTION('',(-1.22464679914735E-16,1.,-2.22044604925031E-16));
#7562=DIRECTION('',(0.,2.22044604925031E-16,1.));
#7563=DIRECTION('center_axis',(1.22464679914735E-16,-1.,2.22044604925031E-16));
#7564=DIRECTION('ref_axis',(1.,1.22464679914735E-16,-2.71926214689378E-32));
#7565=DIRECTION('',(1.,1.22464679914735E-16,-2.71926214689378E-32));
#7566=DIRECTION('',(0.,2.22044604925031E-16,1.));
#7567=DIRECTION('',(1.,1.22464679914735E-16,-2.71926214689378E-32));
#7568=DIRECTION('center_axis',(-1.,-1.22464679914735E-16,2.71926214689378E-32));
#7569=DIRECTION('ref_axis',(1.22464679914735E-16,-1.,2.22044604925031E-16));
#7570=DIRECTION('',(1.22464679914735E-16,-1.,2.22044604925031E-16));
#7571=DIRECTION('',(0.,2.22044604925031E-16,1.));
#7572=DIRECTION('',(1.22464679914735E-16,-1.,2.22044604925031E-16));
#7573=DIRECTION('center_axis',(-1.22464679914735E-16,1.,-2.22044604925031E-16));
#7574=DIRECTION('ref_axis',(-1.,-1.22464679914735E-16,2.71926214689378E-32));
#7575=DIRECTION('',(-1.,-1.22464679914735E-16,2.71926214689378E-32));
#7576=DIRECTION('',(-1.,-1.22464679914735E-16,2.71926214689378E-32));
#7577=DIRECTION('center_axis',(0.,2.22044604925031E-16,1.));
#7578=DIRECTION('ref_axis',(-1.22464679914735E-16,1.,-2.22044604925031E-16));
#7579=DIRECTION('center_axis',(1.22464679914735E-16,-1.,2.22044604925031E-16));
#7580=DIRECTION('ref_axis',(-1.,-1.22464679914735E-16,2.71926214689378E-32));
#7581=DIRECTION('',(-1.,-1.22464679914735E-16,2.71926214689378E-32));
#7582=DIRECTION('',(0.,-2.22044604925031E-16,-1.));
#7583=DIRECTION('',(1.,1.22464679914735E-16,-2.71926214689378E-32));
#7584=DIRECTION('',(0.,2.22044604925031E-16,1.));
#7585=DIRECTION('center_axis',(1.22464679914735E-16,-1.,2.22044604925031E-16));
#7586=DIRECTION('ref_axis',(-1.,-1.22464679914735E-16,2.71926214689378E-32));
#7587=DIRECTION('',(-1.,-1.22464679914735E-16,2.71926214689378E-32));
#7588=DIRECTION('',(0.,-2.22044604925031E-16,-1.));
#7589=DIRECTION('',(1.,1.22464679914735E-16,-2.71926214689378E-32));
#7590=DIRECTION('',(0.,2.22044604925031E-16,1.));
#7591=DIRECTION('center_axis',(1.22464679914735E-16,-1.,2.22044604925031E-16));
#7592=DIRECTION('ref_axis',(-1.,-1.22464679914735E-16,2.71926214689378E-32));
#7593=DIRECTION('',(0.,2.22044604925031E-16,1.));
#7594=DIRECTION('',(-1.,-1.22464679914735E-16,2.71926214689378E-32));
#7595=DIRECTION('',(0.,-2.22044604925031E-16,-1.));
#7596=DIRECTION('',(1.,1.22464679914735E-16,-2.71926214689378E-32));
#7597=DIRECTION('center_axis',(1.,1.22464679914735E-16,-2.71926214689378E-32));
#7598=DIRECTION('ref_axis',(0.,2.22044604925031E-16,1.));
#7599=DIRECTION('',(0.,-2.22044604925031E-16,-1.));
#7600=DIRECTION('',(1.22464679914735E-16,-1.,2.22044604925031E-16));
#7601=DIRECTION('',(1.22464679914735E-16,-1.,2.22044604925031E-16));
#7602=DIRECTION('center_axis',(0.,-2.22044604925031E-16,-1.));
#7603=DIRECTION('ref_axis',(1.,1.22464679914735E-16,-2.71926214689378E-32));
#7604=DIRECTION('',(-1.,-1.22464679914735E-16,2.71926214689378E-32));
#7605=DIRECTION('',(1.22464679914735E-16,-1.,2.22044604925031E-16));
#7606=DIRECTION('center_axis',(-1.,-1.22464679914735E-16,2.71926214689378E-32));
#7607=DIRECTION('ref_axis',(0.,-2.22044604925031E-16,-1.));
#7608=DIRECTION('',(0.,2.22044604925031E-16,1.));
#7609=DIRECTION('',(1.22464679914735E-16,-1.,2.22044604925031E-16));
#7610=DIRECTION('center_axis',(0.,2.22044604925031E-16,1.));
#7611=DIRECTION('ref_axis',(-1.,-1.22464679914735E-16,2.71926214689378E-32));
#7612=DIRECTION('',(1.,1.22464679914735E-16,-2.71926214689378E-32));
#7613=DIRECTION('center_axis',(1.,1.22464679914735E-16,-2.71926214689378E-32));
#7614=DIRECTION('ref_axis',(0.,2.22044604925031E-16,1.));
#7615=DIRECTION('',(1.22464679914735E-16,-1.,2.22044604925031E-16));
#7616=DIRECTION('',(0.,-2.22044604925031E-16,-1.));
#7617=DIRECTION('',(1.22464679914735E-16,-1.,2.22044604925031E-16));
#7618=DIRECTION('center_axis',(0.,-2.22044604925031E-16,-1.));
#7619=DIRECTION('ref_axis',(1.,1.22464679914735E-16,-2.71926214689378E-32));
#7620=DIRECTION('',(-1.,-1.22464679914735E-16,2.71926214689378E-32));
#7621=DIRECTION('center_axis',(0.,2.22044604925031E-16,1.));
#7622=DIRECTION('ref_axis',(-1.,-1.22464679914735E-16,2.71926214689378E-32));
#7623=DIRECTION('',(1.,1.22464679914735E-16,-2.71926214689378E-32));
#7624=DIRECTION('center_axis',(1.,1.22464679914735E-16,-2.71926214689378E-32));
#7625=DIRECTION('ref_axis',(0.,2.22044604925031E-16,1.));
#7626=DIRECTION('',(0.,-2.22044604925031E-16,-1.));
#7627=DIRECTION('',(1.22464679914735E-16,-1.,2.22044604925031E-16));
#7628=DIRECTION('',(1.22464679914735E-16,-1.,2.22044604925031E-16));
#7629=DIRECTION('center_axis',(0.,-2.22044604925031E-16,-1.));
#7630=DIRECTION('ref_axis',(1.,1.22464679914735E-16,-2.71926214689378E-32));
#7631=DIRECTION('',(-1.,-1.22464679914735E-16,2.71926214689378E-32));
#7632=DIRECTION('',(1.22464679914735E-16,-1.,2.22044604925031E-16));
#7633=DIRECTION('center_axis',(-1.,-1.22464679914735E-16,2.71926214689378E-32));
#7634=DIRECTION('ref_axis',(0.,-2.22044604925031E-16,-1.));
#7635=DIRECTION('',(0.,2.22044604925031E-16,1.));
#7636=DIRECTION('',(1.22464679914735E-16,-1.,2.22044604925031E-16));
#7637=DIRECTION('center_axis',(0.,2.22044604925031E-16,1.));
#7638=DIRECTION('ref_axis',(-1.,-1.22464679914735E-16,2.71926214689378E-32));
#7639=DIRECTION('',(1.,1.22464679914735E-16,-2.71926214689378E-32));
#7640=DIRECTION('center_axis',(1.,1.22464679914735E-16,-2.71926214689378E-32));
#7641=DIRECTION('ref_axis',(0.,2.22044604925031E-16,1.));
#7642=DIRECTION('',(1.22464679914735E-16,-1.,2.22044604925031E-16));
#7643=DIRECTION('',(0.,-2.22044604925031E-16,-1.));
#7644=DIRECTION('',(1.22464679914735E-16,-1.,2.22044604925031E-16));
#7645=DIRECTION('center_axis',(0.,-2.22044604925031E-16,-1.));
#7646=DIRECTION('ref_axis',(1.,1.22464679914735E-16,-2.71926214689378E-32));
#7647=DIRECTION('',(-1.,-1.22464679914735E-16,2.71926214689378E-32));
#7648=DIRECTION('center_axis',(0.,2.22044604925031E-16,1.));
#7649=DIRECTION('ref_axis',(-1.,-1.22464679914735E-16,2.71926214689378E-32));
#7650=DIRECTION('',(1.,1.22464679914735E-16,-2.71926214689378E-32));
#7651=DIRECTION('center_axis',(0.,-2.22044604925031E-16,-1.));
#7652=DIRECTION('ref_axis',(1.,1.22464679914735E-16,-2.71926214689378E-32));
#7653=DIRECTION('',(-1.,-1.22464679914735E-16,2.71926214689378E-32));
#7654=DIRECTION('',(1.22464679914735E-16,-1.,2.22044604925031E-16));
#7655=DIRECTION('',(1.22464679914735E-16,-1.,2.22044604925031E-16));
#7656=DIRECTION('center_axis',(-1.,-1.22464679914735E-16,2.71926214689378E-32));
#7657=DIRECTION('ref_axis',(0.,-2.22044604925031E-16,-1.));
#7658=DIRECTION('',(0.,2.22044604925031E-16,1.));
#7659=DIRECTION('',(1.22464679914735E-16,-1.,2.22044604925031E-16));
#7660=DIRECTION('center_axis',(0.,2.22044604925031E-16,1.));
#7661=DIRECTION('ref_axis',(-1.,-1.22464679914735E-16,2.71926214689378E-32));
#7662=DIRECTION('',(1.,1.22464679914735E-16,-2.71926214689378E-32));
#7663=DIRECTION('',(1.22464679914735E-16,-1.,2.22044604925031E-16));
#7664=DIRECTION('center_axis',(1.,1.22464679914735E-16,-2.71926214689378E-32));
#7665=DIRECTION('ref_axis',(0.,2.22044604925031E-16,1.));
#7666=DIRECTION('',(0.,-2.22044604925031E-16,-1.));
#7667=DIRECTION('center_axis',(1.,1.22464679914735E-16,-2.71926214689378E-32));
#7668=DIRECTION('ref_axis',(0.,2.22044604925031E-16,1.));
#7669=DIRECTION('',(0.,-2.22044604925031E-16,-1.));
#7670=DIRECTION('',(1.22464679914735E-16,-1.,2.22044604925031E-16));
#7671=DIRECTION('',(0.,2.22044604925031E-16,1.));
#7672=DIRECTION('',(1.22464679914735E-16,-1.,2.22044604925031E-16));
#7673=DIRECTION('center_axis',(0.,-2.22044604925031E-16,-1.));
#7674=DIRECTION('ref_axis',(1.,1.22464679914735E-16,-2.71926214689378E-32));
#7675=DIRECTION('',(-1.,-1.22464679914735E-16,2.71926214689378E-32));
#7676=DIRECTION('',(1.,1.22464679914735E-16,-2.71926214689378E-32));
#7677=DIRECTION('',(1.22464679914735E-16,-1.,2.22044604925031E-16));
#7678=DIRECTION('center_axis',(-1.,-1.22464679914735E-16,2.71926214689378E-32));
#7679=DIRECTION('ref_axis',(0.,-2.22044604925031E-16,-1.));
#7680=DIRECTION('',(0.,2.22044604925031E-16,1.));
#7681=DIRECTION('',(0.,-2.22044604925031E-16,-1.));
#7682=DIRECTION('',(1.22464679914735E-16,-1.,2.22044604925031E-16));
#7683=DIRECTION('center_axis',(-5.50520859493142E-17,2.22044604925031E-16,
1.));
#7684=DIRECTION('ref_axis',(-1.,-1.22464679914735E-16,-5.50520859493142E-17));
#7685=DIRECTION('',(1.,1.22464679914735E-16,5.50520859493142E-17));
#7686=DIRECTION('',(-1.,-1.22464679914735E-16,-5.50520859493142E-17));
#7687=DIRECTION('center_axis',(1.22464679914735E-16,-1.,2.22044604925031E-16));
#7688=DIRECTION('ref_axis',(-1.,-1.22464679914735E-16,2.71926214689378E-32));
#7689=DIRECTION('center_axis',(1.22464679914735E-16,-1.,2.22044604925031E-16));
#7690=DIRECTION('ref_axis',(-1.,-1.22464679914735E-16,2.71926214689378E-32));
#7691=DIRECTION('center_axis',(-1.73191211247099E-16,0.707106781186548,
0.707106781186547));
#7692=DIRECTION('ref_axis',(1.,2.44929359829471E-16,-5.43852429378756E-32));
#7693=DIRECTION('',(-1.73191211247099E-16,0.707106781186547,-0.707106781186548));
#7694=DIRECTION('',(-1.,-2.44929359829471E-16,5.43852429378756E-32));
#7695=DIRECTION('',(1.73191211247099E-16,-0.707106781186547,0.707106781186548));
#7696=DIRECTION('',(1.,2.44929359829471E-16,-5.43852429378756E-32));
#7697=DIRECTION('center_axis',(-2.44929359829471E-16,1.,-2.22044604925031E-16));
#7698=DIRECTION('ref_axis',(1.,2.44929359829471E-16,-5.43852429378756E-32));
#7699=DIRECTION('',(0.,-2.22044604925031E-16,-1.));
#7700=DIRECTION('',(1.,2.44929359829471E-16,-5.43852429378756E-32));
#7701=DIRECTION('',(0.,2.22044604925031E-16,1.));
#7702=DIRECTION('center_axis',(1.,2.44929359829471E-16,-5.43852429378756E-32));
#7703=DIRECTION('ref_axis',(0.,-2.22044604925031E-16,-1.));
#7704=DIRECTION('',(-2.44929359829471E-16,1.,-2.22044604925031E-16));
#7705=DIRECTION('',(0.,2.22044604925031E-16,1.));
#7706=DIRECTION('',(-2.44929359829471E-16,1.,-2.22044604925031E-16));
#7707=DIRECTION('',(1.73191211247099E-16,-0.707106781186548,-0.707106781186547));
#7708=DIRECTION('center_axis',(-1.73191211247099E-16,0.707106781186548,
0.707106781186547));
#7709=DIRECTION('ref_axis',(1.,2.44929359829471E-16,-5.43852429378756E-32));
#7710=DIRECTION('',(-1.73191211247099E-16,0.707106781186547,-0.707106781186548));
#7711=DIRECTION('',(-1.,-2.44929359829471E-16,5.43852429378756E-32));
#7712=DIRECTION('',(1.73191211247099E-16,-0.707106781186547,0.707106781186548));
#7713=DIRECTION('',(1.,2.44929359829471E-16,-5.43852429378756E-32));
#7714=DIRECTION('center_axis',(-2.44929359829471E-16,1.,-2.22044604925031E-16));
#7715=DIRECTION('ref_axis',(1.,2.44929359829471E-16,-5.43852429378756E-32));
#7716=DIRECTION('',(0.,-2.22044604925031E-16,-1.));
#7717=DIRECTION('',(1.,2.44929359829471E-16,-5.43852429378756E-32));
#7718=DIRECTION('',(0.,2.22044604925031E-16,1.));
#7719=DIRECTION('center_axis',(1.,2.44929359829471E-16,-5.43852429378756E-32));
#7720=DIRECTION('ref_axis',(0.,-2.22044604925031E-16,-1.));
#7721=DIRECTION('',(-2.44929359829471E-16,1.,-2.22044604925031E-16));
#7722=DIRECTION('',(0.,2.22044604925031E-16,1.));
#7723=DIRECTION('',(-2.44929359829471E-16,1.,-2.22044604925031E-16));
#7724=DIRECTION('',(1.73191211247099E-16,-0.707106781186548,-0.707106781186547));
#7725=DIRECTION('center_axis',(-1.73191211247099E-16,0.707106781186547,
-0.707106781186548));
#7726=DIRECTION('ref_axis',(1.,2.44929359829471E-16,-5.43852429378756E-32));
#7727=DIRECTION('',(-1.73191211247099E-16,0.707106781186548,0.707106781186547));
#7728=DIRECTION('',(-1.,-2.44929359829471E-16,5.43852429378756E-32));
#7729=DIRECTION('center_axis',(-1.73191211247099E-16,0.707106781186547,
-0.707106781186548));
#7730=DIRECTION('ref_axis',(1.,2.44929359829471E-16,-5.43852429378756E-32));
#7731=DIRECTION('',(-1.73191211247099E-16,0.707106781186548,0.707106781186547));
#7732=DIRECTION('',(-1.,-2.44929359829471E-16,5.43852429378756E-32));
#7733=DIRECTION('center_axis',(-1.,-2.44929359829471E-16,5.43852429378756E-32));
#7734=DIRECTION('ref_axis',(2.44929359829471E-16,-1.,2.22044604925031E-16));
#7735=DIRECTION('',(2.44929359829471E-16,-1.,2.22044604925031E-16));
#7736=DIRECTION('',(0.,2.22044604925031E-16,1.));
#7737=DIRECTION('',(2.44929359829471E-16,-1.,2.22044604925031E-16));
#7738=DIRECTION('',(0.,2.22044604925031E-16,1.));
#7739=DIRECTION('center_axis',(-2.44929359829471E-16,1.,-2.22044604925031E-16));
#7740=DIRECTION('ref_axis',(-1.,-2.44929359829471E-16,5.43852429378756E-32));
#7741=DIRECTION('',(-1.,-2.44929359829471E-16,5.43852429378756E-32));
#7742=DIRECTION('',(0.,2.22044604925031E-16,1.));
#7743=DIRECTION('',(-1.,-2.44929359829471E-16,5.43852429378756E-32));
#7744=DIRECTION('center_axis',(1.,2.44929359829471E-16,-5.43852429378756E-32));
#7745=DIRECTION('ref_axis',(-2.44929359829471E-16,1.,-2.22044604925031E-16));
#7746=DIRECTION('',(-2.44929359829471E-16,1.,-2.22044604925031E-16));
#7747=DIRECTION('',(0.,2.22044604925031E-16,1.));
#7748=DIRECTION('',(-2.44929359829471E-16,1.,-2.22044604925031E-16));
#7749=DIRECTION('center_axis',(2.44929359829471E-16,-1.,2.22044604925031E-16));
#7750=DIRECTION('ref_axis',(1.,2.44929359829471E-16,-5.43852429378756E-32));
#7751=DIRECTION('',(1.,2.44929359829471E-16,-5.43852429378756E-32));
#7752=DIRECTION('',(1.,2.44929359829471E-16,-5.43852429378756E-32));
#7753=DIRECTION('center_axis',(0.,2.22044604925031E-16,1.));
#7754=DIRECTION('ref_axis',(2.44929359829471E-16,-1.,2.22044604925031E-16));
#7755=DIRECTION('center_axis',(-1.,-2.44929359829471E-16,5.43852429378756E-32));
#7756=DIRECTION('ref_axis',(2.44929359829471E-16,-1.,2.22044604925031E-16));
#7757=DIRECTION('',(2.44929359829471E-16,-1.,2.22044604925031E-16));
#7758=DIRECTION('',(0.,2.22044604925031E-16,1.));
#7759=DIRECTION('',(2.44929359829471E-16,-1.,2.22044604925031E-16));
#7760=DIRECTION('',(0.,2.22044604925031E-16,1.));
#7761=DIRECTION('center_axis',(-2.44929359829471E-16,1.,-2.22044604925031E-16));
#7762=DIRECTION('ref_axis',(-1.,-2.44929359829471E-16,5.43852429378756E-32));
#7763=DIRECTION('',(-1.,-2.44929359829471E-16,5.43852429378756E-32));
#7764=DIRECTION('',(0.,2.22044604925031E-16,1.));
#7765=DIRECTION('',(-1.,-2.44929359829471E-16,5.43852429378756E-32));
#7766=DIRECTION('center_axis',(1.,2.44929359829471E-16,-5.43852429378756E-32));
#7767=DIRECTION('ref_axis',(-2.44929359829471E-16,1.,-2.22044604925031E-16));
#7768=DIRECTION('',(-2.44929359829471E-16,1.,-2.22044604925031E-16));
#7769=DIRECTION('',(0.,2.22044604925031E-16,1.));
#7770=DIRECTION('',(-2.44929359829471E-16,1.,-2.22044604925031E-16));
#7771=DIRECTION('center_axis',(2.44929359829471E-16,-1.,2.22044604925031E-16));
#7772=DIRECTION('ref_axis',(1.,2.44929359829471E-16,-5.43852429378756E-32));
#7773=DIRECTION('',(1.,2.44929359829471E-16,-5.43852429378756E-32));
#7774=DIRECTION('',(1.,2.44929359829471E-16,-5.43852429378756E-32));
#7775=DIRECTION('center_axis',(0.,2.22044604925031E-16,1.));
#7776=DIRECTION('ref_axis',(2.44929359829471E-16,-1.,2.22044604925031E-16));
#7777=DIRECTION('center_axis',(-1.,-2.44929359829471E-16,5.43852429378756E-32));
#7778=DIRECTION('ref_axis',(2.44929359829471E-16,-1.,2.22044604925031E-16));
#7779=DIRECTION('',(2.44929359829471E-16,-1.,2.22044604925031E-16));
#7780=DIRECTION('',(0.,2.22044604925031E-16,1.));
#7781=DIRECTION('',(2.44929359829471E-16,-1.,2.22044604925031E-16));
#7782=DIRECTION('',(0.,2.22044604925031E-16,1.));
#7783=DIRECTION('center_axis',(-2.44929359829471E-16,1.,-2.22044604925031E-16));
#7784=DIRECTION('ref_axis',(-1.,-2.44929359829471E-16,5.43852429378756E-32));
#7785=DIRECTION('',(-1.,-2.44929359829471E-16,5.43852429378756E-32));
#7786=DIRECTION('',(0.,2.22044604925031E-16,1.));
#7787=DIRECTION('',(-1.,-2.44929359829471E-16,5.43852429378756E-32));
#7788=DIRECTION('center_axis',(1.,2.44929359829471E-16,-5.43852429378756E-32));
#7789=DIRECTION('ref_axis',(-2.44929359829471E-16,1.,-2.22044604925031E-16));
#7790=DIRECTION('',(-2.44929359829471E-16,1.,-2.22044604925031E-16));
#7791=DIRECTION('',(0.,2.22044604925031E-16,1.));
#7792=DIRECTION('',(-2.44929359829471E-16,1.,-2.22044604925031E-16));
#7793=DIRECTION('center_axis',(2.44929359829471E-16,-1.,2.22044604925031E-16));
#7794=DIRECTION('ref_axis',(1.,2.44929359829471E-16,-5.43852429378756E-32));
#7795=DIRECTION('',(1.,2.44929359829471E-16,-5.43852429378756E-32));
#7796=DIRECTION('',(1.,2.44929359829471E-16,-5.43852429378756E-32));
#7797=DIRECTION('center_axis',(0.,2.22044604925031E-16,1.));
#7798=DIRECTION('ref_axis',(2.44929359829471E-16,-1.,2.22044604925031E-16));
#7799=DIRECTION('center_axis',(-1.,-2.44929359829471E-16,5.43852429378756E-32));
#7800=DIRECTION('ref_axis',(2.44929359829471E-16,-1.,2.22044604925031E-16));
#7801=DIRECTION('',(2.44929359829471E-16,-1.,2.22044604925031E-16));
#7802=DIRECTION('',(0.,2.22044604925031E-16,1.));
#7803=DIRECTION('',(2.44929359829471E-16,-1.,2.22044604925031E-16));
#7804=DIRECTION('',(0.,2.22044604925031E-16,1.));
#7805=DIRECTION('center_axis',(-2.44929359829471E-16,1.,-2.22044604925031E-16));
#7806=DIRECTION('ref_axis',(-1.,-2.44929359829471E-16,5.43852429378756E-32));
#7807=DIRECTION('',(-1.,-2.44929359829471E-16,5.43852429378756E-32));
#7808=DIRECTION('',(0.,2.22044604925031E-16,1.));
#7809=DIRECTION('',(-1.,-2.44929359829471E-16,5.43852429378756E-32));
#7810=DIRECTION('center_axis',(1.,2.44929359829471E-16,-5.43852429378756E-32));
#7811=DIRECTION('ref_axis',(-2.44929359829471E-16,1.,-2.22044604925031E-16));
#7812=DIRECTION('',(-2.44929359829471E-16,1.,-2.22044604925031E-16));
#7813=DIRECTION('',(0.,2.22044604925031E-16,1.));
#7814=DIRECTION('',(-2.44929359829471E-16,1.,-2.22044604925031E-16));
#7815=DIRECTION('center_axis',(2.44929359829471E-16,-1.,2.22044604925031E-16));
#7816=DIRECTION('ref_axis',(1.,2.44929359829471E-16,-5.43852429378756E-32));
#7817=DIRECTION('',(1.,2.44929359829471E-16,-5.43852429378756E-32));
#7818=DIRECTION('',(1.,2.44929359829471E-16,-5.43852429378756E-32));
#7819=DIRECTION('center_axis',(0.,2.22044604925031E-16,1.));
#7820=DIRECTION('ref_axis',(2.44929359829471E-16,-1.,2.22044604925031E-16));
#7821=DIRECTION('center_axis',(-1.,-2.44929359829471E-16,5.43852429378756E-32));
#7822=DIRECTION('ref_axis',(2.44929359829471E-16,-1.,2.22044604925031E-16));
#7823=DIRECTION('',(2.44929359829471E-16,-1.,2.22044604925031E-16));
#7824=DIRECTION('',(0.,2.22044604925031E-16,1.));
#7825=DIRECTION('',(2.44929359829471E-16,-1.,2.22044604925031E-16));
#7826=DIRECTION('',(0.,2.22044604925031E-16,1.));
#7827=DIRECTION('center_axis',(-2.44929359829471E-16,1.,-2.22044604925031E-16));
#7828=DIRECTION('ref_axis',(-1.,-2.44929359829471E-16,5.43852429378756E-32));
#7829=DIRECTION('',(-1.,-2.44929359829471E-16,5.43852429378756E-32));
#7830=DIRECTION('',(0.,2.22044604925031E-16,1.));
#7831=DIRECTION('',(-1.,-2.44929359829471E-16,5.43852429378756E-32));
#7832=DIRECTION('center_axis',(1.,2.44929359829471E-16,-5.43852429378756E-32));
#7833=DIRECTION('ref_axis',(-2.44929359829471E-16,1.,-2.22044604925031E-16));
#7834=DIRECTION('',(-2.44929359829471E-16,1.,-2.22044604925031E-16));
#7835=DIRECTION('',(0.,2.22044604925031E-16,1.));
#7836=DIRECTION('',(-2.44929359829471E-16,1.,-2.22044604925031E-16));
#7837=DIRECTION('center_axis',(2.44929359829471E-16,-1.,2.22044604925031E-16));
#7838=DIRECTION('ref_axis',(1.,2.44929359829471E-16,-5.43852429378756E-32));
#7839=DIRECTION('',(1.,2.44929359829471E-16,-5.43852429378756E-32));
#7840=DIRECTION('',(1.,2.44929359829471E-16,-5.43852429378756E-32));
#7841=DIRECTION('center_axis',(0.,2.22044604925031E-16,1.));
#7842=DIRECTION('ref_axis',(2.44929359829471E-16,-1.,2.22044604925031E-16));
#7843=DIRECTION('center_axis',(-1.,-2.44929359829471E-16,5.43852429378756E-32));
#7844=DIRECTION('ref_axis',(2.44929359829471E-16,-1.,2.22044604925031E-16));
#7845=DIRECTION('',(2.44929359829471E-16,-1.,2.22044604925031E-16));
#7846=DIRECTION('',(0.,2.22044604925031E-16,1.));
#7847=DIRECTION('',(2.44929359829471E-16,-1.,2.22044604925031E-16));
#7848=DIRECTION('',(0.,2.22044604925031E-16,1.));
#7849=DIRECTION('center_axis',(-2.44929359829471E-16,1.,-2.22044604925031E-16));
#7850=DIRECTION('ref_axis',(-1.,-2.44929359829471E-16,5.43852429378756E-32));
#7851=DIRECTION('',(-1.,-2.44929359829471E-16,5.43852429378756E-32));
#7852=DIRECTION('',(0.,2.22044604925031E-16,1.));
#7853=DIRECTION('',(-1.,-2.44929359829471E-16,5.43852429378756E-32));
#7854=DIRECTION('center_axis',(1.,2.44929359829471E-16,-5.43852429378756E-32));
#7855=DIRECTION('ref_axis',(-2.44929359829471E-16,1.,-2.22044604925031E-16));
#7856=DIRECTION('',(-2.44929359829471E-16,1.,-2.22044604925031E-16));
#7857=DIRECTION('',(0.,2.22044604925031E-16,1.));
#7858=DIRECTION('',(-2.44929359829471E-16,1.,-2.22044604925031E-16));
#7859=DIRECTION('center_axis',(2.44929359829471E-16,-1.,2.22044604925031E-16));
#7860=DIRECTION('ref_axis',(1.,2.44929359829471E-16,-5.43852429378756E-32));
#7861=DIRECTION('',(1.,2.44929359829471E-16,-5.43852429378756E-32));
#7862=DIRECTION('',(1.,2.44929359829471E-16,-5.43852429378756E-32));
#7863=DIRECTION('center_axis',(0.,2.22044604925031E-16,1.));
#7864=DIRECTION('ref_axis',(2.44929359829471E-16,-1.,2.22044604925031E-16));
#7865=DIRECTION('center_axis',(-2.44929359829471E-16,1.,-2.22044604925031E-16));
#7866=DIRECTION('ref_axis',(1.,2.44929359829471E-16,-5.43852429378756E-32));
#7867=DIRECTION('',(1.,2.44929359829471E-16,-5.43852429378756E-32));
#7868=DIRECTION('',(0.,-2.22044604925031E-16,-1.));
#7869=DIRECTION('',(-1.,-2.44929359829471E-16,5.43852429378756E-32));
#7870=DIRECTION('',(0.,2.22044604925031E-16,1.));
#7871=DIRECTION('center_axis',(-2.44929359829471E-16,1.,-2.22044604925031E-16));
#7872=DIRECTION('ref_axis',(1.,2.44929359829471E-16,-5.43852429378756E-32));
#7873=DIRECTION('',(1.,2.44929359829471E-16,-5.43852429378756E-32));
#7874=DIRECTION('',(0.,-2.22044604925031E-16,-1.));
#7875=DIRECTION('',(-1.,-2.44929359829471E-16,5.43852429378756E-32));
#7876=DIRECTION('',(0.,2.22044604925031E-16,1.));
#7877=DIRECTION('center_axis',(-2.44929359829471E-16,1.,-2.22044604925031E-16));
#7878=DIRECTION('ref_axis',(1.,2.44929359829471E-16,-5.43852429378756E-32));
#7879=DIRECTION('',(0.,2.22044604925031E-16,1.));
#7880=DIRECTION('',(1.,2.44929359829471E-16,-5.43852429378756E-32));
#7881=DIRECTION('',(0.,-2.22044604925031E-16,-1.));
#7882=DIRECTION('',(-1.,-2.44929359829471E-16,5.43852429378756E-32));
#7883=DIRECTION('center_axis',(-1.,-2.44929359829471E-16,5.43852429378756E-32));
#7884=DIRECTION('ref_axis',(0.,2.22044604925031E-16,1.));
#7885=DIRECTION('',(0.,-2.22044604925031E-16,-1.));
#7886=DIRECTION('',(-2.44929359829471E-16,1.,-2.22044604925031E-16));
#7887=DIRECTION('',(-2.44929359829471E-16,1.,-2.22044604925031E-16));
#7888=DIRECTION('center_axis',(0.,-2.22044604925031E-16,-1.));
#7889=DIRECTION('ref_axis',(-1.,-2.44929359829471E-16,5.43852429378756E-32));
#7890=DIRECTION('',(1.,2.44929359829471E-16,-5.43852429378756E-32));
#7891=DIRECTION('',(-2.44929359829471E-16,1.,-2.22044604925031E-16));
#7892=DIRECTION('center_axis',(1.,2.44929359829471E-16,-5.43852429378756E-32));
#7893=DIRECTION('ref_axis',(0.,-2.22044604925031E-16,-1.));
#7894=DIRECTION('',(0.,2.22044604925031E-16,1.));
#7895=DIRECTION('',(-2.44929359829471E-16,1.,-2.22044604925031E-16));
#7896=DIRECTION('center_axis',(0.,2.22044604925031E-16,1.));
#7897=DIRECTION('ref_axis',(1.,2.44929359829471E-16,-5.43852429378756E-32));
#7898=DIRECTION('',(-1.,-2.44929359829471E-16,5.43852429378756E-32));
#7899=DIRECTION('center_axis',(-1.,-2.44929359829471E-16,5.43852429378756E-32));
#7900=DIRECTION('ref_axis',(0.,2.22044604925031E-16,1.));
#7901=DIRECTION('',(-2.44929359829471E-16,1.,-2.22044604925031E-16));
#7902=DIRECTION('',(0.,-2.22044604925031E-16,-1.));
#7903=DIRECTION('',(-2.44929359829471E-16,1.,-2.22044604925031E-16));
#7904=DIRECTION('center_axis',(0.,-2.22044604925031E-16,-1.));
#7905=DIRECTION('ref_axis',(-1.,-2.44929359829471E-16,5.43852429378756E-32));
#7906=DIRECTION('',(1.,2.44929359829471E-16,-5.43852429378756E-32));
#7907=DIRECTION('center_axis',(0.,2.22044604925031E-16,1.));
#7908=DIRECTION('ref_axis',(1.,2.44929359829471E-16,-5.43852429378756E-32));
#7909=DIRECTION('',(-1.,-2.44929359829471E-16,5.43852429378756E-32));
#7910=DIRECTION('center_axis',(-1.,-2.44929359829471E-16,5.43852429378756E-32));
#7911=DIRECTION('ref_axis',(0.,2.22044604925031E-16,1.));
#7912=DIRECTION('',(0.,-2.22044604925031E-16,-1.));
#7913=DIRECTION('',(-2.44929359829471E-16,1.,-2.22044604925031E-16));
#7914=DIRECTION('',(-2.44929359829471E-16,1.,-2.22044604925031E-16));
#7915=DIRECTION('center_axis',(0.,-2.22044604925031E-16,-1.));
#7916=DIRECTION('ref_axis',(-1.,-2.44929359829471E-16,5.43852429378756E-32));
#7917=DIRECTION('',(1.,2.44929359829471E-16,-5.43852429378756E-32));
#7918=DIRECTION('',(-2.44929359829471E-16,1.,-2.22044604925031E-16));
#7919=DIRECTION('center_axis',(1.,2.44929359829471E-16,-5.43852429378756E-32));
#7920=DIRECTION('ref_axis',(0.,-2.22044604925031E-16,-1.));
#7921=DIRECTION('',(0.,2.22044604925031E-16,1.));
#7922=DIRECTION('',(-2.44929359829471E-16,1.,-2.22044604925031E-16));
#7923=DIRECTION('center_axis',(0.,2.22044604925031E-16,1.));
#7924=DIRECTION('ref_axis',(1.,2.44929359829471E-16,-5.43852429378756E-32));
#7925=DIRECTION('',(-1.,-2.44929359829471E-16,5.43852429378756E-32));
#7926=DIRECTION('center_axis',(-1.,-2.44929359829471E-16,5.43852429378756E-32));
#7927=DIRECTION('ref_axis',(0.,2.22044604925031E-16,1.));
#7928=DIRECTION('',(-2.44929359829471E-16,1.,-2.22044604925031E-16));
#7929=DIRECTION('',(0.,-2.22044604925031E-16,-1.));
#7930=DIRECTION('',(-2.44929359829471E-16,1.,-2.22044604925031E-16));
#7931=DIRECTION('center_axis',(0.,-2.22044604925031E-16,-1.));
#7932=DIRECTION('ref_axis',(-1.,-2.44929359829471E-16,5.43852429378756E-32));
#7933=DIRECTION('',(1.,2.44929359829471E-16,-5.43852429378756E-32));
#7934=DIRECTION('center_axis',(0.,2.22044604925031E-16,1.));
#7935=DIRECTION('ref_axis',(1.,2.44929359829471E-16,-5.43852429378756E-32));
#7936=DIRECTION('',(-1.,-2.44929359829471E-16,5.43852429378756E-32));
#7937=DIRECTION('center_axis',(0.,-2.22044604925031E-16,-1.));
#7938=DIRECTION('ref_axis',(-1.,-2.44929359829471E-16,5.43852429378756E-32));
#7939=DIRECTION('',(1.,2.44929359829471E-16,-5.43852429378756E-32));
#7940=DIRECTION('',(-2.44929359829471E-16,1.,-2.22044604925031E-16));
#7941=DIRECTION('',(-2.44929359829471E-16,1.,-2.22044604925031E-16));
#7942=DIRECTION('center_axis',(1.,2.44929359829471E-16,-5.43852429378756E-32));
#7943=DIRECTION('ref_axis',(0.,-2.22044604925031E-16,-1.));
#7944=DIRECTION('',(0.,2.22044604925031E-16,1.));
#7945=DIRECTION('',(-2.44929359829471E-16,1.,-2.22044604925031E-16));
#7946=DIRECTION('center_axis',(0.,2.22044604925031E-16,1.));
#7947=DIRECTION('ref_axis',(1.,2.44929359829471E-16,-5.43852429378756E-32));
#7948=DIRECTION('',(-1.,-2.44929359829471E-16,5.43852429378756E-32));
#7949=DIRECTION('',(-2.44929359829471E-16,1.,-2.22044604925031E-16));
#7950=DIRECTION('center_axis',(-1.,-2.44929359829471E-16,5.43852429378756E-32));
#7951=DIRECTION('ref_axis',(0.,2.22044604925031E-16,1.));
#7952=DIRECTION('',(0.,-2.22044604925031E-16,-1.));
#7953=DIRECTION('center_axis',(-1.,-2.44929359829471E-16,5.43852429378756E-32));
#7954=DIRECTION('ref_axis',(0.,2.22044604925031E-16,1.));
#7955=DIRECTION('',(0.,-2.22044604925031E-16,-1.));
#7956=DIRECTION('',(-2.44929359829471E-16,1.,-2.22044604925031E-16));
#7957=DIRECTION('',(0.,2.22044604925031E-16,1.));
#7958=DIRECTION('',(-2.44929359829471E-16,1.,-2.22044604925031E-16));
#7959=DIRECTION('center_axis',(0.,-2.22044604925031E-16,-1.));
#7960=DIRECTION('ref_axis',(-1.,-2.44929359829471E-16,5.43852429378756E-32));
#7961=DIRECTION('',(1.,2.44929359829471E-16,-5.43852429378756E-32));
#7962=DIRECTION('',(-1.,-2.44929359829471E-16,5.43852429378756E-32));
#7963=DIRECTION('',(-2.44929359829471E-16,1.,-2.22044604925031E-16));
#7964=DIRECTION('center_axis',(1.,2.44929359829471E-16,-5.43852429378756E-32));
#7965=DIRECTION('ref_axis',(0.,-2.22044604925031E-16,-1.));
#7966=DIRECTION('',(0.,2.22044604925031E-16,1.));
#7967=DIRECTION('',(0.,-2.22044604925031E-16,-1.));
#7968=DIRECTION('',(-2.44929359829471E-16,1.,-2.22044604925031E-16));
#7969=DIRECTION('center_axis',(5.50520859493142E-17,2.22044604925031E-16,
1.));
#7970=DIRECTION('ref_axis',(1.,2.44929359829471E-16,-5.50520859493143E-17));
#7971=DIRECTION('',(-1.,-2.44929359829471E-16,5.50520859493143E-17));
#7972=DIRECTION('',(1.,2.44929359829471E-16,-5.50520859493143E-17));
#7973=DIRECTION('center_axis',(-2.44929359829471E-16,1.,-2.22044604925031E-16));
#7974=DIRECTION('ref_axis',(1.,2.44929359829471E-16,-5.43852429378756E-32));
#7975=DIRECTION('center_axis',(-2.44929359829471E-16,1.,-2.22044604925031E-16));
#7976=DIRECTION('ref_axis',(1.,2.44929359829471E-16,-5.43852429378756E-32));
#7977=DIRECTION('center_axis',(0.,1.,0.));
#7978=DIRECTION('ref_axis',(0.,0.,1.));
#7979=DIRECTION('',(-1.,0.,0.));
#7980=DIRECTION('',(0.,0.,-1.));
#7981=DIRECTION('',(1.,0.,0.));
#7982=DIRECTION('',(0.,0.,1.));
#7983=DIRECTION('',(-1.,0.,1.22464679914735E-16));
#7984=DIRECTION('',(1.22464679914735E-16,2.22044604925031E-16,1.));
#7985=DIRECTION('',(1.,0.,-1.22464679914735E-16));
#7986=DIRECTION('',(-1.22464679914735E-16,0.,-1.));
#7987=DIRECTION('center_axis',(-1.,0.,0.));
#7988=DIRECTION('ref_axis',(0.,0.,1.));
#7989=DIRECTION('',(0.,1.,0.));
#7990=DIRECTION('',(0.,0.,1.));
#7991=DIRECTION('',(0.,1.,0.));
#7992=DIRECTION('center_axis',(0.,0.,1.));
#7993=DIRECTION('ref_axis',(1.,0.,0.));
#7994=DIRECTION('',(0.,1.,0.));
#7995=DIRECTION('',(1.,0.,0.));
#7996=DIRECTION('center_axis',(0.,1.,0.));
#7997=DIRECTION('ref_axis',(0.,0.,1.));
#7998=DIRECTION('',(-1.,0.,0.));
#7999=DIRECTION('',(0.,0.,-1.));
#8000=DIRECTION('',(1.,0.,-1.22464679914735E-16));
#8001=DIRECTION('',(1.22464679914735E-16,0.,1.));
#8002=DIRECTION('',(-1.,0.,1.22464679914735E-16));
#8003=DIRECTION('',(-1.22464679914735E-16,0.,-1.));
#8004=DIRECTION('',(1.,0.,-1.89882149284521E-15));
#8005=DIRECTION('',(1.22464679914735E-16,0.,1.));
#8006=DIRECTION('',(-1.,0.,1.22464679914735E-16));
#8007=DIRECTION('',(-1.22464679914735E-16,0.,-1.));
#8008=DIRECTION('center_axis',(1.,0.,0.));
#8009=DIRECTION('ref_axis',(0.,0.,-1.));
#8010=DIRECTION('',(0.,1.,0.));
#8011=DIRECTION('center_axis',(0.,0.,-1.));
#8012=DIRECTION('ref_axis',(-1.,0.,0.));
#8013=DIRECTION('center_axis',(-1.,0.,1.22464679914735E-16));
#8014=DIRECTION('ref_axis',(1.22464679914735E-16,2.22044604925031E-16,1.));
#8015=DIRECTION('',(-2.71926214689378E-32,1.,-2.22044604925031E-16));
#8016=DIRECTION('',(1.22464679914735E-16,2.22044604925031E-16,1.));
#8017=DIRECTION('',(-2.71926214689378E-32,1.,-2.22044604925031E-16));
#8018=DIRECTION('center_axis',(-1.22464679914735E-16,-2.22044604925031E-16,
-1.));
#8019=DIRECTION('ref_axis',(1.,0.,-1.22464679914735E-16));
#8020=DIRECTION('',(2.71926214689378E-32,-1.,2.22044604925031E-16));
#8021=DIRECTION('',(-1.,0.,1.22464679914735E-16));
#8022=DIRECTION('',(-2.71926214689378E-32,1.,-2.22044604925031E-16));
#8023=DIRECTION('center_axis',(-1.22464679914735E-16,-2.22044604925031E-16,
-1.));
#8024=DIRECTION('ref_axis',(1.,0.,-1.22464679914735E-16));
#8025=DIRECTION('',(2.71926214689378E-32,-1.,2.22044604925031E-16));
#8026=DIRECTION('',(1.,0.,-1.22464679914735E-16));
#8027=DIRECTION('',(2.71926214689378E-32,-1.,2.22044604925031E-16));
#8028=DIRECTION('center_axis',(-1.22464679914735E-16,-2.22044604925031E-16,
-1.));
#8029=DIRECTION('ref_axis',(1.,0.,-1.22464679914735E-16));
#8030=DIRECTION('',(-1.,0.,1.22464679914735E-16));
#8031=DIRECTION('',(2.71926214689378E-32,-1.,2.22044604925031E-16));
#8032=DIRECTION('center_axis',(-1.,0.,1.22464679914735E-16));
#8033=DIRECTION('ref_axis',(-1.22464679914735E-16,-2.22044604925031E-16,
-1.));
#8034=DIRECTION('',(-1.22464679914735E-16,-2.22044604925031E-16,-1.));
#8035=DIRECTION('',(0.,1.,0.));
#8036=DIRECTION('center_axis',(-1.,0.,1.22464679914735E-16));
#8037=DIRECTION('ref_axis',(-1.22464679914735E-16,-2.22044604925031E-16,
-1.));
#8038=DIRECTION('',(-2.71926214689378E-32,1.,-2.22044604925031E-16));
#8039=DIRECTION('',(1.22464679914735E-16,2.22044604925031E-16,1.));
#8040=DIRECTION('center_axis',(1.,0.,-1.22464679914735E-16));
#8041=DIRECTION('ref_axis',(1.22464679914735E-16,2.22044604925031E-16,1.));
#8042=DIRECTION('',(2.71926214689378E-32,-1.,2.22044604925031E-16));
#8043=DIRECTION('',(1.22464679914735E-16,2.22044604925031E-16,1.));
#8044=DIRECTION('center_axis',(-2.71926214689378E-32,1.,-2.22044604925031E-16));
#8045=DIRECTION('ref_axis',(1.,0.,-1.22464679914735E-16));
#8046=DIRECTION('',(-1.22464679914735E-16,-2.22044604925031E-16,-1.));
#8047=DIRECTION('',(1.,-3.94430446733034E-31,-1.89882149284521E-15));
#8048=DIRECTION('center_axis',(-2.71926214689378E-32,1.,-2.22044604925031E-16));
#8049=DIRECTION('ref_axis',(1.,0.,-1.22464679914735E-16));
#8050=DIRECTION('',(1.,0.,-1.22464679914735E-16));
#8051=DIRECTION('',(-1.22464679914735E-16,-2.22044604925031E-16,-1.));
#8052=DIRECTION('center_axis',(1.22464679914735E-16,2.22044604925031E-16,
1.));
#8053=DIRECTION('ref_axis',(1.,0.,-1.22464679914735E-16));
#8054=DIRECTION('',(-2.71926214689378E-32,1.,-2.22044604925031E-16));
#8055=DIRECTION('center_axis',(1.89882149284521E-15,2.22044604925031E-16,
1.));
#8056=DIRECTION('ref_axis',(1.,-3.94430446733034E-31,-1.89882149284521E-15));
#8057=DIRECTION('',(-2.71926214689378E-32,1.,-2.22044604925031E-16));
#8058=DIRECTION('center_axis',(1.,0.,-1.22464679914735E-16));
#8059=DIRECTION('ref_axis',(-1.22464679914735E-16,-2.22044604925031E-16,
-1.));
#8060=DIRECTION('center_axis',(1.,0.,-1.22464679914735E-16));
#8061=DIRECTION('ref_axis',(1.22464679914735E-16,2.22044604925031E-16,1.));
#8062=DIRECTION('',(-1.22464679914735E-16,-2.22044604925031E-16,-1.));
#8063=DIRECTION('',(2.71926214689378E-32,-1.,2.22044604925031E-16));
#8064=DIRECTION('',(1.22464679914735E-16,2.22044604925031E-16,1.));
#8065=DIRECTION('',(2.71926214689378E-32,-1.,2.22044604925031E-16));
#8066=DIRECTION('center_axis',(-1.22464679914735E-16,-2.22044604925031E-16,
-1.));
#8067=DIRECTION('ref_axis',(1.,0.,-1.22464679914735E-16));
#8068=DIRECTION('',(-1.,0.,1.22464679914735E-16));
#8069=DIRECTION('',(1.,0.,-1.22464679914735E-16));
#8070=DIRECTION('',(2.71926214689378E-32,-1.,2.22044604925031E-16));
#8071=DIRECTION('center_axis',(-1.,0.,1.22464679914735E-16));
#8072=DIRECTION('ref_axis',(-1.22464679914735E-16,-2.22044604925031E-16,
-1.));
#8073=DIRECTION('',(1.22464679914735E-16,2.22044604925031E-16,1.));
#8074=DIRECTION('',(-1.22464679914735E-16,-2.22044604925031E-16,-1.));
#8075=DIRECTION('',(2.71926214689378E-32,-1.,2.22044604925031E-16));
#8076=DIRECTION('center_axis',(2.71926214689378E-32,-1.,2.22044604925031E-16));
#8077=DIRECTION('ref_axis',(-1.,0.,1.22464679914735E-16));
#8078=DIRECTION('',(-1.,0.,1.22464679914735E-16));
#8079=DIRECTION('center_axis',(1.,0.,-1.22464679914735E-16));
#8080=DIRECTION('ref_axis',(1.22464679914735E-16,2.22044604925031E-16,1.));
#8081=DIRECTION('',(-1.22464679914735E-16,-2.22044604925031E-16,-1.));
#8082=DIRECTION('',(2.71926214689378E-32,-1.,2.22044604925031E-16));
#8083=DIRECTION('',(1.22464679914735E-16,2.22044604925031E-16,1.));
#8084=DIRECTION('',(2.71926214689378E-32,-1.,2.22044604925031E-16));
#8085=DIRECTION('center_axis',(-1.22464679914735E-16,-2.22044604925031E-16,
-1.));
#8086=DIRECTION('ref_axis',(1.,0.,-1.22464679914735E-16));
#8087=DIRECTION('',(-1.,0.,1.22464679914735E-16));
#8088=DIRECTION('',(1.,0.,-1.22464679914735E-16));
#8089=DIRECTION('',(2.71926214689378E-32,-1.,2.22044604925031E-16));
#8090=DIRECTION('center_axis',(-1.,0.,1.22464679914735E-16));
#8091=DIRECTION('ref_axis',(-1.22464679914735E-16,-2.22044604925031E-16,
-1.));
#8092=DIRECTION('',(1.22464679914735E-16,2.22044604925031E-16,1.));
#8093=DIRECTION('',(-1.22464679914735E-16,-2.22044604925031E-16,-1.));
#8094=DIRECTION('',(2.71926214689378E-32,-1.,2.22044604925031E-16));
#8095=DIRECTION('center_axis',(1.22464679914735E-16,2.22044604925031E-16,
1.));
#8096=DIRECTION('ref_axis',(-1.,0.,1.22464679914735E-16));
#8097=DIRECTION('',(1.,0.,-1.22464679914735E-16));
#8098=DIRECTION('',(-1.,0.,1.22464679914735E-16));
#8099=DIRECTION('center_axis',(2.71926214689378E-32,-1.,2.22044604925031E-16));
#8100=DIRECTION('ref_axis',(-1.,0.,1.22464679914735E-16));
#8101=DIRECTION('center_axis',(1.22464679914735E-16,2.22044604925031E-16,
1.));
#8102=DIRECTION('ref_axis',(-1.,0.,1.22464679914735E-16));
#8103=DIRECTION('',(-1.,0.,1.22464679914735E-16));
#8104=DIRECTION('',(-1.,0.,1.22464679914735E-16));
#8105=DIRECTION('center_axis',(1.,0.,-1.22464679914735E-16));
#8106=DIRECTION('ref_axis',(1.22464679914735E-16,2.22044604925031E-16,1.));
#8107=DIRECTION('center_axis',(2.71926214689378E-32,-1.,2.22044604925031E-16));
#8108=DIRECTION('ref_axis',(-1.,0.,1.22464679914735E-16));
#8109=DIRECTION('center_axis',(2.08166817117217E-16,0.,1.));
#8110=DIRECTION('ref_axis',(1.,0.,-2.08166817117217E-16));
#8111=DIRECTION('',(2.22044604925031E-16,-1.,1.09476442525376E-47));
#8112=DIRECTION('',(1.,2.22044604925031E-16,-2.22044604925031E-16));
#8113=DIRECTION('',(-2.22044604925031E-16,1.,-1.09476442525376E-47));
#8114=DIRECTION('',(-1.,-2.22044604925031E-16,2.22044604925031E-16));
#8115=DIRECTION('center_axis',(-2.22044604925031E-16,1.,-1.09476442525376E-47));
#8116=DIRECTION('ref_axis',(1.,2.22044604925031E-16,-2.22044604925031E-16));
#8117=DIRECTION('',(-2.22044604925031E-16,-4.93038065763133E-32,-1.));
#8118=DIRECTION('',(-1.,-2.22044604925031E-16,2.22044604925031E-16));
#8119=DIRECTION('',(2.22044604925031E-16,4.93038065763133E-32,1.));
#8120=DIRECTION('center_axis',(-2.22044604925031E-16,1.,-1.09476442525376E-47));
#8121=DIRECTION('ref_axis',(1.,2.22044604925031E-16,-2.22044604925031E-16));
#8122=DIRECTION('',(2.22044604925031E-16,4.93038065763133E-32,1.));
#8123=DIRECTION('',(-2.22044604925031E-16,-4.93038065763133E-32,-1.));
#8124=DIRECTION('',(1.,2.22044604925031E-16,-2.22044604925031E-16));
#8125=DIRECTION('center_axis',(1.,2.22044604925031E-16,-2.22044604925031E-16));
#8126=DIRECTION('ref_axis',(2.22044604925031E-16,-1.,1.09476442525376E-47));
#8127=DIRECTION('',(2.22044604925031E-16,-1.,1.09476442525376E-47));
#8128=DIRECTION('center_axis',(2.22044604925031E-16,4.93038065763133E-32,
1.));
#8129=DIRECTION('ref_axis',(2.22044604925031E-16,-1.,1.09476442525376E-47));
#8130=DIRECTION('',(2.22044604925031E-16,-1.,1.09476442525376E-47));
#8131=DIRECTION('center_axis',(-1.,-2.22044604925031E-16,2.22044604925031E-16));
#8132=DIRECTION('ref_axis',(-2.22044604925031E-16,1.,-1.09476442525376E-47));
#8133=CARTESIAN_POINT('',(0.,0.,0.));
#8134=CARTESIAN_POINT('Origin',(14.3351607750574,10.0375876361433,173.999999418855));
#8135=CARTESIAN_POINT('',(16.608010188599,13.7654094590532,173.999999418855));
#8136=CARTESIAN_POINT('Origin',(17.6117689522133,12.3318933815475,173.999999418855));
#8137=CARTESIAN_POINT('',(10.0547938342871,9.17679796824486,173.999999418855));
#8138=CARTESIAN_POINT('',(13.331402011443,11.471103713649,173.999999418855));
#8139=CARTESIAN_POINT('Origin',(11.0585525979014,7.74328189073912,173.999999418855));
#8140=CARTESIAN_POINT('Origin',(11.0585525979014,7.74328189073912,173.999999418855));
#8141=CARTESIAN_POINT('Origin',(1.87350135405495E-15,2.42861286636753E-15,
173.999999418855));
#8142=CARTESIAN_POINT('',(16.3212219704235,14.1749854811977,173.999999418855));
#8143=CARTESIAN_POINT('Origin',(17.6117689522133,12.3318933815475,173.999999418855));
#8144=CARTESIAN_POINT('',(9.6133329273415,9.47807100775742,173.999999418855));
#8145=CARTESIAN_POINT('',(-1.29054698178985,1.84309209965023,173.999999418855));
#8146=CARTESIAN_POINT('',(12.1944268909212,5.79188680845695,173.999999418855));
#8147=CARTESIAN_POINT('Ctrl Pts',(12.1944268909212,5.79188680845695,173.999999418855));
#8148=CARTESIAN_POINT('Ctrl Pts',(12.1944268909212,5.79188680845695,174.283086638314));
#8149=CARTESIAN_POINT('Ctrl Pts',(12.170077219988,5.84403465818793,174.584674251035));
#8150=CARTESIAN_POINT('Ctrl Pts',(12.067607699053,6.05279810374047,175.138866737994));
#8151=CARTESIAN_POINT('Ctrl Pts',(11.9890636586256,6.20908221723941,175.391517917104));
#8152=CARTESIAN_POINT('Ctrl Pts',(11.7990250732306,6.56302937346344,175.790456108275));
#8153=CARTESIAN_POINT('Ctrl Pts',(11.6747083336616,6.78441478680384,175.963531749008));
#8154=CARTESIAN_POINT('Ctrl Pts',(11.3858706744131,7.25872217800373,176.193317889104));
#8155=CARTESIAN_POINT('Ctrl Pts',(11.2209204196348,7.51139660977144,176.249999418855));
#8156=CARTESIAN_POINT('Ctrl Pts',(10.8961847761679,7.9751671717068,176.249999418855));
#8157=CARTESIAN_POINT('Ctrl Pts',(10.7151647869554,8.21658945428663,176.193317889104));
#8158=CARTESIAN_POINT('Ctrl Pts',(10.3682499290747,8.65023075320612,175.963531749008));
#8159=CARTESIAN_POINT('Ctrl Pts',(10.2027345188942,8.84276854682019,175.790456108275));
#8160=CARTESIAN_POINT('Ctrl Pts',(9.93513001225656,9.14240346028187,175.391517917104));
#8161=CARTESIAN_POINT('Ctrl Pts',(9.81513462801992,9.26966303037669,175.138866737994));
#8162=CARTESIAN_POINT('Ctrl Pts',(9.65400779898104,9.43735418662378,174.584674251035));
#8163=CARTESIAN_POINT('Ctrl Pts',(9.61333292734151,9.47807100775742,174.283086638314));
#8164=CARTESIAN_POINT('Ctrl Pts',(9.61333292734151,9.47807100775742,173.999999418855));
#8165=CARTESIAN_POINT('Ctrl Pts',(9.6133329273415,9.47807100775742,173.999999418855));
#8166=CARTESIAN_POINT('Ctrl Pts',(9.6133329273415,9.47807100775742,173.716912199395));
#8167=CARTESIAN_POINT('Ctrl Pts',(9.65400779898104,9.43735418662379,173.415324586675));
#8168=CARTESIAN_POINT('Ctrl Pts',(9.81513462801992,9.26966303037669,172.861132099715));
#8169=CARTESIAN_POINT('Ctrl Pts',(9.93513001225655,9.14240346028187,172.608480920605));
#8170=CARTESIAN_POINT('Ctrl Pts',(10.2027345188942,8.84276854682019,172.209542729434));
#8171=CARTESIAN_POINT('Ctrl Pts',(10.3682499290747,8.65023075320611,172.036467088702));
#8172=CARTESIAN_POINT('Ctrl Pts',(10.7151647869554,8.21658945428663,171.806680948605));
#8173=CARTESIAN_POINT('Ctrl Pts',(10.8961847761679,7.97516717170681,171.749999418855));
#8174=CARTESIAN_POINT('Ctrl Pts',(11.2209204196348,7.51139660977144,171.749999418855));
#8175=CARTESIAN_POINT('Ctrl Pts',(11.3858706744131,7.25872217800373,171.806680948605));
#8176=CARTESIAN_POINT('Ctrl Pts',(11.6747083336616,6.78441478680383,172.036467088702));
#8177=CARTESIAN_POINT('Ctrl Pts',(11.7990250732306,6.56302937346343,172.209542729434));
#8178=CARTESIAN_POINT('Ctrl Pts',(11.9890636586256,6.2090822172394,172.608480920605));
#8179=CARTESIAN_POINT('Ctrl Pts',(12.067607699053,6.05279810374047,172.861132099715));
#8180=CARTESIAN_POINT('Ctrl Pts',(12.170077219988,5.84403465818793,173.415324586675));
#8181=CARTESIAN_POINT('Ctrl Pts',(12.1944268909212,5.79188680845695,173.716912199395));
#8182=CARTESIAN_POINT('Ctrl Pts',(12.1944268909212,5.79188680845695,173.999999418855));
#8183=CARTESIAN_POINT('Origin',(17.6117689522133,12.3318933815475,173.999999418855));
#8184=CARTESIAN_POINT('Origin',(-2.08166817117217E-15,-2.08166817117217E-16,
213.));
#8185=CARTESIAN_POINT('',(-9.8298245314679,-6.88291723621255,213.));
#8186=CARTESIAN_POINT('Origin',(-2.08166817117217E-15,-2.08166817117217E-16,
213.));
#8187=CARTESIAN_POINT('',(-9.8298245314679,-6.88291723621255,182.1));
#8188=CARTESIAN_POINT('',(-9.82982453146791,-6.88291723621255,213.));
#8189=CARTESIAN_POINT('Origin',(9.71445146547012E-16,1.87350135405495E-15,
182.1));
#8190=CARTESIAN_POINT('Origin',(9.71445146547012E-16,1.87350135405495E-15,
182.1));
#8191=CARTESIAN_POINT('',(-11.0585525979014,-7.74328189073912,182.1));
#8192=CARTESIAN_POINT('Origin',(9.71445146547012E-16,1.87350135405495E-15,
182.1));
#8193=CARTESIAN_POINT('Origin',(4.44089209850063E-15,4.23272528138341E-15,
148.7));
#8194=CARTESIAN_POINT('',(1.22872806643349,0.860364654526574,148.7));
#8195=CARTESIAN_POINT('Origin',(4.44089209850063E-15,4.23272528138341E-15,
148.7));
#8196=CARTESIAN_POINT('',(1.22872806643349,0.860364654526573,154.7));
#8197=CARTESIAN_POINT('',(1.22872806643349,0.860364654526574,148.7));
#8198=CARTESIAN_POINT('Origin',(3.7470027081099E-15,3.88578058618805E-15,
154.7));
#8199=CARTESIAN_POINT('Origin',(3.7470027081099E-15,3.88578058618805E-15,
154.7));
#8200=CARTESIAN_POINT('Origin',(3.7470027081099E-15,3.88578058618805E-15,
154.8));
#8201=CARTESIAN_POINT('',(1.67926169079244,1.17583169451965,148.7));
#8202=CARTESIAN_POINT('Origin',(4.44089209850063E-15,4.23272528138341E-15,
148.7));
#8203=CARTESIAN_POINT('',(1.67926169079244,1.17583169451965,154.8));
#8204=CARTESIAN_POINT('',(1.67926169079244,1.17583169451965,154.8));
#8205=CARTESIAN_POINT('Origin',(3.7470027081099E-15,3.88578058618805E-15,
154.8));
#8206=CARTESIAN_POINT('Origin',(4.44089209850063E-15,4.23272528138341E-15,
148.7));
#8207=CARTESIAN_POINT('Origin',(-2.08166817117217E-15,-2.08166817117217E-16,
213.));
#8208=CARTESIAN_POINT('',(-11.0585525979014,-7.74328189073912,154.8));
#8209=CARTESIAN_POINT('Origin',(3.7470027081099E-15,3.88578058618805E-15,
154.8));
#8210=CARTESIAN_POINT('',(-11.0585525979014,-7.74328189073912,213.));
#8211=CARTESIAN_POINT('Origin',(3.7470027081099E-15,3.88578058618805E-15,
154.8));
#8212=CARTESIAN_POINT('Origin',(-2.08166817117217E-15,-2.08166817117217E-16,
213.));
#8213=CARTESIAN_POINT('Origin',(-8.80415499068999,24.3578583364248,49.6848305598814));
#8214=CARTESIAN_POINT('',(-10.7788092382881,29.7831762929308,49.6848305598814));
#8215=CARTESIAN_POINT('',(-14.4899452884312,25.360416572567,49.6848305598814));
#8216=CARTESIAN_POINT('',(-10.7788092382881,29.7831762929308,49.6848305598814));
#8217=CARTESIAN_POINT('',(-12.515291040833,19.935098616061,49.6848305598814));
#8218=CARTESIAN_POINT('',(-14.4899452884312,25.360416572567,49.6848305598814));
#8219=CARTESIAN_POINT('',(-6.82950074309186,18.9325403799188,49.6848305598814));
#8220=CARTESIAN_POINT('',(-12.515291040833,19.935098616061,49.6848305598814));
#8221=CARTESIAN_POINT('',(-3.11836469294883,23.3553001002826,49.6848305598814));
#8222=CARTESIAN_POINT('',(-6.82950074309186,18.9325403799188,49.6848305598814));
#8223=CARTESIAN_POINT('',(-5.09301894054696,28.7806180567886,49.6848305598814));
#8224=CARTESIAN_POINT('',(-3.11836469294883,23.3553001002826,49.6848305598814));
#8225=CARTESIAN_POINT('',(-5.09301894054696,28.7806180567886,49.6848305598814));
#8226=CARTESIAN_POINT('Origin',(-12.515291040833,19.935098616061,7.88482896247696));
#8227=CARTESIAN_POINT('',(-14.4899452884312,25.360416572567,7.88482896247697));
#8228=CARTESIAN_POINT('',(-12.515291040833,19.935098616061,7.88482896247696));
#8229=CARTESIAN_POINT('',(-13.8914101138088,23.7159546955427,7.88482896247697));
#8230=CARTESIAN_POINT('',(-14.4899452884312,25.360416572567,-8.71517103752303));
#8231=CARTESIAN_POINT('',(-14.4899452884312,25.360416572567,7.88482896247697));
#8232=CARTESIAN_POINT('',(-12.515291040833,19.935098616061,-8.71517103752303));
#8233=CARTESIAN_POINT('',(-12.515291040833,19.935098616061,-8.71517103752303));
#8234=CARTESIAN_POINT('',(-12.515291040833,19.935098616061,7.88482896247696));
#8235=CARTESIAN_POINT('Origin',(-6.82950074309186,18.9325403799188,7.88482896247696));
#8236=CARTESIAN_POINT('',(-6.82950074309186,18.9325403799188,7.88482896247696));
#8237=CARTESIAN_POINT('',(-14.2387043510761,20.2389828815689,7.88482896247696));
#8238=CARTESIAN_POINT('',(-6.82950074309186,18.9325403799188,-8.71517103752304));
#8239=CARTESIAN_POINT('',(-6.82950074309186,18.9325403799188,-8.71517103752304));
#8240=CARTESIAN_POINT('',(-6.82950074309186,18.9325403799188,7.88482896247696));
#8241=CARTESIAN_POINT('Origin',(-3.11836469294883,23.3553001002826,7.88482896247696));
#8242=CARTESIAN_POINT('',(-3.11836469294883,23.3553001002826,7.88482896247696));
#8243=CARTESIAN_POINT('',(-6.29590502809331,19.5684549902612,7.88482896247696));
#8244=CARTESIAN_POINT('',(-3.11836469294883,23.3553001002826,-8.71517103752304));
#8245=CARTESIAN_POINT('',(-3.11836469294883,23.3553001002826,-8.71517103752304));
#8246=CARTESIAN_POINT('',(-3.11836469294883,23.3553001002826,7.88482896247696));
#8247=CARTESIAN_POINT('Origin',(-5.09301894054697,28.7806180567887,7.88482896247696));
#8248=CARTESIAN_POINT('',(-5.09301894054697,28.7806180567887,7.88482896247696));
#8249=CARTESIAN_POINT('',(-5.48181088972364,29.8488151580173,7.88482896247696));
#8250=CARTESIAN_POINT('',(-5.09301894054697,28.7806180567887,-8.71517103752303));
#8251=CARTESIAN_POINT('',(-5.09301894054697,28.7806180567887,-8.71517103752303));
#8252=CARTESIAN_POINT('',(-5.09301894054697,28.7806180567887,7.88482896247696));
#8253=CARTESIAN_POINT('Origin',(-10.7788092382881,29.7831762929308,7.88482896247697));
#8254=CARTESIAN_POINT('',(-10.7788092382881,29.7831762929308,7.88482896247697));
#8255=CARTESIAN_POINT('',(-15.3451176974018,30.5883396765099,7.88482896247697));
#8256=CARTESIAN_POINT('',(-10.7788092382881,29.7831762929308,-8.71517103752303));
#8257=CARTESIAN_POINT('',(-10.7788092382881,29.7831762929308,-8.71517103752303));
#8258=CARTESIAN_POINT('',(-10.7788092382881,29.7831762929308,7.88482896247697));
#8259=CARTESIAN_POINT('Origin',(-14.4899452884312,25.360416572567,7.88482896247697));
#8260=CARTESIAN_POINT('',(-15.8119175985041,23.7849513227275,7.88482896247697));
#8261=CARTESIAN_POINT('',(-14.4899452884312,25.360416572567,-8.71517103752303));
#8262=CARTESIAN_POINT('Origin',(-8.80415499069,24.3578583364248,-8.71517103752303));
#8263=CARTESIAN_POINT('Origin',(-5.09301894054696,28.7806180567886,33.0848305598814));
#8264=CARTESIAN_POINT('',(-10.7788092382881,29.7831762929308,33.0848305598814));
#8265=CARTESIAN_POINT('',(-5.09301894054696,28.7806180567886,33.0848305598814));
#8266=CARTESIAN_POINT('',(-9.05539587524405,29.4792920181126,33.0848305598814));
#8267=CARTESIAN_POINT('',(-10.7788092382881,29.7831762929308,33.0848305598814));
#8268=CARTESIAN_POINT('',(-5.09301894054696,28.7806180567886,33.0848305598814));
#8269=CARTESIAN_POINT('Origin',(-3.11836469294883,23.3553001002826,33.0848305598814));
#8270=CARTESIAN_POINT('',(-3.11836469294883,23.3553001002826,33.0848305598814));
#8271=CARTESIAN_POINT('',(-5.69155410702475,30.4250799114359,33.0848305598814));
#8272=CARTESIAN_POINT('',(-3.11836469294883,23.3553001002826,33.0848305598814));
#8273=CARTESIAN_POINT('Origin',(-6.82950074309186,18.9325403799188,33.0848305598814));
#8274=CARTESIAN_POINT('',(-6.82950074309186,18.9325403799188,33.0848305598814));
#8275=CARTESIAN_POINT('',(-3.65196038879081,22.7193855127701,33.0848305598814));
#8276=CARTESIAN_POINT('',(-6.82950074309186,18.9325403799188,33.0848305598814));
#8277=CARTESIAN_POINT('Origin',(-12.515291040833,19.935098616061,33.0848305598814));
#8278=CARTESIAN_POINT('',(-12.515291040833,19.935098616061,33.0848305598814));
#8279=CARTESIAN_POINT('',(-13.6347728266595,20.1324934593139,33.0848305598814));
#8280=CARTESIAN_POINT('',(-12.515291040833,19.935098616061,33.0848305598814));
#8281=CARTESIAN_POINT('Origin',(-14.4899452884312,25.360416572567,33.0848305598814));
#8282=CARTESIAN_POINT('',(-14.4899452884312,25.360416572567,33.0848305598814));
#8283=CARTESIAN_POINT('',(-16.075807578708,29.7175374054672,33.0848305598814));
#8284=CARTESIAN_POINT('',(-14.4899452884312,25.360416572567,33.0848305598814));
#8285=CARTESIAN_POINT('Origin',(-10.7788092382881,29.7831762929308,33.0848305598814));
#8286=CARTESIAN_POINT('',(-9.45683690905859,31.3586415656003,33.0848305598814));
#8287=CARTESIAN_POINT('Origin',(30.2641120504896,-8.42430906842585,20.3848286830802));
#8288=CARTESIAN_POINT('',(30.2641120504896,-8.42430906842585,10.1848286830802));
#8289=CARTESIAN_POINT('Origin',(30.2641120504896,-8.42430906842585,20.3848286830802));
#8290=CARTESIAN_POINT('',(30.2641120504896,-8.42430906842585,16.8848286830802));
#8291=CARTESIAN_POINT('Origin',(30.2641120504896,-8.42430906842585,20.3848286830802));
#8292=CARTESIAN_POINT('Origin',(28.7320231642516,-7.13873384905277,20.3848286830802));
#8293=CARTESIAN_POINT('',(32.5622453798465,-10.3526718974855,16.8848286830802));
#8294=CARTESIAN_POINT('Origin',(32.5622453798465,-10.3526718974855,20.3848286830802));
#8295=CARTESIAN_POINT('',(28.7320231642516,-7.13873384905277,16.8848286830802));
#8296=CARTESIAN_POINT('Origin',(32.5622453798465,-10.3526718974855,20.3848286830802));
#8297=CARTESIAN_POINT('Origin',(-4.20788788986443,20.5011333674684,20.3848286830802));
#8298=CARTESIAN_POINT('',(-4.20788788986443,20.5011333674684,10.1848286830802));
#8299=CARTESIAN_POINT('',(-4.20788788986443,20.5011333674684,10.1848286830802));
#8300=CARTESIAN_POINT('Origin',(-4.20788788986443,20.5011333674684,20.3848286830802));
#8301=CARTESIAN_POINT('Origin',(-14.1623793981622,28.8622420991913,20.4848297611792));
#8302=CARTESIAN_POINT('',(-9.66695348889692,34.2196820767994,33.0848305598814));
#8303=CARTESIAN_POINT('',(-18.6659801586044,23.4950597133243,33.0848305598814));
#8304=CARTESIAN_POINT('',(-11.9146664435296,31.5409620879953,33.0848305598814));
#8305=CARTESIAN_POINT('',(-9.66695348889692,34.2196820767994,24.084830425771));
#8306=CARTESIAN_POINT('',(-9.66695348889692,34.2196820767994,22.2848300934751));
#8307=CARTESIAN_POINT('',(-9.66695348889692,34.2196820767994,16.5848303140123));
#8308=CARTESIAN_POINT('Ctrl Pts',(-9.66695348889692,34.2196820767994,16.5848303140123));
#8309=CARTESIAN_POINT('Ctrl Pts',(-9.66681371465955,34.2198486532489,16.6498368614405));
#8310=CARTESIAN_POINT('Ctrl Pts',(-9.66282587043338,34.2246011809321,16.7113894449345));
#8311=CARTESIAN_POINT('Ctrl Pts',(-9.65498413353369,34.2339465990545,16.7694981259644));
#8312=CARTESIAN_POINT('Ctrl Pts',(-9.64912252680529,34.2409321899314,16.8129336862312));
#8313=CARTESIAN_POINT('Ctrl Pts',(-9.64110710092057,34.2504846025257,16.8544439675648));
#8314=CARTESIAN_POINT('Ctrl Pts',(-9.63093626879596,34.2626057282499,16.8940682823852));
#8315=CARTESIAN_POINT('Ctrl Pts',(-9.62180470049406,34.2734883075797,16.9296437527858));
#8316=CARTESIAN_POINT('Ctrl Pts',(-9.61093554001271,34.2864416686319,16.963698449606));
#8317=CARTESIAN_POINT('Ctrl Pts',(-9.59833214118484,34.3014618144639,16.9963026811002));
#8318=CARTESIAN_POINT('Ctrl Pts',(-9.58634647205072,34.3157457787141,17.0273088831889));
#8319=CARTESIAN_POINT('Ctrl Pts',(-9.57279242458749,34.3318988634726,17.0570029684678));
#8320=CARTESIAN_POINT('Ctrl Pts',(-9.55767810973851,34.3499114024935,17.0854916211785));
#8321=CARTESIAN_POINT('Ctrl Pts',(-9.54303609152423,34.3673610803032,17.1130900519414));
#8322=CARTESIAN_POINT('Ctrl Pts',(-9.52692995443087,34.386555627047,17.1395570190208));
#8323=CARTESIAN_POINT('Ctrl Pts',(-9.50937022397357,34.4074824989045,17.1650376083113));
#8324=CARTESIAN_POINT('Ctrl Pts',(-9.49236893709886,34.4277438436161,17.1897078507911));
#8325=CARTESIAN_POINT('Ctrl Pts',(-9.47400512448378,34.4496289832739,17.2134533184938));
#8326=CARTESIAN_POINT('Ctrl Pts',(-9.45428992383932,34.4731246444706,17.2364537042175));
#8327=CARTESIAN_POINT('Ctrl Pts',(-9.4348749667403,34.4962624893434,17.2591038161863));
#8328=CARTESIAN_POINT('Ctrl Pts',(-9.41414957019754,34.5209620551312,17.2810311144781));
#8329=CARTESIAN_POINT('Ctrl Pts',(-9.39212397411382,34.547211138393,17.3024581039798));
#8330=CARTESIAN_POINT('Ctrl Pts',(-9.3700103051547,34.5735651828205,17.3239707727326));
#8331=CARTESIAN_POINT('Ctrl Pts',(-9.3465854387261,34.6014818515428,17.3449792866716));
#8332=CARTESIAN_POINT('Ctrl Pts',(-9.32186343757959,34.6309443852253,17.3657609618567));
#8333=CARTESIAN_POINT('Ctrl Pts',(-9.29773040520051,34.6597050132633,17.386047541295));
#8334=CARTESIAN_POINT('Ctrl Pts',(-9.27236048144825,34.6899397110389,17.4061185757232));
#8335=CARTESIAN_POINT('Ctrl Pts',(-9.24578090976987,34.7216160110762,17.4262752713954));
#8336=CARTESIAN_POINT('Ctrl Pts',(-9.22031912398127,34.7519601857636,17.4455842908793));
#8337=CARTESIAN_POINT('Ctrl Pts',(-9.19374684026666,34.7836278003439,17.4649724887645));
#8338=CARTESIAN_POINT('Ctrl Pts',(-9.16611017715731,34.8165638928918,17.4847361127362));
#8339=CARTESIAN_POINT('Ctrl Pts',(-9.13989005545215,34.8478118171322,17.5034867348291));
#8340=CARTESIAN_POINT('Ctrl Pts',(-9.11271151213391,34.8802019437732,17.5225756852814));
#8341=CARTESIAN_POINT('Ctrl Pts',(-9.08463979425076,34.9136565144107,17.5422779977987));
#8342=CARTESIAN_POINT('Ctrl Pts',(-9.05715857517172,34.946407355977,17.5615658650003));
#8343=CARTESIAN_POINT('Ctrl Pts',(-9.02882114283726,34.9801785927665,17.5814419484832));
#8344=CARTESIAN_POINT('Ctrl Pts',(-8.99971897540398,35.0148612053574,17.6021808619622));
#8345=CARTESIAN_POINT('Ctrl Pts',(-8.96981185367414,35.0505031251231,17.6234934054826));
#8346=CARTESIAN_POINT('Ctrl Pts',(-8.93909697165527,35.0871076961152,17.6457178088499));
#8347=CARTESIAN_POINT('Ctrl Pts',(-8.90770954459515,35.1245137750764,17.6691627823914));
#8348=CARTESIAN_POINT('Ctrl Pts',(-8.87517584369052,35.1632859300099,17.6934639701076));
#8349=CARTESIAN_POINT('Ctrl Pts',(-8.84191987981752,35.2029188444307,17.7190777884648));
#8350=CARTESIAN_POINT('Ctrl Pts',(-8.80812798257642,35.2431904593683,17.7463433923018));
#8351=CARTESIAN_POINT('Ctrl Pts',(-8.77448968704383,35.283279018918,17.7734850598204));
#8352=CARTESIAN_POINT('Ctrl Pts',(-8.74032073378575,35.3239999917186,17.802264684539));
#8353=CARTESIAN_POINT('Ctrl Pts',(-8.70583411451612,35.3650995441296,17.8329940673764));
#8354=CARTESIAN_POINT('Ctrl Pts',(-8.67256909434882,35.4047432514217,17.8626349414738));
#8355=CARTESIAN_POINT('Ctrl Pts',(-8.63900903067866,35.4447385778683,17.8940907687774));
#8356=CARTESIAN_POINT('Ctrl Pts',(-8.60536528092405,35.4848336375067,17.927605584441));
#8357=CARTESIAN_POINT('Ctrl Pts',(-8.57323927829332,35.5231199165575,17.9596084694948));
#8358=CARTESIAN_POINT('Ctrl Pts',(-8.54103736653592,35.5614966605828,17.9934892639957));
#8359=CARTESIAN_POINT('Ctrl Pts',(-8.50895581201267,35.5997299684419,18.0294175550521));
#8360=CARTESIAN_POINT('Ctrl Pts',(-8.478402582975,35.6361418889129,18.0636342668635));
#8361=CARTESIAN_POINT('Ctrl Pts',(-8.44795880849782,35.6724233665182,18.099708375508));
#8362=CARTESIAN_POINT('Ctrl Pts',(-8.41780057917675,35.7083645446579,18.1377409429103));
#8363=CARTESIAN_POINT('Ctrl Pts',(-8.38808841044451,35.7437741284883,18.175210982943));
#8364=CARTESIAN_POINT('Ctrl Pts',(-8.35865362200115,35.7788531433629,18.2145823212479));
#8365=CARTESIAN_POINT('Ctrl Pts',(-8.32966748662244,35.8133974743359,18.2559003156706));
#8366=CARTESIAN_POINT('Ctrl Pts',(-8.29999341012274,35.8487616616113,18.298198928828));
#8367=CARTESIAN_POINT('Ctrl Pts',(-8.27078976797034,35.8835652070633,18.3425375659593));
#8368=CARTESIAN_POINT('Ctrl Pts',(-8.2422399531872,35.917589551399,18.3889097649068));
#8369=CARTESIAN_POINT('Ctrl Pts',(-8.21282726663662,35.9526422262635,18.4366834882273));
#8370=CARTESIAN_POINT('Ctrl Pts',(-8.18410881902687,35.9868675393762,18.4866153150534));
#8371=CARTESIAN_POINT('Ctrl Pts',(-8.15628070066716,36.0200317994065,18.5386430098276));
#8372=CARTESIAN_POINT('Ctrl Pts',(-8.1277087658956,36.0540825053178,18.5920613503056));
#8373=CARTESIAN_POINT('Ctrl Pts',(-8.10007574027491,36.0870142628756,18.6476887680663));
#8374=CARTESIAN_POINT('Ctrl Pts',(-8.07358427862681,36.1185855574677,18.7054051947153));
#8375=CARTESIAN_POINT('Ctrl Pts',(-8.04657180905955,36.1507777651194,18.7642567310743));
#8376=CARTESIAN_POINT('Ctrl Pts',(-8.02074664286347,36.1815549997129,18.8252798046877));
#8377=CARTESIAN_POINT('Ctrl Pts',(-7.99630811910049,36.2106796982051,18.8882989805667));
#8378=CARTESIAN_POINT('Ctrl Pts',(-7.97167728168485,36.2400335871838,18.9518140721573));
#8379=CARTESIAN_POINT('Ctrl Pts',(-7.94845540195284,36.2677083457812,19.0173561988116));
#8380=CARTESIAN_POINT('Ctrl Pts',(-7.92682485690206,36.2934866255553,19.0847055719715));
#8381=CARTESIAN_POINT('Ctrl Pts',(-7.90532795534067,36.3191056352207,19.1516388296236));
#8382=CARTESIAN_POINT('Ctrl Pts',(-7.88540309618822,36.3428511576976,19.2203564385064));
#8383=CARTESIAN_POINT('Ctrl Pts',(-7.86720269258088,36.3645415540833,19.2906124994345));
#8384=CARTESIAN_POINT('Ctrl Pts',(-7.84944668434653,36.3857023406867,19.3591531331076));
#8385=CARTESIAN_POINT('Ctrl Pts',(-7.83333222528833,36.404906805162,19.4291572956049));
#8386=CARTESIAN_POINT('Ctrl Pts',(-7.81897131930637,36.4220214664589,19.5003778012195));
#8387=CARTESIAN_POINT('Ctrl Pts',(-7.8047297969847,36.4389938518498,19.5710062435857));
#8388=CARTESIAN_POINT('Ctrl Pts',(-7.79221287375076,36.4539109400821,19.642830532047));
#8389=CARTESIAN_POINT('Ctrl Pts',(-7.78149701065012,36.46668160843,19.7155992509134));
#8390=CARTESIAN_POINT('Ctrl Pts',(-7.77039487527365,36.4799126181504,19.79099104721));
#8391=CARTESIAN_POINT('Ctrl Pts',(-7.76122607879342,36.4908395642954,19.8673965106977));
#8392=CARTESIAN_POINT('Ctrl Pts',(-7.75403872224017,36.499405122289,19.94452807218));
#8393=CARTESIAN_POINT('Ctrl Pts',(-7.74665804368985,36.5082010724672,20.0237342806332));
#8394=CARTESIAN_POINT('Ctrl Pts',(-7.74136663472847,36.5145071281068,20.1037062861892));
#8395=CARTESIAN_POINT('Ctrl Pts',(-7.73817968603204,36.5183051856652,20.1841236702366));
#8396=CARTESIAN_POINT('Ctrl Pts',(-7.73488700827573,36.5222292462105,20.267208952397));
#8397=CARTESIAN_POINT('Ctrl Pts',(-7.73384062865489,36.5234762728828,20.3507697027248));
#8398=CARTESIAN_POINT('Ctrl Pts',(-7.73502068705005,36.5220699340509,20.434441842561));
#8399=CARTESIAN_POINT('Ctrl Pts',(-7.73624922634228,36.5206058179358,20.5215515244843));
#8400=CARTESIAN_POINT('Ctrl Pts',(-7.73989072750922,36.5162660458377,20.608782049657));
#8401=CARTESIAN_POINT('Ctrl Pts',(-7.74588585039301,36.5091213366029,20.6957099443587));
#8402=CARTESIAN_POINT('Ctrl Pts',(-7.75217031947718,36.5016317979942,20.7868332920187));
#8403=CARTESIAN_POINT('Ctrl Pts',(-7.76104086417133,36.4910602944867,20.8776242639539));
#8404=CARTESIAN_POINT('Ctrl Pts',(-7.77239240270169,36.4775320576617,20.9675791705988));
#8405=CARTESIAN_POINT('Ctrl Pts',(-7.78443621836289,36.4631787970789,21.0630200053857));
#8406=CARTESIAN_POINT('Ctrl Pts',(-7.79927257343348,36.4454975176225,21.1575198680272));
#8407=CARTESIAN_POINT('Ctrl Pts',(-7.81673946752642,36.4246812838358,21.2504566812466));
#8408=CARTESIAN_POINT('Ctrl Pts',(-7.83563868148084,36.4021580777084,21.3510144969595));
#8409=CARTESIAN_POINT('Ctrl Pts',(-7.85761701622169,36.3759653183218,21.4497430406425));
#8410=CARTESIAN_POINT('Ctrl Pts',(-7.88243393815253,36.3463896624536,21.5458250740144));
#8411=CARTESIAN_POINT('Ctrl Pts',(-7.90622412153285,36.3180376259416,21.6379319517264));
#8412=CARTESIAN_POINT('Ctrl Pts',(-7.932622693865,36.2865770325254,21.7276026473205));
#8413=CARTESIAN_POINT('Ctrl Pts',(-7.96139414716825,36.2522885496871,21.8141131510908));
#8414=CARTESIAN_POINT('Ctrl Pts',(-7.9847099641244,36.2245018410653,21.8842195530661));
#8415=CARTESIAN_POINT('Ctrl Pts',(-8.00958375245437,36.1948584144617,21.9522492255249));
#8416=CARTESIAN_POINT('Ctrl Pts',(-8.03587783726681,36.1635223444225,22.0178474662183));
#8417=CARTESIAN_POINT('Ctrl Pts',(-8.05971266879937,36.1351170983147,22.077310384472));
#8418=CARTESIAN_POINT('Ctrl Pts',(-8.08471445700617,36.1053211273979,22.1347748427983));
#8419=CARTESIAN_POINT('Ctrl Pts',(-8.1107716693434,36.074267350982,22.1900164634783));
#8420=CARTESIAN_POINT('Ctrl Pts',(-8.13508785646381,36.0452884476231,22.2415670886144));
#8421=CARTESIAN_POINT('Ctrl Pts',(-8.16032310252404,36.0152142524708,22.2911816164855));
#8422=CARTESIAN_POINT('Ctrl Pts',(-8.18637936656113,35.984161606195,22.3387204005896));
#8423=CARTESIAN_POINT('Ctrl Pts',(-8.21117767987112,35.9546081272176,22.3839640955765));
#8424=CARTESIAN_POINT('Ctrl Pts',(-8.23671963487785,35.9241684105764,22.4273273147773));
#8425=CARTESIAN_POINT('Ctrl Pts',(-8.26291410018584,35.8929510624395,22.4687348847261));
#8426=CARTESIAN_POINT('Ctrl Pts',(-8.28819419904539,35.8628234138025,22.5086970465619));
#8427=CARTESIAN_POINT('Ctrl Pts',(-8.31408203677068,35.8319714901889,22.5468375218841));
#8428=CARTESIAN_POINT('Ctrl Pts',(-8.3404895633576,35.8005002255074,22.5831355096306));
#8429=CARTESIAN_POINT('Ctrl Pts',(-8.3658124511013,35.770321583064,22.617942626685));
#8430=CARTESIAN_POINT('Ctrl Pts',(-8.39161320558116,35.739573441221,22.6510553098948));
#8431=CARTESIAN_POINT('Ctrl Pts',(-8.4178086336684,35.7083549456885,22.682501225998));
#8432=CARTESIAN_POINT('Ctrl Pts',(-8.44340299179548,35.6778527774404,22.7132255965141));
#8433=CARTESIAN_POINT('Ctrl Pts',(-8.46937413018705,35.6469015799585,22.7423584897139));
#8434=CARTESIAN_POINT('Ctrl Pts',(-8.4956389545607,35.6156003811523,22.7699749729699));
#8435=CARTESIAN_POINT('Ctrl Pts',(-8.52250826045445,35.5835787893229,22.7982270459995));
#8436=CARTESIAN_POINT('Ctrl Pts',(-8.54968491418924,35.5511909145998,22.824892221863));
#8437=CARTESIAN_POINT('Ctrl Pts',(-8.57707404346623,35.518549821386,22.8501055738534));
#8438=CARTESIAN_POINT('Ctrl Pts',(-8.60605460286588,35.484012135606,22.8767839336375));
#8439=CARTESIAN_POINT('Ctrl Pts',(-8.63527303531864,35.4491909637605,22.9018370605946));
#8440=CARTESIAN_POINT('Ctrl Pts',(-8.66461049059617,35.4142279460359,22.9254841353751));
#8441=CARTESIAN_POINT('Ctrl Pts',(-8.69772545170506,35.3747630721658,22.9521760196674));
#8442=CARTESIAN_POINT('Ctrl Pts',(-8.73099202394367,35.3351175151871,22.9770772626636));
#8443=CARTESIAN_POINT('Ctrl Pts',(-8.7642315843042,35.2955041497112,23.0005686951854));
#8444=CARTESIAN_POINT('Ctrl Pts',(-8.80936126489986,35.2417206907287,23.0324632459841));
#8445=CARTESIAN_POINT('Ctrl Pts',(-8.85444123694165,35.1879964720938,23.0617609179952));
#8446=CARTESIAN_POINT('Ctrl Pts',(-8.89900985755027,35.1348816583666,23.0895131645927));
#8447=CARTESIAN_POINT('Ctrl Pts',(-8.93531525939427,35.0916145652884,23.112120022311));
#8448=CARTESIAN_POINT('Ctrl Pts',(-8.97128079773994,35.0487525057554,23.1337060505896));
#8449=CARTESIAN_POINT('Ctrl Pts',(-9.00665420834309,35.0065961165867,23.1548338303514));
#8450=CARTESIAN_POINT('Ctrl Pts',(-9.03642148818944,34.9711208538881,23.1726131884053));
#8451=CARTESIAN_POINT('Ctrl Pts',(-9.0657693212946,34.9361454683502,23.1900690294821));
#8452=CARTESIAN_POINT('Ctrl Pts',(-9.0945487400919,34.9018474926057,23.2075036069706));
#8453=CARTESIAN_POINT('Ctrl Pts',(-9.1211101553875,34.8701928305028,23.2235945175076));
#8454=CARTESIAN_POINT('Ctrl Pts',(-9.14718732826712,34.8391152660388,23.2396678811013));
#8455=CARTESIAN_POINT('Ctrl Pts',(-9.17266564188581,34.8087513942505,23.2559204213036));
#8456=CARTESIAN_POINT('Ctrl Pts',(-9.19729685925218,34.7793970524641,23.2716326013352));
#8457=CARTESIAN_POINT('Ctrl Pts',(-9.22136831338127,34.7507098105268,23.2875127271167));
#8458=CARTESIAN_POINT('Ctrl Pts',(-9.24477981085369,34.7228090743061,23.303691339166));
#8459=CARTESIAN_POINT('Ctrl Pts',(-9.26901902010978,34.6939219095935,23.3204419448629));
#8460=CARTESIAN_POINT('Ctrl Pts',(-9.2925506583584,34.6658779951711,23.3375124561803));
#8461=CARTESIAN_POINT('Ctrl Pts',(-9.31526865691418,34.6388037387757,23.3549896749052));
#8462=CARTESIAN_POINT('Ctrl Pts',(-9.33927168165655,34.6101980478058,23.3734554791198));
#8463=CARTESIAN_POINT('Ctrl Pts',(-9.36236621906838,34.582675049876,23.3923748180654));
#8464=CARTESIAN_POINT('Ctrl Pts',(-9.38443536019313,34.5563740716551,23.4117918148151));
#8465=CARTESIAN_POINT('Ctrl Pts',(-9.40786510993988,34.5284515832208,23.4324059099495));
#8466=CARTESIAN_POINT('Ctrl Pts',(-9.4301388240413,34.50190680442,23.4535802983351));
#8467=CARTESIAN_POINT('Ctrl Pts',(-9.45112963045246,34.4768909354681,23.4753124582492));
#8468=CARTESIAN_POINT('Ctrl Pts',(-9.47433295023394,34.4492382957584,23.4993352731022));
#8469=CARTESIAN_POINT('Ctrl Pts',(-9.49596805360717,34.4234545835872,23.5240387015931));
#8470=CARTESIAN_POINT('Ctrl Pts',(-9.51588666200468,34.39971651047,23.5493655529803));
#8471=CARTESIAN_POINT('Ctrl Pts',(-9.53587013948065,34.3759011293955,23.5747748865106));
#8472=CARTESIAN_POINT('Ctrl Pts',(-9.55412556349768,34.3541451622388,23.6008094575804));
#8473=CARTESIAN_POINT('Ctrl Pts',(-9.57053204252228,34.3345926819194,23.6273857343271));
#8474=CARTESIAN_POINT('Ctrl Pts',(-9.58643618420736,34.3156388639291,23.6531482925341));
#8475=CARTESIAN_POINT('Ctrl Pts',(-9.60060275990164,34.2987557964507,23.6794180386178));
#8476=CARTESIAN_POINT('Ctrl Pts',(-9.61295254343629,34.2840378975555,23.7061266826945));
#8477=CARTESIAN_POINT('Ctrl Pts',(-9.62552517912899,34.2690544138004,23.7333172849329));
#8478=CARTESIAN_POINT('Ctrl Pts',(-9.63621504706167,34.2563147252873,23.7609623506587));
#8479=CARTESIAN_POINT('Ctrl Pts',(-9.64497020347774,34.2458807361747,23.7890132248614));
#8480=CARTESIAN_POINT('Ctrl Pts',(-9.65486646183584,34.2340868347232,23.8207201053657));
#8481=CARTESIAN_POINT('Ctrl Pts',(-9.66229100648254,34.2252386069671,23.8529456882737));
#8482=CARTESIAN_POINT('Ctrl Pts',(-9.66720744323409,34.2193794258057,23.8856537143543));
#8483=CARTESIAN_POINT('Ctrl Pts',(-9.6728402688378,34.212666485656,23.9231277257296));
#8484=CARTESIAN_POINT('Ctrl Pts',(-9.67518154182098,34.209876265167,23.9612353703019));
#8485=CARTESIAN_POINT('Ctrl Pts',(-9.67421654653414,34.211026301767,23.9999574275292));
#8486=CARTESIAN_POINT('Ctrl Pts',(-9.67351951048007,34.2118569969886,24.0279271703284));
#8487=CARTESIAN_POINT('Ctrl Pts',(-9.67109846902126,34.2147422818449,24.0562184298475));
#8488=CARTESIAN_POINT('Ctrl Pts',(-9.66695348889692,34.2196820767994,24.084830425771));
#8489=CARTESIAN_POINT('',(-9.66695348889692,34.2196820767994,7.88482896247697));
#8490=CARTESIAN_POINT('',(-9.66695348889692,34.2196820767994,14.1848293618281));
#8491=CARTESIAN_POINT('',(-18.665978817645,23.4950613114176,7.88482896247697));
#8492=CARTESIAN_POINT('',(-16.4141791079036,26.1786517053044,7.88482896247697));
#8493=CARTESIAN_POINT('',(-18.665978817645,23.4950613114176,16.6848287657816));
#8494=CARTESIAN_POINT('',(-18.665978817645,23.4950613114176,18.5848292634804));
#8495=CARTESIAN_POINT('',(-18.6659801586044,23.4950597133243,24.084830425771));
#8496=CARTESIAN_POINT('Ctrl Pts',(-18.6659801586044,23.4950597133243,24.084830425771));
#8497=CARTESIAN_POINT('Ctrl Pts',(-18.6638473609901,23.4976014825434,24.0498493175076));
#8498=CARTESIAN_POINT('Ctrl Pts',(-18.6634634857783,23.4980589672063,24.0156635499664));
#8499=CARTESIAN_POINT('Ctrl Pts',(-18.6648243149721,23.4964371941256,23.9822750565615));
#8500=CARTESIAN_POINT('Ctrl Pts',(-18.6661003810463,23.4949164377973,23.9509662605028));
#8501=CARTESIAN_POINT('Ctrl Pts',(-18.6689122536146,23.4915653785622,23.920358078231));
#8502=CARTESIAN_POINT('Ctrl Pts',(-18.6732292450624,23.486420588495,23.8904606603797));
#8503=CARTESIAN_POINT('Ctrl Pts',(-18.6768657296889,23.4820867948769,23.8652761072705));
#8504=CARTESIAN_POINT('Ctrl Pts',(-18.6815702643243,23.4764801488238,23.8405959111001));
#8505=CARTESIAN_POINT('Ctrl Pts',(-18.6872964493405,23.4696559472588,23.8164342323378));
#8506=CARTESIAN_POINT('Ctrl Pts',(-18.6925651373299,23.4633769694192,23.7942029655628));
#8507=CARTESIAN_POINT('Ctrl Pts',(-18.6986990087699,23.456066906094,23.77241060059));
#8508=CARTESIAN_POINT('Ctrl Pts',(-18.7056333471915,23.4478028833678,23.7510762393605));
#8509=CARTESIAN_POINT('Ctrl Pts',(-18.7123637960413,23.4397818467713,23.7303691699517));
#8510=CARTESIAN_POINT('Ctrl Pts',(-18.7198484498982,23.430861983648,23.7100935518903));
#8511=CARTESIAN_POINT('Ctrl Pts',(-18.727996621987,23.4211513702882,23.6902756302779));
#8512=CARTESIAN_POINT('Ctrl Pts',(-18.7364971344114,23.4110208540675,23.6696007492053));
#8513=CARTESIAN_POINT('Ctrl Pts',(-18.7457199778586,23.4000294972553,23.6494239973711));
#8514=CARTESIAN_POINT('Ctrl Pts',(-18.75552382619,23.3883457257851,23.6297854069085));
#8515=CARTESIAN_POINT('Ctrl Pts',(-18.7680134338274,23.3734611910131,23.6047668344932));
#8516=CARTESIAN_POINT('Ctrl Pts',(-18.7814428017957,23.3574566934907,23.5806231311411));
#8517=CARTESIAN_POINT('Ctrl Pts',(-18.7954742434743,23.340734672461,23.557444343345));
#8518=CARTESIAN_POINT('Ctrl Pts',(-18.8068710427031,23.327152496036,23.5386177682197));
#8519=CARTESIAN_POINT('Ctrl Pts',(-18.8186629383751,23.3130994620053,23.5204283568382));
#8520=CARTESIAN_POINT('Ctrl Pts',(-18.8306845386149,23.2987726767308,23.5029137445436));
#8521=CARTESIAN_POINT('Ctrl Pts',(-18.8407951960085,23.2867232644586,23.4881832393895));
#8522=CARTESIAN_POINT('Ctrl Pts',(-18.8510679364386,23.2744806891451,23.4739301176608));
#8523=CARTESIAN_POINT('Ctrl Pts',(-18.8614281174093,23.2621339062534,23.4601656190995));
#8524=CARTESIAN_POINT('Ctrl Pts',(-18.8708289758931,23.2509303993819,23.4476756728871));
#8525=CARTESIAN_POINT('Ctrl Pts',(-18.880301503994,23.2396414799866,23.4355881308768));
#8526=CARTESIAN_POINT('Ctrl Pts',(-18.8898165351923,23.2283019073725,23.4239001980612));
#8527=CARTESIAN_POINT('Ctrl Pts',(-18.8990584314959,23.2172878442503,23.4125477746342));
#8528=CARTESIAN_POINT('Ctrl Pts',(-18.9083402624798,23.2062261888293,23.4015724154759));
#8529=CARTESIAN_POINT('Ctrl Pts',(-18.9176660665716,23.1951121282991,23.3909590906314));
#8530=CARTESIAN_POINT('Ctrl Pts',(-18.9269387173917,23.1840614133713,23.3804062574006));
#8531=CARTESIAN_POINT('Ctrl Pts',(-18.9362547604524,23.172958985585,23.3702114000868));
#8532=CARTESIAN_POINT('Ctrl Pts',(-18.9456503609037,23.1617617449926,23.360346428001));
#8533=CARTESIAN_POINT('Ctrl Pts',(-18.9557804825387,23.1496891361407,23.3497102405988));
#8534=CARTESIAN_POINT('Ctrl Pts',(-18.9660032439457,23.1375061235076,23.3394576215956));
#8535=CARTESIAN_POINT('Ctrl Pts',(-18.9764038413864,23.1251111741425,23.3295358266801));
#8536=CARTESIAN_POINT('Ctrl Pts',(-18.9887234276736,23.1104292629255,23.3177833856033));
#8537=CARTESIAN_POINT('Ctrl Pts',(-19.001293420799,23.0954489284594,23.3064953357258));
#8538=CARTESIAN_POINT('Ctrl Pts',(-19.0143013155432,23.0799467231659,23.2955573681746));
#8539=CARTESIAN_POINT('Ctrl Pts',(-19.0293506826193,23.0620115858868,23.2829027847865));
#8540=CARTESIAN_POINT('Ctrl Pts',(-19.0449888215231,23.0433747776666,23.2707169023818));
#8541=CARTESIAN_POINT('Ctrl Pts',(-19.0615317312285,23.0236597055933,23.2587871056211));
#8542=CARTESIAN_POINT('Ctrl Pts',(-19.0754573091094,23.0070638481248,23.2487447783127));
#8543=CARTESIAN_POINT('Ctrl Pts',(-19.0900260153151,22.9897015401647,23.2388829391615));
#8544=CARTESIAN_POINT('Ctrl Pts',(-19.1054110940578,22.9713663173007,23.2290602593214));
#8545=CARTESIAN_POINT('Ctrl Pts',(-19.118459527015,22.9558158004463,23.2207294225739));
#8546=CARTESIAN_POINT('Ctrl Pts',(-19.1320956882981,22.9395648562479,23.2124263798555));
#8547=CARTESIAN_POINT('Ctrl Pts',(-19.146399098664,22.922518715558,23.204061217986));
#8548=CARTESIAN_POINT('Ctrl Pts',(-19.1601363817862,22.9061472590446,23.1960271482065));
#8549=CARTESIAN_POINT('Ctrl Pts',(-19.1744892863745,22.8890421334373,23.1879356711773));
#8550=CARTESIAN_POINT('Ctrl Pts',(-19.189496941955,22.8711567059829,23.1797065156154));
#8551=CARTESIAN_POINT('Ctrl Pts',(-19.2042792206279,22.8535398722678,23.1716009410901));
#8552=CARTESIAN_POINT('Ctrl Pts',(-19.2196968646986,22.8351658395571,23.1633617166513));
#8553=CARTESIAN_POINT('Ctrl Pts',(-19.2357544113679,22.8160292006258,23.1549127970128));
#8554=CARTESIAN_POINT('Ctrl Pts',(-19.252534410535,22.7960315763346,23.1460837481289));
#8555=CARTESIAN_POINT('Ctrl Pts',(-19.2700130417862,22.7752013547474,23.1370257007472));
#8556=CARTESIAN_POINT('Ctrl Pts',(-19.2881580891769,22.7535769293318,23.1276533945838));
#8557=CARTESIAN_POINT('Ctrl Pts',(-19.307516859258,22.7305060455394,23.1176541746182));
#8558=CARTESIAN_POINT('Ctrl Pts',(-19.3276339055687,22.7065314833262,23.1072972474326));
#8559=CARTESIAN_POINT('Ctrl Pts',(-19.3484319918171,22.6817452893206,23.0964808020917));
#8560=CARTESIAN_POINT('Ctrl Pts',(-19.3705572939105,22.6553773810636,23.0849741125873));
#8561=CARTESIAN_POINT('Ctrl Pts',(-19.39345309677,22.6280912257504,23.072947346072));
#8562=CARTESIAN_POINT('Ctrl Pts',(-19.4169889503925,22.600042287641,23.0602801106577));
#8563=CARTESIAN_POINT('Ctrl Pts',(-19.4429911811425,22.5690540357292,23.0462854460285));
#8564=CARTESIAN_POINT('Ctrl Pts',(-19.4697742964821,22.5371351618024,23.0315089660314));
#8565=CARTESIAN_POINT('Ctrl Pts',(-19.4971218289818,22.5045436416974,23.0157919556519));
#8566=CARTESIAN_POINT('Ctrl Pts',(-19.5340529769316,22.4605308134496,22.994567107097));
#8567=CARTESIAN_POINT('Ctrl Pts',(-19.5720123382648,22.4152926082081,22.9716265245692));
#8568=CARTESIAN_POINT('Ctrl Pts',(-19.6104024743017,22.3695410256659,22.9465908176178));
#8569=CARTESIAN_POINT('Ctrl Pts',(-19.6434727931245,22.3301293544007,22.9250243712255));
#8570=CARTESIAN_POINT('Ctrl Pts',(-19.676859580703,22.2903405303587,22.9019033843639));
#8571=CARTESIAN_POINT('Ctrl Pts',(-19.7101810876881,22.2506295046986,22.8769936438656));
#8572=CARTESIAN_POINT('Ctrl Pts',(-19.7377411755424,22.217784670986,22.8563908951103));
#8573=CARTESIAN_POINT('Ctrl Pts',(-19.7652558801972,22.1849939228645,22.8345646254605));
#8574=CARTESIAN_POINT('Ctrl Pts',(-19.7925293110418,22.1524907136731,22.8113865645031));
#8575=CARTESIAN_POINT('Ctrl Pts',(-19.8191363505686,22.1207816787287,22.7887748297504));
#8576=CARTESIAN_POINT('Ctrl Pts',(-19.845513140353,22.0893470447421,22.7648765135154));
#8577=CARTESIAN_POINT('Ctrl Pts',(-19.8715092636489,22.0583660714106,22.7395762542122));
#8578=CARTESIAN_POINT('Ctrl Pts',(-19.8982109392249,22.0265442536147,22.7135893288459));
#8579=CARTESIAN_POINT('Ctrl Pts',(-19.9245111223663,21.9952009158701,22.6861229718494));
#8580=CARTESIAN_POINT('Ctrl Pts',(-19.9502832005387,21.9644869491195,22.6570595680443));
#8581=CARTESIAN_POINT('Ctrl Pts',(-19.976917252051,21.9327457225443,22.6270241091695));
#8582=CARTESIAN_POINT('Ctrl Pts',(-20.0029874858689,21.901676427732,22.5952825086385));
#8583=CARTESIAN_POINT('Ctrl Pts',(-20.0283902106768,21.8714026391806,22.5617191867167));
#8584=CARTESIAN_POINT('Ctrl Pts',(-20.0545399615664,21.8402385796124,22.5271688574147));
#8585=CARTESIAN_POINT('Ctrl Pts',(-20.0799827016927,21.8099171026615,22.4906875011519));
#8586=CARTESIAN_POINT('Ctrl Pts',(-20.1046385690479,21.7805333841624,22.4521721745234));
#8587=CARTESIAN_POINT('Ctrl Pts',(-20.1297189778943,21.750643716816,22.4129936648091));
#8588=CARTESIAN_POINT('Ctrl Pts',(-20.1539856028377,21.7217238793595,22.3717099387883));
#8589=CARTESIAN_POINT('Ctrl Pts',(-20.17738242586,21.6938406314675,22.3282452674475));
#8590=CARTESIAN_POINT('Ctrl Pts',(-20.2007643994825,21.6659750804009,22.2848081820863));
#8591=CARTESIAN_POINT('Ctrl Pts',(-20.2232782136388,21.6391441614971,22.2391923722397));
#8592=CARTESIAN_POINT('Ctrl Pts',(-20.2448884221834,21.6133901178274,22.1913629856582));
#8593=CARTESIAN_POINT('Ctrl Pts',(-20.2661233180307,21.588083354413,22.1443642701944));
#8594=CARTESIAN_POINT('Ctrl Pts',(-20.2864862613965,21.563815743501,22.0952278183991));
#8595=CARTESIAN_POINT('Ctrl Pts',(-20.3059552593071,21.5406134952968,22.0439666777319));
#8596=CARTESIAN_POINT('Ctrl Pts',(-20.3248920692527,21.5180454840119,21.994106767999));
#8597=CARTESIAN_POINT('Ctrl Pts',(-20.3429835649273,21.4964848790463,21.9422365659367));
#8598=CARTESIAN_POINT('Ctrl Pts',(-20.3602136503137,21.4759508628863,21.8884158609326));
#8599=CARTESIAN_POINT('Ctrl Pts',(-20.3767703092681,21.4562194050961,21.8366987024014));
#8600=CARTESIAN_POINT('Ctrl Pts',(-20.3925319668585,21.4374353930375,21.7831803988365));
#8601=CARTESIAN_POINT('Ctrl Pts',(-20.4074824766821,21.4196180692441,21.7279605672475));
#8602=CARTESIAN_POINT('Ctrl Pts',(-20.4220790090207,21.4022225993902,21.6740481544251));
#8603=CARTESIAN_POINT('Ctrl Pts',(-20.4359026593635,21.3857482144313,21.6185136575103));
#8604=CARTESIAN_POINT('Ctrl Pts',(-20.4489313660074,21.3702212064816,21.5614977795352));
#8605=CARTESIAN_POINT('Ctrl Pts',(-20.4619548481458,21.3547004248551,21.5045047649015));
#8606=CARTESIAN_POINT('Ctrl Pts',(-20.4741841637142,21.3401260940914,21.4460315449411));
#8607=CARTESIAN_POINT('Ctrl Pts',(-20.4855869878694,21.3265367374388,21.3862684895843));
#8608=CARTESIAN_POINT('Ctrl Pts',(-20.4976190396934,21.3121974964513,21.323207604892));
#8609=CARTESIAN_POINT('Ctrl Pts',(-20.5087308513978,21.2989549549323,21.2587106486876));
#8610=CARTESIAN_POINT('Ctrl Pts',(-20.5188709295865,21.2868704803218,21.193058966121));
#8611=CARTESIAN_POINT('Ctrl Pts',(-20.5300542134331,21.2735427616206,21.1206530746191));
#8612=CARTESIAN_POINT('Ctrl Pts',(-20.5400551540239,21.2616241047422,21.0468431668211));
#8613=CARTESIAN_POINT('Ctrl Pts',(-20.5487923558847,21.2512115130354,20.9720699431263));
#8614=CARTESIAN_POINT('Ctrl Pts',(-20.5588437739787,21.2392326994112,20.8860496192776));
#8615=CARTESIAN_POINT('Ctrl Pts',(-20.5672220543601,21.2292478536668,20.7987551709533));
#8616=CARTESIAN_POINT('Ctrl Pts',(-20.5737961436006,21.2214131591964,20.7109273951606));
#8617=CARTESIAN_POINT('Ctrl Pts',(-20.5809411015383,21.2128981299053,20.6154729921486));
#8618=CARTESIAN_POINT('Ctrl Pts',(-20.5859533220694,21.2069247980805,20.5193921633243));
#8619=CARTESIAN_POINT('Ctrl Pts',(-20.5886744715908,21.2036818583624,20.4236782479934));
#8620=CARTESIAN_POINT('Ctrl Pts',(-20.5910391164424,21.2008637843652,20.3405040543888));
#8621=CARTESIAN_POINT('Ctrl Pts',(-20.5916732091204,21.2001081021382,20.2576094013152));
#8622=CARTESIAN_POINT('Ctrl Pts',(-20.5904935677427,21.201513943988,20.1756330636999));
#8623=CARTESIAN_POINT('Ctrl Pts',(-20.5894608863069,21.2027446457992,20.10386935344));
#8624=CARTESIAN_POINT('Ctrl Pts',(-20.5870381927881,21.2056318995039,20.0328101397328));
#8625=CARTESIAN_POINT('Ctrl Pts',(-20.5831892654806,21.2102188724503,19.9628552215002));
#8626=CARTESIAN_POINT('Ctrl Pts',(-20.5796418944268,21.214446464648,19.8983811402355));
#8627=CARTESIAN_POINT('Ctrl Pts',(-20.57488294925,21.2201179546593,19.834845538323));
#8628=CARTESIAN_POINT('Ctrl Pts',(-20.5689028064419,21.2272448113351,19.7725274063211));
#8629=CARTESIAN_POINT('Ctrl Pts',(-20.5632163141846,21.234021708912,19.7132693607381));
#8630=CARTESIAN_POINT('Ctrl Pts',(-20.5564255663015,21.2421146070981,19.6551124272626));
#8631=CARTESIAN_POINT('Ctrl Pts',(-20.5485408666419,21.251511226244,19.5982593034126));
#8632=CARTESIAN_POINT('Ctrl Pts',(-20.5410107275382,21.2604852965735,19.5439627607982));
#8633=CARTESIAN_POINT('Ctrl Pts',(-20.5324827801674,21.2706485084902,19.4908555927765));
#8634=CARTESIAN_POINT('Ctrl Pts',(-20.5229838353908,21.2819689100535,19.4390765198641));
#8635=CARTESIAN_POINT('Ctrl Pts',(-20.513913013234,21.2927790949466,19.3896311579967));
#8636=CARTESIAN_POINT('Ctrl Pts',(-20.5039566807351,21.3046445899712,19.3413971031886));
#8637=CARTESIAN_POINT('Ctrl Pts',(-20.4931556339782,21.3175167762475,19.2944566467661));
#8638=CARTESIAN_POINT('Ctrl Pts',(-20.482419224339,21.3303119310067,19.247797097914));
#8639=CARTESIAN_POINT('Ctrl Pts',(-20.470848123729,21.3441018317289,19.2024159175029));
#8640=CARTESIAN_POINT('Ctrl Pts',(-20.4585014836312,21.3588159844218,19.1583506526986));
#8641=CARTESIAN_POINT('Ctrl Pts',(-20.4458709330536,21.3738684884492,19.1132721089473));
#8642=CARTESIAN_POINT('Ctrl Pts',(-20.4324288438167,21.3898881465893,19.0695706398447));
#8643=CARTESIAN_POINT('Ctrl Pts',(-20.418258048058,21.4067762433446,19.0272406282037));
#8644=CARTESIAN_POINT('Ctrl Pts',(-20.403280786958,21.4246254480678,18.9825015996047));
#8645=CARTESIAN_POINT('Ctrl Pts',(-20.3874896722449,21.4434445657582,18.9392944229818));
#8646=CARTESIAN_POINT('Ctrl Pts',(-20.3710028507951,21.4630927944515,18.8975620756935));
#8647=CARTESIAN_POINT('Ctrl Pts',(-20.3528634738399,21.4847104621052,18.8516466892142));
#8648=CARTESIAN_POINT('Ctrl Pts',(-20.3338823025333,21.5073313412015,18.807516197113));
#8649=CARTESIAN_POINT('Ctrl Pts',(-20.3142363993881,21.5307444168546,18.7650397971792));
#8650=CARTESIAN_POINT('Ctrl Pts',(-20.2914233843913,21.5579319094349,18.715715785881));
#8651=CARTESIAN_POINT('Ctrl Pts',(-20.2677147302148,21.5861867832253,18.6686216977643));
#8652=CARTESIAN_POINT('Ctrl Pts',(-20.2434043957763,21.6151587116295,18.6234889083877));
#8653=CARTESIAN_POINT('Ctrl Pts',(-20.2160330980936,21.6477785539768,18.5726733584657));
#8654=CARTESIAN_POINT('Ctrl Pts',(-20.1879013035328,21.6813047212109,18.5243410612624));
#8655=CARTESIAN_POINT('Ctrl Pts',(-20.1594251098536,21.7152413273314,18.4780600438674));
#8656=CARTESIAN_POINT('Ctrl Pts',(-20.1366586733511,21.7423733098238,18.44105882609));
#8657=CARTESIAN_POINT('Ctrl Pts',(-20.1136725654939,21.7697670864425,18.405366793029));
#8658=CARTESIAN_POINT('Ctrl Pts',(-20.0906610107958,21.797191189425,18.3707700011153));
#8659=CARTESIAN_POINT('Ctrl Pts',(-20.0699576716781,21.8218644681972,18.3396435029376));
#8660=CARTESIAN_POINT('Ctrl Pts',(-20.0492338795488,21.8465621219196,18.3094029826783));
#8661=CARTESIAN_POINT('Ctrl Pts',(-20.028611169752,21.8711393104089,18.2799123993633));
#8662=CARTESIAN_POINT('Ctrl Pts',(-20.0086329196363,21.894948461758,18.2513433967768));
#8663=CARTESIAN_POINT('Ctrl Pts',(-19.9887499296714,21.9186440864803,18.2234773959292));
#8664=CARTESIAN_POINT('Ctrl Pts',(-19.9690490634986,21.9421226645188,18.1962197018247));
#8665=CARTESIAN_POINT('Ctrl Pts',(-19.9499638493938,21.9648675369937,18.169813810661));
#8666=CARTESIAN_POINT('Ctrl Pts',(-19.9310498538492,21.9874083591343,18.14397818999));
#8667=CARTESIAN_POINT('Ctrl Pts',(-19.9123582585638,22.009684134967,18.1186649754382));
#8668=CARTESIAN_POINT('Ctrl Pts',(-19.894250775631,22.031263792805,18.0941427988412));
#8669=CARTESIAN_POINT('Ctrl Pts',(-19.8763518766945,22.052594869916,18.0701110837224));
#8670=CARTESIAN_POINT('Ctrl Pts',(-19.8586806819397,22.0736545797505,18.0465652322737));
#8671=CARTESIAN_POINT('Ctrl Pts',(-19.840220391203,22.0956546975563,18.0219679557784));
#8672=CARTESIAN_POINT('Ctrl Pts',(-19.8220086774213,22.117358572883,17.9979008597608));
#8673=CARTESIAN_POINT('Ctrl Pts',(-19.8040364220487,22.1387770727902,17.9744021718158));
#8674=CARTESIAN_POINT('Ctrl Pts',(-19.7836474948007,22.1630756500872,17.9477436902283));
#8675=CARTESIAN_POINT('Ctrl Pts',(-19.7635665436398,22.1870071957759,17.921817590671));
#8676=CARTESIAN_POINT('Ctrl Pts',(-19.7437417890593,22.2106334182695,17.8967288134911));
#8677=CARTESIAN_POINT('Ctrl Pts',(-19.7191229327187,22.239973028759,17.8655729674682));
#8678=CARTESIAN_POINT('Ctrl Pts',(-19.6948986756596,22.2688423741371,17.8357109958019));
#8679=CARTESIAN_POINT('Ctrl Pts',(-19.6709187669001,22.2974205165513,17.8073875345603));
#8680=CARTESIAN_POINT('Ctrl Pts',(-19.6486289814516,22.3239844484377,17.7810603337121));
#8681=CARTESIAN_POINT('Ctrl Pts',(-19.6265480226357,22.3502995104345,17.7560661359686));
#8682=CARTESIAN_POINT('Ctrl Pts',(-19.6045409946927,22.3765264650479,17.7325831403535));
#8683=CARTESIAN_POINT('Ctrl Pts',(-19.5865884588532,22.3979214641308,17.7134265635776));
#8684=CARTESIAN_POINT('Ctrl Pts',(-19.5686844262073,22.4192586593585,17.6952761261716));
#8685=CARTESIAN_POINT('Ctrl Pts',(-19.5507624819463,22.4406172008178,17.6781948122148));
#8686=CARTESIAN_POINT('Ctrl Pts',(-19.5347588080581,22.4596896366688,17.6629417919975));
#8687=CARTESIAN_POINT('Ctrl Pts',(-19.5187405253484,22.4787794826353,17.6485416715664));
#8688=CARTESIAN_POINT('Ctrl Pts',(-19.5026723726905,22.4979287612916,17.6350039368427));
#8689=CARTESIAN_POINT('Ctrl Pts',(-19.4873085978165,22.5162385951935,17.6220596542591));
#8690=CARTESIAN_POINT('Ctrl Pts',(-19.4718989858144,22.5346030556575,17.609904189972));
#8691=CARTESIAN_POINT('Ctrl Pts',(-19.4564285607842,22.5530399902662,17.5985053998973));
#8692=CARTESIAN_POINT('Ctrl Pts',(-19.4410611655345,22.5713541387639,17.5871825233697));
#8693=CARTESIAN_POINT('Ctrl Pts',(-19.4256337045937,22.5897398707647,17.5766062704208));
#8694=CARTESIAN_POINT('Ctrl Pts',(-19.4101494809966,22.6081932498651,17.5667020659911));
#8695=CARTESIAN_POINT('Ctrl Pts',(-19.3940798593751,22.627344279164,17.5564234222703));
#8696=CARTESIAN_POINT('Ctrl Pts',(-19.3779490065027,22.6465682810264,17.5468686573211));
#8697=CARTESIAN_POINT('Ctrl Pts',(-19.3617818753495,22.6658355176602,17.5379060092384));
#8698=CARTESIAN_POINT('Ctrl Pts',(-19.3437421137791,22.6873344683212,17.5279052222765));
#8699=CARTESIAN_POINT('Ctrl Pts',(-19.3256573457298,22.7088870556152,17.5186409473972));
#8700=CARTESIAN_POINT('Ctrl Pts',(-19.3075878188235,22.7304214792222,17.5098759983816));
#8701=CARTESIAN_POINT('Ctrl Pts',(-19.2853800153279,22.7568877088218,17.4991037038772));
#8702=CARTESIAN_POINT('Ctrl Pts',(-19.2631953684271,22.7833263414662,17.4890840570879));
#8703=CARTESIAN_POINT('Ctrl Pts',(-19.2411801713508,22.8095630316736,17.4793176810679));
#8704=CARTESIAN_POINT('Ctrl Pts',(-19.2190664884315,22.8359170927381,17.4695076147838));
#8705=CARTESIAN_POINT('Ctrl Pts',(-19.1971252156283,22.8620656834275,17.4599488786426));
#8706=CARTESIAN_POINT('Ctrl Pts',(-19.1755221598677,22.8878112027412,17.4501299867267));
#8707=CARTESIAN_POINT('Ctrl Pts',(-19.1581280133355,22.908540739361,17.4422241031026));
#8708=CARTESIAN_POINT('Ctrl Pts',(-19.140953836377,22.9290081264512,17.4341484254549));
#8709=CARTESIAN_POINT('Ctrl Pts',(-19.1240839926763,22.949112823288,17.4256633305147));
#8710=CARTESIAN_POINT('Ctrl Pts',(-19.1085501878662,22.967625290977,17.4178502285716));
#8711=CARTESIAN_POINT('Ctrl Pts',(-19.0932747137196,22.9858298921699,17.409689353733));
#8712=CARTESIAN_POINT('Ctrl Pts',(-19.0783154120756,23.0036576936468,17.4010305456556));
#8713=CARTESIAN_POINT('Ctrl Pts',(-19.0638618651438,23.0208827601285,17.3926644807217));
#8714=CARTESIAN_POINT('Ctrl Pts',(-19.0497037094049,23.0377557930948,17.3838329782818));
#8715=CARTESIAN_POINT('Ctrl Pts',(-19.0358815210848,23.0542284356829,17.3744456559693));
#8716=CARTESIAN_POINT('Ctrl Pts',(-19.0215144742503,23.0713504153628,17.3646882936625));
#8717=CARTESIAN_POINT('Ctrl Pts',(-19.0075103932288,23.0880398292311,17.3543305756323));
#8718=CARTESIAN_POINT('Ctrl Pts',(-18.9938997712954,23.1042603368177,17.34332614032));
#8719=CARTESIAN_POINT('Ctrl Pts',(-18.9794842504426,23.1214400855832,17.3316709295961));
#8720=CARTESIAN_POINT('Ctrl Pts',(-18.9655100463894,23.1380938934672,17.3192905833145));
#8721=CARTESIAN_POINT('Ctrl Pts',(-18.9519974181314,23.1541976167391,17.3061865882277));
#8722=CARTESIAN_POINT('Ctrl Pts',(-18.9373214034679,23.1716878099392,17.2919543885128));
#8723=CARTESIAN_POINT('Ctrl Pts',(-18.9231897794229,23.188529223664,17.2768691122794));
#8724=CARTESIAN_POINT('Ctrl Pts',(-18.9096111878677,23.2047115589324,17.2609909676673));
#8725=CARTESIAN_POINT('Ctrl Pts',(-18.8939086431264,23.2234251230407,17.2426291754914));
#8726=CARTESIAN_POINT('Ctrl Pts',(-18.878945567056,23.2412574227039,17.2232080613082));
#8727=CARTESIAN_POINT('Ctrl Pts',(-18.8647142890097,23.2582175994427,17.2028843333696));
#8728=CARTESIAN_POINT('Ctrl Pts',(-18.8454930009221,23.2811246385754,17.1754343581496));
#8729=CARTESIAN_POINT('Ctrl Pts',(-18.8276059772479,23.3024415633,17.1463440413226));
#8730=CARTESIAN_POINT('Ctrl Pts',(-18.8110016177506,23.3222298683837,17.1160603406865));
#8731=CARTESIAN_POINT('Ctrl Pts',(-18.7986388841581,23.3369632005568,17.0935126884739));
#8732=CARTESIAN_POINT('Ctrl Pts',(-18.7869861549673,23.3508503824334,17.0703060074125));
#8733=CARTESIAN_POINT('Ctrl Pts',(-18.7760233715077,23.3639153190063,17.0465880149712));
#8734=CARTESIAN_POINT('Ctrl Pts',(-18.76473425942,23.3773691588939,17.0221640102331));
#8735=CARTESIAN_POINT('Ctrl Pts',(-18.7541767730551,23.3899510811981,16.9971975735527));
#8736=CARTESIAN_POINT('Ctrl Pts',(-18.7443359190208,23.4016789543477,16.9717947638244));
#8737=CARTESIAN_POINT('Ctrl Pts',(-18.7334235011046,23.4146838676031,16.9436258594761));
#8738=CARTESIAN_POINT('Ctrl Pts',(-18.7233922939594,23.4266385947565,16.9149201662207));
#8739=CARTESIAN_POINT('Ctrl Pts',(-18.7142304461113,23.4375572598443,16.8857571334242));
#8740=CARTESIAN_POINT('Ctrl Pts',(-18.7041322835868,23.4495917813114,16.8536137219893));
#8741=CARTESIAN_POINT('Ctrl Pts',(-18.6950903457195,23.4603675432489,16.8209137422824));
#8742=CARTESIAN_POINT('Ctrl Pts',(-18.6870976502521,23.4698928667866,16.7876985685987));
#8743=CARTESIAN_POINT('Ctrl Pts',(-18.6789744693829,23.4795736967707,16.753941137888));
#8744=CARTESIAN_POINT('Ctrl Pts',(-18.6719353356699,23.487962609662,16.7196492427633));
#8745=CARTESIAN_POINT('Ctrl Pts',(-18.665978817645,23.4950613114176,16.6848287657816));
#8746=CARTESIAN_POINT('',(-18.6659801586044,23.4950597133243,26.7848301605303));
#8747=CARTESIAN_POINT('',(-19.0195119950705,23.0737368771195,21.8348286841978));
#8748=CARTESIAN_POINT('Origin',(-19.0195119950705,23.0737368771195,20.3348286841978));
#8749=CARTESIAN_POINT('',(-9.37769806528373,34.5644032670677,21.8348286841978));
#8750=CARTESIAN_POINT('Origin',(-9.37769806528373,34.5644032670677,20.3348286841978));
#8751=CARTESIAN_POINT('Origin',(-11.9650868182539,36.148044905859,7.88482896247697));
#8752=CARTESIAN_POINT('',(-1.24046461458815,27.1490183702474,16.5848303140123));
#8753=CARTESIAN_POINT('',(-11.9650868182539,36.148044905859,16.5848303140123));
#8754=CARTESIAN_POINT('',(-1.24046461458816,27.1490183702474,12.8973375081155));
#8755=CARTESIAN_POINT('',(-1.24046461458815,27.1490183702474,16.5848303140123));
#8756=CARTESIAN_POINT('',(0.2916242716498,25.8634431508743,12.8973375081154));
#8757=CARTESIAN_POINT('',(-1.24046461458816,27.1490183702474,12.8973375081155));
#8758=CARTESIAN_POINT('',(0.2916242716498,25.8634431508743,7.88482896247696));
#8759=CARTESIAN_POINT('',(0.2916242716498,25.8634431508743,7.88482896247696));
#8760=CARTESIAN_POINT('',(-11.9650868182539,36.148044905859,7.88482896247697));
#8761=CARTESIAN_POINT('Ctrl Pts',(-11.9650868182539,36.148044905859,16.5848303140123));
#8762=CARTESIAN_POINT('Ctrl Pts',(-1.24046461458815,27.1490183702474,16.5848303140123));
#8763=CARTESIAN_POINT('Ctrl Pts',(-11.9650331449467,36.1481088712156,16.6097928282247));
#8764=CARTESIAN_POINT('Ctrl Pts',(-1.240410941281,27.149082335604,16.6097928282247));
#8765=CARTESIAN_POINT('Ctrl Pts',(-11.9639799043463,36.149364074485,16.658869672967));
#8766=CARTESIAN_POINT('Ctrl Pts',(-1.23935770068059,27.1503375388735,16.658869672967));
#8767=CARTESIAN_POINT('Ctrl Pts',(-11.9595623676917,36.1546286896635,16.7299403997712));
#8768=CARTESIAN_POINT('Ctrl Pts',(-1.23494016402604,27.1556021540519,16.7299403997712));
#8769=CARTESIAN_POINT('Ctrl Pts',(-11.9479932169327,36.1684162666438,16.8196088799638));
#8770=CARTESIAN_POINT('Ctrl Pts',(-1.22337101326705,27.1693897310322,16.8196088799638));
#8771=CARTESIAN_POINT('Ctrl Pts',(-11.924053482779,36.1969465308272,16.923261017091));
#8772=CARTESIAN_POINT('Ctrl Pts',(-1.19943127911333,27.1979199952157,16.923261017091));
#8773=CARTESIAN_POINT('Ctrl Pts',(-11.8906322451582,36.2367764108308,17.0186734700488));
#8774=CARTESIAN_POINT('Ctrl Pts',(-1.16601004149249,27.2377498752192,17.0186734700488));
#8775=CARTESIAN_POINT('Ctrl Pts',(-11.8477530623365,36.287877831006,17.1062625668915));
#8776=CARTESIAN_POINT('Ctrl Pts',(-1.12313085867084,27.2888512953944,17.1062625668915));
#8777=CARTESIAN_POINT('Ctrl Pts',(-11.795473735952,36.3501819060431,17.1867355502658));
#8778=CARTESIAN_POINT('Ctrl Pts',(-1.07085153228633,27.3511553704316,17.1867355502658));
#8779=CARTESIAN_POINT('Ctrl Pts',(-11.7338685361225,36.4236001242625,17.2611365143982));
#8780=CARTESIAN_POINT('Ctrl Pts',(-1.0092463324568,27.4245735886509,17.2611365143982));
#8781=CARTESIAN_POINT('Ctrl Pts',(-11.6630238054388,36.5080295865711,17.3308909515691));
#8782=CARTESIAN_POINT('Ctrl Pts',(-0.938401601773091,27.5090030509596,17.3308909515691));
#8783=CARTESIAN_POINT('Ctrl Pts',(-11.5830106656339,36.6033855333884,17.397868460143));
#8784=CARTESIAN_POINT('Ctrl Pts',(-0.858388461968189,27.6043589977768,17.397868460143));
#8785=CARTESIAN_POINT('Ctrl Pts',(-11.4939588409493,36.7095133653833,17.4643584651161));
#8786=CARTESIAN_POINT('Ctrl Pts',(-0.76933663728362,27.7104868297717,17.4643584651161));
#8787=CARTESIAN_POINT('Ctrl Pts',(-11.3961875242917,36.8260326832627,17.5330051387348));
#8788=CARTESIAN_POINT('Ctrl Pts',(-0.671565320625964,27.8270061476512,17.5330051387348));
#8789=CARTESIAN_POINT('Ctrl Pts',(-11.2903103856893,36.9522121435656,17.6067482820512));
#8790=CARTESIAN_POINT('Ctrl Pts',(-0.565688182023623,27.9531856079541,17.6067482820512));
#8791=CARTESIAN_POINT('Ctrl Pts',(-11.1773723544214,37.0868064480697,17.6887804456186));
#8792=CARTESIAN_POINT('Ctrl Pts',(-0.452750150755732,28.0877799124581,17.6887804456186));
#8793=CARTESIAN_POINT('Ctrl Pts',(-11.058908705463,37.2279859273077,17.7824392671902));
#8794=CARTESIAN_POINT('Ctrl Pts',(-0.334286501797336,28.2289593916961,17.7824392671902));
#8795=CARTESIAN_POINT('Ctrl Pts',(-10.9368328277582,37.3734702931314,17.8909417084348));
#8796=CARTESIAN_POINT('Ctrl Pts',(-0.212210624092541,28.3744437575199,17.8909417084348));
#8797=CARTESIAN_POINT('Ctrl Pts',(-10.8133591059811,37.5206205446503,18.0171518998381));
#8798=CARTESIAN_POINT('Ctrl Pts',(-0.0887369023154516,28.5215940090387,
18.0171518998381));
#8799=CARTESIAN_POINT('Ctrl Pts',(-10.6909128553993,37.6665463036808,18.1633299706696));
#8800=CARTESIAN_POINT('Ctrl Pts',(0.0337093482663531,28.6675197680693,18.1633299706696));
#8801=CARTESIAN_POINT('Ctrl Pts',(-10.5720464607818,37.8082057565049,18.3308973819147));
#8802=CARTESIAN_POINT('Ctrl Pts',(0.152575742883854,28.8091792208934,18.3308973819146));
#8803=CARTESIAN_POINT('Ctrl Pts',(-10.4593534053695,37.942508110153,18.5201647783983));
#8804=CARTESIAN_POINT('Ctrl Pts',(0.265268798296163,28.9434815745414,18.5201647783983));
#8805=CARTESIAN_POINT('Ctrl Pts',(-10.3553796580553,38.0664191970502,18.7304651455682));
#8806=CARTESIAN_POINT('Ctrl Pts',(0.369242545610351,29.0673926614386,18.7304651455682));
#8807=CARTESIAN_POINT('Ctrl Pts',(-10.2625330296317,38.1770695000343,18.9603278148954));
#8808=CARTESIAN_POINT('Ctrl Pts',(0.462089174034011,29.1780429644228,18.9603278148954));
#8809=CARTESIAN_POINT('Ctrl Pts',(-10.1829945717924,38.2718597429137,19.2076333063469));
#8810=CARTESIAN_POINT('Ctrl Pts',(0.54162763187334,29.2728332073022,19.2076333063469));
#8811=CARTESIAN_POINT('Ctrl Pts',(-10.1186242053339,38.3485733583972,19.469777736343));
#8812=CARTESIAN_POINT('Ctrl Pts',(0.605997998331775,29.3495468227856,19.469777736343));
#8813=CARTESIAN_POINT('Ctrl Pts',(-10.0708771029345,38.4054761392176,19.7438218341143));
#8814=CARTESIAN_POINT('Ctrl Pts',(0.653745100731147,29.406449603606,19.7438218341143));
#8815=CARTESIAN_POINT('Ctrl Pts',(-10.0406903069259,38.4414513618098,20.0266682880761));
#8816=CARTESIAN_POINT('Ctrl Pts',(0.683931896739796,29.4424248261983,20.0266682880761));
#8817=CARTESIAN_POINT('Ctrl Pts',(-10.0284862376218,38.4559956052473,20.315122157726));
#8818=CARTESIAN_POINT('Ctrl Pts',(0.696135966043943,29.4569690696358,20.315122157726));
#8819=CARTESIAN_POINT('Ctrl Pts',(-10.0342570836442,38.4491181787678,20.6058709563641));
#8820=CARTESIAN_POINT('Ctrl Pts',(0.690365120021545,29.4500916431562,20.605870956364));
#8821=CARTESIAN_POINT('Ctrl Pts',(-10.0576238883695,38.4212707052889,20.8954871247836));
#8822=CARTESIAN_POINT('Ctrl Pts',(0.666998315296161,29.4222441696773,20.8954871247836));
#8823=CARTESIAN_POINT('Ctrl Pts',(-10.0979040840875,38.3732666373315,21.1804227427033));
#8824=CARTESIAN_POINT('Ctrl Pts',(0.626718119578158,29.37424010172,21.1804227427033));
#8825=CARTESIAN_POINT('Ctrl Pts',(-10.1541749412357,38.3062056411669,21.4570029016274));
#8826=CARTESIAN_POINT('Ctrl Pts',(0.570447262429996,29.3071791055553,21.4570029016274));
#8827=CARTESIAN_POINT('Ctrl Pts',(-10.2253353359905,38.2213999850674,21.7214296351761));
#8828=CARTESIAN_POINT('Ctrl Pts',(0.49928686767521,29.2223734494559,21.7214296351761));
#8829=CARTESIAN_POINT('Ctrl Pts',(-10.3101731889069,38.1202941690663,21.9697536840348));
#8830=CARTESIAN_POINT('Ctrl Pts',(0.414449014758793,29.1212676334548,21.9697536840348));
#8831=CARTESIAN_POINT('Ctrl Pts',(-10.4073528136745,38.0044800021226,22.1982211316833));
#8832=CARTESIAN_POINT('Ctrl Pts',(0.317269389991199,29.005453466511,22.1982211316833));
#8833=CARTESIAN_POINT('Ctrl Pts',(-10.5153914854887,37.8757245268488,22.4036729571546));
#8834=CARTESIAN_POINT('Ctrl Pts',(0.209230718176963,28.8766979912373,22.4036729571546));
#8835=CARTESIAN_POINT('Ctrl Pts',(-10.6326402099389,37.7359929382583,22.5839139985171));
#8836=CARTESIAN_POINT('Ctrl Pts',(0.0919819937268329,28.7369664026468,22.5839139985171));
#8837=CARTESIAN_POINT('Ctrl Pts',(-10.757259545469,37.5874773974336,22.7381282850178));
#8838=CARTESIAN_POINT('Ctrl Pts',(-0.0326373418032655,28.5884508618221,
22.7381282850178));
#8839=CARTESIAN_POINT('Ctrl Pts',(-10.887202380007,37.432617557541,22.867207579309));
#8840=CARTESIAN_POINT('Ctrl Pts',(-0.162580176341347,28.4335910219294,22.867207579309));
#8841=CARTESIAN_POINT('Ctrl Pts',(-11.0201787964514,37.2741424355131,22.9743011499697));
#8842=CARTESIAN_POINT('Ctrl Pts',(-0.29555659278572,28.2751158999016,22.9743011499697));
#8843=CARTESIAN_POINT('Ctrl Pts',(-11.1536943092093,37.1150248435169,23.0644382754984));
#8844=CARTESIAN_POINT('Ctrl Pts',(-0.429072105543571,28.1159983079053,23.0644382754983));
#8845=CARTESIAN_POINT('Ctrl Pts',(-11.2851331291102,36.9583821576935,23.1435879577552));
#8846=CARTESIAN_POINT('Ctrl Pts',(-0.56051092544454,27.959355622082,23.1435879577552));
#8847=CARTESIAN_POINT('Ctrl Pts',(-11.4118272553734,36.8073939775589,23.2178825131058));
#8848=CARTESIAN_POINT('Ctrl Pts',(-0.687205051707678,27.8083674419473,23.2178825131058));
#8849=CARTESIAN_POINT('Ctrl Pts',(-11.5311316230938,36.6652125687159,23.2927965415629));
#8850=CARTESIAN_POINT('Ctrl Pts',(-0.80650941942811,27.6661860331043,23.2927965415629));
#8851=CARTESIAN_POINT('Ctrl Pts',(-11.6404959346803,36.5348772574811,23.3722927994832));
#8852=CARTESIAN_POINT('Ctrl Pts',(-0.915873731014598,27.5358507218695,23.3722927994832));
#8853=CARTESIAN_POINT('Ctrl Pts',(-11.7375404554853,36.4192241011702,23.458127333502));
#8854=CARTESIAN_POINT('Ctrl Pts',(-1.01291825181958,27.4201975655586,23.458127333502));
#8855=CARTESIAN_POINT('Ctrl Pts',(-11.8201386784998,36.3207873721507,23.5505371726701));
#8856=CARTESIAN_POINT('Ctrl Pts',(-1.0955164748341,27.3217608365392,23.5505371726701));
#8857=CARTESIAN_POINT('Ctrl Pts',(-11.8865073270632,36.2416922967897,23.6488148322762));
#8858=CARTESIAN_POINT('Ctrl Pts',(-1.16188512339747,27.2426657611781,23.6488148322762));
#8859=CARTESIAN_POINT('Ctrl Pts',(-11.9352804466252,36.1835667563296,23.7518820447752));
#8860=CARTESIAN_POINT('Ctrl Pts',(-1.21065824295954,27.184540220718,23.7518820447752));
#8861=CARTESIAN_POINT('Ctrl Pts',(-11.9656273609411,36.1474007121694,23.858964023307));
#8862=CARTESIAN_POINT('Ctrl Pts',(-1.24100515727544,27.1483741765579,23.858964023307));
#8863=CARTESIAN_POINT('Ctrl Pts',(-11.9748627981852,36.1363943466546,23.947552034319));
#8864=CARTESIAN_POINT('Ctrl Pts',(-1.25024059451953,27.1373678110431,23.947552034319));
#8865=CARTESIAN_POINT('Ctrl Pts',(-11.9732812134875,36.1382792059001,24.0155756683128));
#8866=CARTESIAN_POINT('Ctrl Pts',(-1.2486590098218,27.1392526702886,24.0155756683128));
#8867=CARTESIAN_POINT('Ctrl Pts',(-11.9684480814615,36.1440391083556,24.0616282761081));
#8868=CARTESIAN_POINT('Ctrl Pts',(-1.24382587779579,27.1450125727441,24.0616282761081));
#8869=CARTESIAN_POINT('Ctrl Pts',(-11.9650868182539,36.148044905859,24.084830425771));
#8870=CARTESIAN_POINT('Ctrl Pts',(-1.24046461458815,27.1490183702474,24.084830425771));
#8871=CARTESIAN_POINT('',(-1.24046461458815,27.1490183702474,24.084830425771));
#8872=CARTESIAN_POINT('',(-11.9650868182539,36.148044905859,24.084830425771));
#8873=CARTESIAN_POINT('Ctrl Pts',(-1.24046461458815,27.1490183702474,16.5848303140123));
#8874=CARTESIAN_POINT('Ctrl Pts',(-1.240410941281,27.149082335604,16.6097928282247));
#8875=CARTESIAN_POINT('Ctrl Pts',(-1.23935770068059,27.1503375388735,16.658869672967));
#8876=CARTESIAN_POINT('Ctrl Pts',(-1.23494016402605,27.1556021540519,16.7299403997712));
#8877=CARTESIAN_POINT('Ctrl Pts',(-1.22337101326705,27.1693897310322,16.8196088799638));
#8878=CARTESIAN_POINT('Ctrl Pts',(-1.19943127911333,27.1979199952157,16.923261017091));
#8879=CARTESIAN_POINT('Ctrl Pts',(-1.16601004149249,27.2377498752192,17.0186734700488));
#8880=CARTESIAN_POINT('Ctrl Pts',(-1.12313085867084,27.2888512953945,17.1062625668915));
#8881=CARTESIAN_POINT('Ctrl Pts',(-1.07085153228633,27.3511553704316,17.1867355502658));
#8882=CARTESIAN_POINT('Ctrl Pts',(-1.00924633245681,27.4245735886509,17.2611365143982));
#8883=CARTESIAN_POINT('Ctrl Pts',(-0.938401601773089,27.5090030509596,17.3308909515691));
#8884=CARTESIAN_POINT('Ctrl Pts',(-0.858388461968189,27.6043589977768,17.397868460143));
#8885=CARTESIAN_POINT('Ctrl Pts',(-0.769336637283622,27.7104868297717,17.4643584651161));
#8886=CARTESIAN_POINT('Ctrl Pts',(-0.671565320625969,27.8270061476512,17.5330051387348));
#8887=CARTESIAN_POINT('Ctrl Pts',(-0.565688182023625,27.9531856079541,17.6067482820512));
#8888=CARTESIAN_POINT('Ctrl Pts',(-0.452750150755732,28.0877799124581,17.6887804456186));
#8889=CARTESIAN_POINT('Ctrl Pts',(-0.334286501797338,28.2289593916961,17.7824392671902));
#8890=CARTESIAN_POINT('Ctrl Pts',(-0.212210624092541,28.3744437575199,17.8909417084348));
#8891=CARTESIAN_POINT('Ctrl Pts',(-0.0887369023154516,28.5215940090387,
18.0171518998381));
#8892=CARTESIAN_POINT('Ctrl Pts',(0.0337093482663509,28.6675197680693,18.1633299706696));
#8893=CARTESIAN_POINT('Ctrl Pts',(0.152575742883851,28.8091792208934,18.3308973819146));
#8894=CARTESIAN_POINT('Ctrl Pts',(0.265268798296161,28.9434815745414,18.5201647783983));
#8895=CARTESIAN_POINT('Ctrl Pts',(0.369242545610351,29.0673926614386,18.7304651455682));
#8896=CARTESIAN_POINT('Ctrl Pts',(0.462089174034011,29.1780429644228,18.9603278148954));
#8897=CARTESIAN_POINT('Ctrl Pts',(0.541627631873343,29.2728332073022,19.2076333063469));
#8898=CARTESIAN_POINT('Ctrl Pts',(0.605997998331773,29.3495468227856,19.469777736343));
#8899=CARTESIAN_POINT('Ctrl Pts',(0.653745100731149,29.406449603606,19.7438218341143));
#8900=CARTESIAN_POINT('Ctrl Pts',(0.683931896739793,29.4424248261983,20.0266682880761));
#8901=CARTESIAN_POINT('Ctrl Pts',(0.696135966043943,29.4569690696358,20.315122157726));
#8902=CARTESIAN_POINT('Ctrl Pts',(0.690365120021545,29.4500916431562,20.605870956364));
#8903=CARTESIAN_POINT('Ctrl Pts',(0.666998315296157,29.4222441696773,20.8954871247836));
#8904=CARTESIAN_POINT('Ctrl Pts',(0.626718119578158,29.37424010172,21.1804227427033));
#8905=CARTESIAN_POINT('Ctrl Pts',(0.570447262429998,29.3071791055553,21.4570029016274));
#8906=CARTESIAN_POINT('Ctrl Pts',(0.49928686767521,29.2223734494559,21.7214296351761));
#8907=CARTESIAN_POINT('Ctrl Pts',(0.414449014758791,29.1212676334548,21.9697536840348));
#8908=CARTESIAN_POINT('Ctrl Pts',(0.317269389991199,29.005453466511,22.1982211316833));
#8909=CARTESIAN_POINT('Ctrl Pts',(0.20923071817696,28.8766979912373,22.4036729571546));
#8910=CARTESIAN_POINT('Ctrl Pts',(0.0919819937268307,28.7369664026468,22.5839139985171));
#8911=CARTESIAN_POINT('Ctrl Pts',(-0.0326373418032633,28.5884508618221,
22.7381282850178));
#8912=CARTESIAN_POINT('Ctrl Pts',(-0.162580176341349,28.4335910219294,22.867207579309));
#8913=CARTESIAN_POINT('Ctrl Pts',(-0.29555659278572,28.2751158999016,22.9743011499697));
#8914=CARTESIAN_POINT('Ctrl Pts',(-0.429072105543571,28.1159983079053,23.0644382754983));
#8915=CARTESIAN_POINT('Ctrl Pts',(-0.560510925444542,27.959355622082,23.1435879577552));
#8916=CARTESIAN_POINT('Ctrl Pts',(-0.687205051707678,27.8083674419473,23.2178825131058));
#8917=CARTESIAN_POINT('Ctrl Pts',(-0.80650941942811,27.6661860331043,23.2927965415629));
#8918=CARTESIAN_POINT('Ctrl Pts',(-0.915873731014598,27.5358507218695,23.3722927994832));
#8919=CARTESIAN_POINT('Ctrl Pts',(-1.01291825181959,27.4201975655586,23.458127333502));
#8920=CARTESIAN_POINT('Ctrl Pts',(-1.0955164748341,27.3217608365392,23.5505371726701));
#8921=CARTESIAN_POINT('Ctrl Pts',(-1.16188512339747,27.2426657611781,23.6488148322762));
#8922=CARTESIAN_POINT('Ctrl Pts',(-1.21065824295955,27.184540220718,23.7518820447752));
#8923=CARTESIAN_POINT('Ctrl Pts',(-1.24100515727544,27.1483741765579,23.858964023307));
#8924=CARTESIAN_POINT('Ctrl Pts',(-1.25024059451953,27.1373678110431,23.947552034319));
#8925=CARTESIAN_POINT('Ctrl Pts',(-1.2486590098218,27.1392526702886,24.0155756683128));
#8926=CARTESIAN_POINT('Ctrl Pts',(-1.24382587779579,27.1450125727441,24.0616282761081));
#8927=CARTESIAN_POINT('Ctrl Pts',(-1.24046461458815,27.1490183702474,24.084830425771));
#8928=CARTESIAN_POINT('Origin',(-11.9650868182539,36.148044905859,24.084830425771));
#8929=CARTESIAN_POINT('',(0.291624271649802,25.8634431508743,33.0848305598814));
#8930=CARTESIAN_POINT('',(-11.9650868182538,36.148044905859,33.0848305598814));
#8931=CARTESIAN_POINT('',(0.291624271649795,25.8634431508743,27.8723198580449));
#8932=CARTESIAN_POINT('',(0.291624271649795,25.8634431508743,24.084830425771));
#8933=CARTESIAN_POINT('',(-1.24046461458816,27.1490183702474,27.8723198580449));
#8934=CARTESIAN_POINT('',(-1.24046461458816,27.1490183702474,27.8723198580449));
#8935=CARTESIAN_POINT('',(-1.24046461458815,27.1490183702474,31.4101423282752));
#8936=CARTESIAN_POINT('Origin',(-11.9650868182538,36.148044905859,33.0848305598814));
#8937=CARTESIAN_POINT('',(-8.70740239805769,15.1388207873993,33.0848305598814));
#8938=CARTESIAN_POINT('',(-20.9641134879613,25.4234225423839,33.0848305598814));
#8939=CARTESIAN_POINT('',(0.291624271649802,25.8634431508743,33.0848305598814));
#8940=CARTESIAN_POINT('Origin',(-5.73997677610238,21.7867085868415,20.4848297611792));
#8941=CARTESIAN_POINT('',(-10.5930231207617,16.0030731705675,21.8348286841978));
#8942=CARTESIAN_POINT('Origin',(-10.5930231207617,16.0030731705675,20.3348286841978));
#8943=CARTESIAN_POINT('Origin',(-5.73997677610238,21.7867085868415,20.4848297611792));
#8944=CARTESIAN_POINT('',(-0.951209190974966,27.4937395605158,21.8348286841978));
#8945=CARTESIAN_POINT('Origin',(-0.951209190974966,27.4937395605158,20.3348286841978));
#8946=CARTESIAN_POINT('Origin',(-5.73997677610238,21.7867085868415,20.4848297611792));
#8947=CARTESIAN_POINT('Origin',(-5.73997677610238,21.7867085868415,20.3848286830802));
#8948=CARTESIAN_POINT('Origin',(-5.73997677610238,21.7867085868415,20.4848297611792));
#8949=CARTESIAN_POINT('',(-10.2394912842956,16.4243960067724,27.8723164449527));
#8950=CARTESIAN_POINT('',(-10.2394912842956,16.4243960067724,24.084830425771));
#8951=CARTESIAN_POINT('',(-10.2394912842956,16.4243960067724,33.0848305598814));
#8952=CARTESIAN_POINT('',(-10.2394899433362,16.4243976048656,16.6848287657816));
#8953=CARTESIAN_POINT('Ctrl Pts',(-10.2394912842956,16.4243960067724,24.084830425771));
#8954=CARTESIAN_POINT('Ctrl Pts',(-10.2380716885148,16.4260878151443,24.0615469068059));
#8955=CARTESIAN_POINT('Ctrl Pts',(-10.2365231370254,16.4279333069451,24.0155674224159));
#8956=CARTESIAN_POINT('Ctrl Pts',(-10.2380720015407,16.4260874420946,23.9483609355315));
#8957=CARTESIAN_POINT('Ctrl Pts',(-10.2478866889524,16.4143907531115,23.8622789769464));
#8958=CARTESIAN_POINT('Ctrl Pts',(-10.2727263048773,16.3847880515943,23.760668743893));
#8959=CARTESIAN_POINT('Ctrl Pts',(-10.3090978615498,16.3414421182616,23.6653622047326));
#8960=CARTESIAN_POINT('Ctrl Pts',(-10.3548215790797,16.2869507136285,23.5769919057608));
#8961=CARTESIAN_POINT('Ctrl Pts',(-10.4064410359251,16.2254330404853,23.4965284082211));
#8962=CARTESIAN_POINT('Ctrl Pts',(-10.4606639390236,16.1608127009167,23.424765081116));
#8963=CARTESIAN_POINT('Ctrl Pts',(-10.5154391877928,16.0955341014108,23.3619173420009));
#8964=CARTESIAN_POINT('Ctrl Pts',(-10.5714887886453,16.0287367882314,23.3070882159238));
#8965=CARTESIAN_POINT('Ctrl Pts',(-10.6326094026137,15.955896076953,23.2580811865448));
#8966=CARTESIAN_POINT('Ctrl Pts',(-10.7035302339746,15.8713759213888,23.2118796283806));
#8967=CARTESIAN_POINT('Ctrl Pts',(-10.7884471950564,15.7701758279474,23.1649611480723));
#8968=CARTESIAN_POINT('Ctrl Pts',(-10.8889500192382,15.6504012261629,23.1137227020771));
#8969=CARTESIAN_POINT('Ctrl Pts',(-11.0034155034296,15.5139865741498,23.0546914397171));
#8970=CARTESIAN_POINT('Ctrl Pts',(-11.1282099682932,15.3652623223127,22.9844914263951));
#8971=CARTESIAN_POINT('Ctrl Pts',(-11.2584406118877,15.2100594849431,22.8998703622731));
#8972=CARTESIAN_POINT('Ctrl Pts',(-11.3888944909352,15.0545906059204,22.7977004931371));
#8973=CARTESIAN_POINT('Ctrl Pts',(-11.5148751700168,14.9044526790275,22.6749959390374));
#8974=CARTESIAN_POINT('Ctrl Pts',(-11.6331396378272,14.7635105746381,22.5289104187972));
#8975=CARTESIAN_POINT('Ctrl Pts',(-11.7416450803055,14.6341988237486,22.3570263541765));
#8976=CARTESIAN_POINT('Ctrl Pts',(-11.839222603979,14.5179104593543,22.1576678047407));
#8977=CARTESIAN_POINT('Ctrl Pts',(-11.9252836768846,14.4153468665365,21.9301985910496));
#8978=CARTESIAN_POINT('Ctrl Pts',(-11.999504593303,14.3268938227493,21.6753477333521));
#8979=CARTESIAN_POINT('Ctrl Pts',(-12.0615444653383,14.2529575823671,21.3954839667995));
#8980=CARTESIAN_POINT('Ctrl Pts',(-12.1106933633696,14.1943842065662,21.0950196452221));
#8981=CARTESIAN_POINT('Ctrl Pts',(-12.1457360563948,14.1526219512593,20.7804195979145));
#8982=CARTESIAN_POINT('Ctrl Pts',(-12.1652683157486,14.129344311003,20.4593732381863));
#8983=CARTESIAN_POINT('Ctrl Pts',(-12.1679170137509,14.126187715643,20.1401476306623));
#8984=CARTESIAN_POINT('Ctrl Pts',(-12.1526024643465,14.1444388849146,19.8308624703424));
#8985=CARTESIAN_POINT('Ctrl Pts',(-12.1187752610897,14.1847525759233,19.5388162551676));
#8986=CARTESIAN_POINT('Ctrl Pts',(-12.0666846878953,14.2468317036681,19.269747876173));
#8987=CARTESIAN_POINT('Ctrl Pts',(-11.9975905777136,14.3291748577042,19.0272186457478));
#8988=CARTESIAN_POINT('Ctrl Pts',(-11.914115707792,14.4286563338247,18.8116948685832));
#8989=CARTESIAN_POINT('Ctrl Pts',(-11.8199815007489,14.5408411132542,18.6209457926218));
#8990=CARTESIAN_POINT('Ctrl Pts',(-11.719391996252,14.6607190166157,18.4511892094791));
#8991=CARTESIAN_POINT('Ctrl Pts',(-11.6165408067872,14.783292291163,18.2979782238762));
#8992=CARTESIAN_POINT('Ctrl Pts',(-11.5150385968059,14.9042579145644,18.157246313959));
#8993=CARTESIAN_POINT('Ctrl Pts',(-11.4174409250356,15.0205702905255,18.0261601163249));
#8994=CARTESIAN_POINT('Ctrl Pts',(-11.3245663349109,15.1312539169674,17.9043609991878));
#8995=CARTESIAN_POINT('Ctrl Pts',(-11.2355033339124,15.2373950683745,17.7939320157282));
#8996=CARTESIAN_POINT('Ctrl Pts',(-11.1484812674994,15.3411039286571,17.6977799920583));
#8997=CARTESIAN_POINT('Ctrl Pts',(-11.0615550303665,15.4446985840511,17.6183414773041));
#8998=CARTESIAN_POINT('Ctrl Pts',(-10.973294622136,15.5498832426435,17.5563189147345));
#8999=CARTESIAN_POINT('Ctrl Pts',(-10.8836421807225,15.6567268617829,17.5090082463254));
#9000=CARTESIAN_POINT('Ctrl Pts',(-10.7940859989267,15.7634557631771,17.4702202657863));
#9001=CARTESIAN_POINT('Ctrl Pts',(-10.7068766511552,15.8673878166916,17.4324224491637));
#9002=CARTESIAN_POINT('Ctrl Pts',(-10.6244812779373,15.9655827987371,17.3883310684948));
#9003=CARTESIAN_POINT('Ctrl Pts',(-10.5489451436599,16.0556032581329,17.3327160506092));
#9004=CARTESIAN_POINT('Ctrl Pts',(-10.4812840056967,16.1362386623795,17.2641447317163));
#9005=CARTESIAN_POINT('Ctrl Pts',(-10.4217602552824,16.2071763057805,17.1838107880104));
#9006=CARTESIAN_POINT('Ctrl Pts',(-10.3701796773144,16.268647644882,17.0942981473513));
#9007=CARTESIAN_POINT('Ctrl Pts',(-10.3261717919736,16.3210942003393,16.9984065827384));
#9008=CARTESIAN_POINT('Ctrl Pts',(-10.2894947730779,16.3648041693739,16.8978672658516));
#9009=CARTESIAN_POINT('Ctrl Pts',(-10.2659166557485,16.3929034754078,16.8144013824735));
#9010=CARTESIAN_POINT('Ctrl Pts',(-10.2514520826038,16.4101416824183,16.7502273418906));
#9011=CARTESIAN_POINT('Ctrl Pts',(-10.243238998051,16.4199296554404,16.7067449041786));
#9012=CARTESIAN_POINT('Ctrl Pts',(-10.2394899433362,16.4243976048656,16.6848287657816));
#9013=CARTESIAN_POINT('',(-10.2394899433362,16.4243976048656,12.8973389708688));
#9014=CARTESIAN_POINT('',(-10.2394899433362,16.4243976048656,7.88482896247696));
#9015=CARTESIAN_POINT('Origin',(-5.73997677610238,21.7867085868415,20.3848286830802));
#9016=CARTESIAN_POINT('Origin',(-5.73997677610238,21.7867085868415,20.3848286830802));
#9017=CARTESIAN_POINT('Origin',(-4.20788788986443,20.5011333674684,20.3848286830802));
#9018=CARTESIAN_POINT('Origin',(-5.73997677610238,21.7867085868415,20.3848286830802));
#9019=CARTESIAN_POINT('',(-8.70740105709825,15.1388223854926,12.8973389708688));
#9020=CARTESIAN_POINT('',(-10.2394899433362,16.4243976048656,12.8973389708688));
#9021=CARTESIAN_POINT('',(-8.70740239805769,15.1388207873993,27.8723164449527));
#9022=CARTESIAN_POINT('Origin',(-4.20788788986443,20.5011333674684,20.3848286830802));
#9023=CARTESIAN_POINT('',(-10.2394912842956,16.4243960067724,27.8723164449527));
#9024=CARTESIAN_POINT('Origin',(-4.20788788986443,20.5011333674684,20.4848297611792));
#9025=CARTESIAN_POINT('',(-8.70740239805769,15.1388207873993,33.0848305598814));
#9026=CARTESIAN_POINT('',(-8.70740105709825,15.1388223854926,7.88482896247696));
#9027=CARTESIAN_POINT('',(-8.70740105709825,15.1388223854926,16.6848287657816));
#9028=CARTESIAN_POINT('',(-8.70740105709825,15.1388223854926,7.88482896247696));
#9029=CARTESIAN_POINT('Origin',(-11.6758313946407,36.4927660961273,20.3348286841978));
#9030=CARTESIAN_POINT('',(-11.6758313946407,36.4927660961273,21.8348286841978));
#9031=CARTESIAN_POINT('Origin',(-21.3176453244274,25.0020997061791,20.3348286841978));
#9032=CARTESIAN_POINT('',(-21.3176453244274,25.0020997061791,21.8348286841978));
#9033=CARTESIAN_POINT('Origin',(-20.9641121470019,25.4234241404772,7.88482896247697));
#9034=CARTESIAN_POINT('',(-20.9641121470019,25.4234241404772,7.88482896247697));
#9035=CARTESIAN_POINT('Origin',(-20.9641121470019,25.4234241404772,16.6848287657816));
#9036=CARTESIAN_POINT('',(-20.9641121470019,25.4234241404772,16.6848287657816));
#9037=CARTESIAN_POINT('Ctrl Pts',(-20.9641134879613,25.4234225423839,24.084830425771));
#9038=CARTESIAN_POINT('Ctrl Pts',(-10.2394912842956,16.4243960067724,24.084830425771));
#9039=CARTESIAN_POINT('Ctrl Pts',(-20.9626938921805,25.4251143507558,24.0615469068059));
#9040=CARTESIAN_POINT('Ctrl Pts',(-10.2380716885148,16.4260878151443,24.0615469068059));
#9041=CARTESIAN_POINT('Ctrl Pts',(-20.9611453406911,25.4269598425566,24.0155674224159));
#9042=CARTESIAN_POINT('Ctrl Pts',(-10.2365231370254,16.4279333069451,24.0155674224159));
#9043=CARTESIAN_POINT('Ctrl Pts',(-20.9626942052064,25.4251139777061,23.9483609355315));
#9044=CARTESIAN_POINT('Ctrl Pts',(-10.2380720015407,16.4260874420946,23.9483609355315));
#9045=CARTESIAN_POINT('Ctrl Pts',(-20.9725088926181,25.413417288723,23.8622789769464));
#9046=CARTESIAN_POINT('Ctrl Pts',(-10.2478866889524,16.4143907531115,23.8622789769464));
#9047=CARTESIAN_POINT('Ctrl Pts',(-20.997348508543,25.3838145872058,23.760668743893));
#9048=CARTESIAN_POINT('Ctrl Pts',(-10.2727263048773,16.3847880515943,23.760668743893));
#9049=CARTESIAN_POINT('Ctrl Pts',(-21.0337200652154,25.3404686538732,23.6653622047326));
#9050=CARTESIAN_POINT('Ctrl Pts',(-10.3090978615497,16.3414421182616,23.6653622047326));
#9051=CARTESIAN_POINT('Ctrl Pts',(-21.0794437827454,25.2859772492401,23.5769919057608));
#9052=CARTESIAN_POINT('Ctrl Pts',(-10.3548215790797,16.2869507136285,23.5769919057608));
#9053=CARTESIAN_POINT('Ctrl Pts',(-21.1310632395908,25.2244595760969,23.4965284082211));
#9054=CARTESIAN_POINT('Ctrl Pts',(-10.4064410359251,16.2254330404853,23.4965284082211));
#9055=CARTESIAN_POINT('Ctrl Pts',(-21.1852861426893,25.1598392365283,23.424765081116));
#9056=CARTESIAN_POINT('Ctrl Pts',(-10.4606639390236,16.1608127009167,23.424765081116));
#9057=CARTESIAN_POINT('Ctrl Pts',(-21.2400613914585,25.0945606370224,23.3619173420009));
#9058=CARTESIAN_POINT('Ctrl Pts',(-10.5154391877928,16.0955341014108,23.3619173420009));
#9059=CARTESIAN_POINT('Ctrl Pts',(-21.296110992311,25.0277633238429,23.3070882159238));
#9060=CARTESIAN_POINT('Ctrl Pts',(-10.5714887886453,16.0287367882314,23.3070882159238));
#9061=CARTESIAN_POINT('Ctrl Pts',(-21.3572316062794,24.9549226125645,23.2580811865448));
#9062=CARTESIAN_POINT('Ctrl Pts',(-10.6326094026137,15.955896076953,23.2580811865448));
#9063=CARTESIAN_POINT('Ctrl Pts',(-21.4281524376403,24.8704024570004,23.2118796283806));
#9064=CARTESIAN_POINT('Ctrl Pts',(-10.7035302339746,15.8713759213888,23.2118796283806));
#9065=CARTESIAN_POINT('Ctrl Pts',(-21.5130693987221,24.769202363559,23.1649611480723));
#9066=CARTESIAN_POINT('Ctrl Pts',(-10.7884471950564,15.7701758279474,23.1649611480723));
#9067=CARTESIAN_POINT('Ctrl Pts',(-21.6135722229039,24.6494277617744,23.1137227020771));
#9068=CARTESIAN_POINT('Ctrl Pts',(-10.8889500192382,15.6504012261629,23.1137227020771));
#9069=CARTESIAN_POINT('Ctrl Pts',(-21.7280377070953,24.5130131097613,23.0546914397171));
#9070=CARTESIAN_POINT('Ctrl Pts',(-11.0034155034296,15.5139865741498,23.0546914397171));
#9071=CARTESIAN_POINT('Ctrl Pts',(-21.8528321719589,24.3642888579242,22.9844914263951));
#9072=CARTESIAN_POINT('Ctrl Pts',(-11.1282099682932,15.3652623223127,22.9844914263951));
#9073=CARTESIAN_POINT('Ctrl Pts',(-21.9830628155534,24.2090860205546,22.8998703622731));
#9074=CARTESIAN_POINT('Ctrl Pts',(-11.2584406118877,15.2100594849431,22.8998703622731));
#9075=CARTESIAN_POINT('Ctrl Pts',(-22.1135166946009,24.0536171415319,22.7977004931371));
#9076=CARTESIAN_POINT('Ctrl Pts',(-11.3888944909352,15.0545906059204,22.7977004931371));
#9077=CARTESIAN_POINT('Ctrl Pts',(-22.2394973736824,23.9034792146391,22.6749959390374));
#9078=CARTESIAN_POINT('Ctrl Pts',(-11.5148751700168,14.9044526790275,22.6749959390374));
#9079=CARTESIAN_POINT('Ctrl Pts',(-22.3577618414929,23.7625371102497,22.5289104187972));
#9080=CARTESIAN_POINT('Ctrl Pts',(-11.6331396378272,14.7635105746381,22.5289104187972));
#9081=CARTESIAN_POINT('Ctrl Pts',(-22.4662672839712,23.6332253593602,22.3570263541765));
#9082=CARTESIAN_POINT('Ctrl Pts',(-11.7416450803055,14.6341988237486,22.3570263541765));
#9083=CARTESIAN_POINT('Ctrl Pts',(-22.5638448076447,23.5169369949659,22.1576678047407));
#9084=CARTESIAN_POINT('Ctrl Pts',(-11.839222603979,14.5179104593543,22.1576678047407));
#9085=CARTESIAN_POINT('Ctrl Pts',(-22.6499058805503,23.4143734021481,21.9301985910496));
#9086=CARTESIAN_POINT('Ctrl Pts',(-11.9252836768846,14.4153468665365,21.9301985910496));
#9087=CARTESIAN_POINT('Ctrl Pts',(-22.7241267969687,23.3259203583608,21.6753477333521));
#9088=CARTESIAN_POINT('Ctrl Pts',(-11.999504593303,14.3268938227493,21.6753477333521));
#9089=CARTESIAN_POINT('Ctrl Pts',(-22.786166669004,23.2519841179786,21.3954839667995));
#9090=CARTESIAN_POINT('Ctrl Pts',(-12.0615444653383,14.2529575823671,21.3954839667995));
#9091=CARTESIAN_POINT('Ctrl Pts',(-22.8353155670353,23.1934107421778,21.0950196452221));
#9092=CARTESIAN_POINT('Ctrl Pts',(-12.1106933633696,14.1943842065662,21.0950196452221));
#9093=CARTESIAN_POINT('Ctrl Pts',(-22.8703582600605,23.1516484868709,20.7804195979145));
#9094=CARTESIAN_POINT('Ctrl Pts',(-12.1457360563948,14.1526219512593,20.7804195979145));
#9095=CARTESIAN_POINT('Ctrl Pts',(-22.8898905194143,23.1283708466145,20.4593732381863));
#9096=CARTESIAN_POINT('Ctrl Pts',(-12.1652683157486,14.129344311003,20.4593732381863));
#9097=CARTESIAN_POINT('Ctrl Pts',(-22.8925392174166,23.1252142512546,20.1401476306623));
#9098=CARTESIAN_POINT('Ctrl Pts',(-12.1679170137509,14.126187715643,20.1401476306623));
#9099=CARTESIAN_POINT('Ctrl Pts',(-22.8772246680122,23.1434654205262,19.8308624703424));
#9100=CARTESIAN_POINT('Ctrl Pts',(-12.1526024643465,14.1444388849146,19.8308624703424));
#9101=CARTESIAN_POINT('Ctrl Pts',(-22.8433974647554,23.1837791115349,19.5388162551676));
#9102=CARTESIAN_POINT('Ctrl Pts',(-12.1187752610897,14.1847525759233,19.5388162551676));
#9103=CARTESIAN_POINT('Ctrl Pts',(-22.791306891561,23.2458582392796,19.269747876173));
#9104=CARTESIAN_POINT('Ctrl Pts',(-12.0666846878953,14.2468317036681,19.269747876173));
#9105=CARTESIAN_POINT('Ctrl Pts',(-22.7222127813793,23.3282013933157,19.0272186457478));
#9106=CARTESIAN_POINT('Ctrl Pts',(-11.9975905777136,14.3291748577042,19.0272186457478));
#9107=CARTESIAN_POINT('Ctrl Pts',(-22.6387379114577,23.4276828694362,18.8116948685832));
#9108=CARTESIAN_POINT('Ctrl Pts',(-11.914115707792,14.4286563338247,18.8116948685832));
#9109=CARTESIAN_POINT('Ctrl Pts',(-22.5446037044146,23.5398676488658,18.6209457926218));
#9110=CARTESIAN_POINT('Ctrl Pts',(-11.8199815007489,14.5408411132542,18.6209457926218));
#9111=CARTESIAN_POINT('Ctrl Pts',(-22.4440141999177,23.6597455522272,18.4511892094791));
#9112=CARTESIAN_POINT('Ctrl Pts',(-11.719391996252,14.6607190166157,18.4511892094791));
#9113=CARTESIAN_POINT('Ctrl Pts',(-22.3411630104529,23.7823188267745,18.2979782238762));
#9114=CARTESIAN_POINT('Ctrl Pts',(-11.6165408067872,14.783292291163,18.2979782238762));
#9115=CARTESIAN_POINT('Ctrl Pts',(-22.2396608004716,23.903284450176,18.157246313959));
#9116=CARTESIAN_POINT('Ctrl Pts',(-11.5150385968059,14.9042579145644,18.157246313959));
#9117=CARTESIAN_POINT('Ctrl Pts',(-22.1420631287013,24.019596826137,18.026160116325));
#9118=CARTESIAN_POINT('Ctrl Pts',(-11.4174409250356,15.0205702905255,18.0261601163249));
#9119=CARTESIAN_POINT('Ctrl Pts',(-22.0491885385766,24.1302804525789,17.9043609991878));
#9120=CARTESIAN_POINT('Ctrl Pts',(-11.3245663349109,15.1312539169674,17.9043609991878));
#9121=CARTESIAN_POINT('Ctrl Pts',(-21.9601255375781,24.2364216039861,17.7939320157282));
#9122=CARTESIAN_POINT('Ctrl Pts',(-11.2355033339124,15.2373950683745,17.7939320157282));
#9123=CARTESIAN_POINT('Ctrl Pts',(-21.8731034711651,24.3401304642687,17.6977799920583));
#9124=CARTESIAN_POINT('Ctrl Pts',(-11.1484812674994,15.3411039286571,17.6977799920583));
#9125=CARTESIAN_POINT('Ctrl Pts',(-21.7861772340321,24.4437251196626,17.6183414773041));
#9126=CARTESIAN_POINT('Ctrl Pts',(-11.0615550303664,15.4446985840511,17.6183414773041));
#9127=CARTESIAN_POINT('Ctrl Pts',(-21.6979168258017,24.5489097782551,17.5563189147345));
#9128=CARTESIAN_POINT('Ctrl Pts',(-10.973294622136,15.5498832426435,17.5563189147345));
#9129=CARTESIAN_POINT('Ctrl Pts',(-21.6082643843882,24.6557533973945,17.5090082463254));
#9130=CARTESIAN_POINT('Ctrl Pts',(-10.8836421807225,15.6567268617829,17.5090082463254));
#9131=CARTESIAN_POINT('Ctrl Pts',(-21.5187082025923,24.7624822987887,17.4702202657863));
#9132=CARTESIAN_POINT('Ctrl Pts',(-10.7940859989266,15.7634557631771,17.4702202657863));
#9133=CARTESIAN_POINT('Ctrl Pts',(-21.4314988548209,24.8664143523031,17.4324224491637));
#9134=CARTESIAN_POINT('Ctrl Pts',(-10.7068766511552,15.8673878166916,17.4324224491637));
#9135=CARTESIAN_POINT('Ctrl Pts',(-21.349103481603,24.9646093343486,17.3883310684948));
#9136=CARTESIAN_POINT('Ctrl Pts',(-10.6244812779373,15.9655827987371,17.3883310684948));
#9137=CARTESIAN_POINT('Ctrl Pts',(-21.2735673473256,25.0546297937445,17.3327160506092));
#9138=CARTESIAN_POINT('Ctrl Pts',(-10.5489451436599,16.0556032581329,17.3327160506092));
#9139=CARTESIAN_POINT('Ctrl Pts',(-21.2059062093624,25.1352651979911,17.2641447317163));
#9140=CARTESIAN_POINT('Ctrl Pts',(-10.4812840056967,16.1362386623795,17.2641447317163));
#9141=CARTESIAN_POINT('Ctrl Pts',(-21.1463824589481,25.2062028413921,17.1838107880104));
#9142=CARTESIAN_POINT('Ctrl Pts',(-10.4217602552824,16.2071763057805,17.1838107880104));
#9143=CARTESIAN_POINT('Ctrl Pts',(-21.0948018809801,25.2676741804935,17.0942981473513));
#9144=CARTESIAN_POINT('Ctrl Pts',(-10.3701796773144,16.268647644882,17.0942981473513));
#9145=CARTESIAN_POINT('Ctrl Pts',(-21.0507939956393,25.3201207359508,16.9984065827384));
#9146=CARTESIAN_POINT('Ctrl Pts',(-10.3261717919736,16.3210942003393,16.9984065827384));
#9147=CARTESIAN_POINT('Ctrl Pts',(-21.0141169767436,25.3638307049855,16.8978672658516));
#9148=CARTESIAN_POINT('Ctrl Pts',(-10.2894947730779,16.3648041693739,16.8978672658516));
#9149=CARTESIAN_POINT('Ctrl Pts',(-20.9905388594142,25.3919300110193,16.8144013824735));
#9150=CARTESIAN_POINT('Ctrl Pts',(-10.2659166557485,16.3929034754078,16.8144013824735));
#9151=CARTESIAN_POINT('Ctrl Pts',(-20.9760742862695,25.4091682180299,16.7502273418906));
#9152=CARTESIAN_POINT('Ctrl Pts',(-10.2514520826038,16.4101416824183,16.7502273418906));
#9153=CARTESIAN_POINT('Ctrl Pts',(-20.9678612017167,25.418956191052,16.7067449041786));
#9154=CARTESIAN_POINT('Ctrl Pts',(-10.243238998051,16.4199296554404,16.7067449041786));
#9155=CARTESIAN_POINT('Ctrl Pts',(-20.9641121470019,25.4234241404772,16.6848287657816));
#9156=CARTESIAN_POINT('Ctrl Pts',(-10.2394899433362,16.4243976048656,16.6848287657816));
#9157=CARTESIAN_POINT('',(-20.9641134879613,25.4234225423839,24.084830425771));
#9158=CARTESIAN_POINT('Origin',(-20.9641134879613,25.4234225423839,33.0848305598814));
#9159=CARTESIAN_POINT('Ctrl Pts',(20.8518175068715,4.65508272179505,44.));
#9160=CARTESIAN_POINT('Ctrl Pts',(23.5687686921333,6.01972813010625,44.));
#9161=CARTESIAN_POINT('Ctrl Pts',(26.0761409714319,4.30008715405195,44.));
#9162=CARTESIAN_POINT('Ctrl Pts',(28.5835132507305,2.58044617799765,44.));
#9163=CARTESIAN_POINT('Ctrl Pts',(28.2891268305934,-0.445676335906716,44.));
#9164=CARTESIAN_POINT('Ctrl Pts',(27.9947404104562,-3.47179884981109,44.));
#9165=CARTESIAN_POINT('Ctrl Pts',(25.2029388205827,-4.67592704742963,44.));
#9166=CARTESIAN_POINT('Ctrl Pts',(20.8518175068715,4.65508272179505,39.));
#9167=CARTESIAN_POINT('Ctrl Pts',(23.5687686921333,6.01972813010625,39.));
#9168=CARTESIAN_POINT('Ctrl Pts',(26.0761409714319,4.30008715405195,39.));
#9169=CARTESIAN_POINT('Ctrl Pts',(28.5835132507305,2.58044617799765,39.));
#9170=CARTESIAN_POINT('Ctrl Pts',(28.2891268305934,-0.445676335906716,39.));
#9171=CARTESIAN_POINT('Ctrl Pts',(27.9947404104562,-3.47179884981109,39.));
#9172=CARTESIAN_POINT('Ctrl Pts',(25.2029388205827,-4.67592704742963,39.));
#9173=CARTESIAN_POINT('Ctrl Pts',(23.0959988902815,0.18701267776528,39.));
#9174=CARTESIAN_POINT('Ctrl Pts',(23.1751333908231,0.226759631405411,39.));
#9175=CARTESIAN_POINT('Ctrl Pts',(23.2481636513852,0.176673001034897,39.));
#9176=CARTESIAN_POINT('Ctrl Pts',(23.3211939119473,0.126586370664383,39.));
#9177=CARTESIAN_POINT('Ctrl Pts',(23.3126195501957,0.0384468799681397,39.));
#9178=CARTESIAN_POINT('Ctrl Pts',(23.3040451884441,-0.049692610728104,39.));
#9179=CARTESIAN_POINT('Ctrl Pts',(23.2227305790303,-0.0847643058043712,
39.));
#9180=CARTESIAN_POINT('',(23.0959988902815,0.187012677765312,39.));
#9181=CARTESIAN_POINT('',(20.8518175068738,4.65508272179617,44.));
#9182=CARTESIAN_POINT('Origin',(23.0959988902815,0.187012677765312,44.));
#9183=CARTESIAN_POINT('',(25.2029388205828,-4.67592704742959,44.));
#9184=CARTESIAN_POINT('Origin',(23.1633243317838,0.0529705764443866,44.));
#9185=CARTESIAN_POINT('',(23.2227305790303,-0.0847643058043701,39.));
#9186=CARTESIAN_POINT('Origin',(23.2227305790303,-0.0847643058043701,44.));
#9187=CARTESIAN_POINT('Origin',(23.1633243317838,0.0529705764443866,39.));
#9188=CARTESIAN_POINT('Ctrl Pts',(18.4958392285451,-2.1235134715203,39.));
#9189=CARTESIAN_POINT('Ctrl Pts',(18.4878321543976,-2.10634224559804,39.));
#9190=CARTESIAN_POINT('Ctrl Pts',(18.4796640078644,-2.08856622793432,39.000109614877));
#9191=CARTESIAN_POINT('Ctrl Pts',(18.4163632360598,-1.94881239245164,39.0018021554883));
#9192=CARTESIAN_POINT('Ctrl Pts',(18.2946844543867,-1.64548305346236,39.0197162461195));
#9193=CARTESIAN_POINT('Ctrl Pts',(18.1511513668534,-1.16374118350628,39.0932240028792));
#9194=CARTESIAN_POINT('Ctrl Pts',(18.0380238684239,-0.582075399978035,39.2365182524733));
#9195=CARTESIAN_POINT('Ctrl Pts',(17.9889516252438,0.221839843426604,39.5317929591064));
#9196=CARTESIAN_POINT('Ctrl Pts',(18.0826527526826,1.0230720613005,39.9553303877267));
#9197=CARTESIAN_POINT('Ctrl Pts',(18.2913811707035,1.77884801953073,40.4639073000876));
#9198=CARTESIAN_POINT('Ctrl Pts',(18.5631905226181,2.39826262783761,40.9720261573766));
#9199=CARTESIAN_POINT('Ctrl Pts',(18.8760807153185,2.9282925950204,41.4796013189097));
#9200=CARTESIAN_POINT('Ctrl Pts',(19.3380348913168,3.53644654889378,42.1552909527278));
#9201=CARTESIAN_POINT('Ctrl Pts',(19.9825304744227,4.14703700993157,42.9974489976866));
#9202=CARTESIAN_POINT('Ctrl Pts',(20.5541007003348,4.50554824534924,43.6669809393957));
#9203=CARTESIAN_POINT('Ctrl Pts',(20.8518175068738,4.65508272179618,44.));
#9204=CARTESIAN_POINT('Ctrl Pts',(18.4958392285451,-2.1235134715203,39.));
#9205=CARTESIAN_POINT('Ctrl Pts',(18.4898634514423,-2.10922975890491,39.0000270085942));
#9206=CARTESIAN_POINT('Ctrl Pts',(18.4837570504648,-2.09456604845215,39.0000294260585));
#9207=CARTESIAN_POINT('Ctrl Pts',(18.4364166415041,-1.97839541482929,39.0014445599903));
#9208=CARTESIAN_POINT('Ctrl Pts',(18.3447833979898,-1.72885070656294,39.012198266216));
#9209=CARTESIAN_POINT('Ctrl Pts',(18.2418161669501,-1.32885779537928,39.0579479566971));
#9210=CARTESIAN_POINT('Ctrl Pts',(18.1723838087738,-0.838900402460765,39.1469564622991));
#9211=CARTESIAN_POINT('Ctrl Pts',(18.1740488433768,-0.143200518585698,39.3322827165812));
#9212=CARTESIAN_POINT('Ctrl Pts',(18.3034121699598,0.5811353577815,39.6022243492191));
#9213=CARTESIAN_POINT('Ctrl Pts',(18.5294733217927,1.29872692309901,39.9338937764357));
#9214=CARTESIAN_POINT('Ctrl Pts',(18.8007008272132,1.91786032677865,40.2731521975659));
#9215=CARTESIAN_POINT('Ctrl Pts',(19.0997240863368,2.47557591667095,40.6206003372138));
#9216=CARTESIAN_POINT('Ctrl Pts',(19.5278110063657,3.15267924500747,41.0954340553587));
#9217=CARTESIAN_POINT('Ctrl Pts',(20.1049004172703,3.90106795537676,41.7122055190578));
#9218=CARTESIAN_POINT('Ctrl Pts',(20.5988108056908,4.41650250698295,42.2344371071418));
#9219=CARTESIAN_POINT('Ctrl Pts',(20.8518175068738,4.65508272179618,42.5040034982906));
#9220=CARTESIAN_POINT('Ctrl Pts',(18.4958392285451,-2.1235134715203,39.));
#9221=CARTESIAN_POINT('Ctrl Pts',(18.4934168647597,-2.11438722129036,39.0000092164275));
#9222=CARTESIAN_POINT('Ctrl Pts',(18.4909230045938,-2.10491995275748,39.0000025445457));
#9223=CARTESIAN_POINT('Ctrl Pts',(18.4714491419906,-2.03133687874201,39.0003697073223));
#9224=CARTESIAN_POINT('Ctrl Pts',(18.4324847192569,-1.87471325572213,39.0028138896192));
#9225=CARTESIAN_POINT('Ctrl Pts',(18.4020164695601,-1.6212317338374,39.0134053499129));
#9226=CARTESIAN_POINT('Ctrl Pts',(18.4136378134111,-1.29988235148489,39.0340217556222));
#9227=CARTESIAN_POINT('Ctrl Pts',(18.5181792961718,-0.822031653215151,39.0772890304891));
#9228=CARTESIAN_POINT('Ctrl Pts',(18.7382835297791,-0.289252049412018,39.1411835042585));
#9229=CARTESIAN_POINT('Ctrl Pts',(19.0388839129436,0.271412298269741,39.2213201770431));
#9230=CARTESIAN_POINT('Ctrl Pts',(19.360723715037,0.78512369102226,39.3051138612946));
#9231=CARTESIAN_POINT('Ctrl Pts',(19.69370278491,1.27310724185102,39.3929889768174));
#9232=CARTESIAN_POINT('Ctrl Pts',(20.1476113688465,1.89909589421144,39.516214780911));
#9233=CARTESIAN_POINT('Ctrl Pts',(20.7250876039836,2.65210477416824,39.6828889182173));
#9234=CARTESIAN_POINT('Ctrl Pts',(21.1871150533142,3.2399202941154,39.8334539806381));
#9235=CARTESIAN_POINT('Ctrl Pts',(21.4155333464167,3.53274837100375,39.9143650096222));
#9236=CARTESIAN_POINT('Ctrl Pts',(18.4958392285451,-2.1235134715203,39.));
#9237=CARTESIAN_POINT('Ctrl Pts',(18.4969704931623,-2.11950132228207,39.));
#9238=CARTESIAN_POINT('Ctrl Pts',(18.4980882189587,-2.11533453611022,38.999999999998));
#9239=CARTESIAN_POINT('Ctrl Pts',(18.5065053001881,-2.08379515085084,38.9999999999083));
#9240=CARTESIAN_POINT('Ctrl Pts',(18.5202626043238,-2.02069811906949,38.9999999999537));
#9241=CARTESIAN_POINT('Ctrl Pts',(18.5632844545814,-1.91522453637194,38.999999999931));
#9242=CARTESIAN_POINT('Ctrl Pts',(18.6592838462026,-1.76916975869028,38.9999999999488));
#9243=CARTESIAN_POINT('Ctrl Pts',(18.8772238530316,-1.52988791823931,38.9999999999472));
#9244=CARTESIAN_POINT('Ctrl Pts',(19.2110590352656,-1.23529994370917,38.9999999999596));
#9245=CARTESIAN_POINT('Ctrl Pts',(19.6233362530976,-0.907012096346561,38.9999999999688));
#9246=CARTESIAN_POINT('Ctrl Pts',(20.042264751593,-0.593300265857668,38.9999999999784));
#9247=CARTESIAN_POINT('Ctrl Pts',(20.4646769086792,-0.287617818972114,38.9999999999834));
#9248=CARTESIAN_POINT('Ctrl Pts',(21.0309144078937,0.112505208559119,38.9999999999898));
#9249=CARTESIAN_POINT('Ctrl Pts',(21.741577270516,0.604151325305805,38.9999999999941));
#9250=CARTESIAN_POINT('Ctrl Pts',(22.3095023504146,0.994313647731053,39.));
#9251=CARTESIAN_POINT('Ctrl Pts',(22.5924057654646,1.18964525105474,39.));
#9252=CARTESIAN_POINT('Ctrl Pts',(18.4958392285451,-2.1235134715203,39.));
#9253=CARTESIAN_POINT('Ctrl Pts',(18.4984936307578,-2.1216667682244,39.));
#9254=CARTESIAN_POINT('Ctrl Pts',(18.5011585238956,-2.11983473042748,38.999999999998));
#9255=CARTESIAN_POINT('Ctrl Pts',(18.5215428004743,-2.10598221712321,38.9999999999083));
#9256=CARTESIAN_POINT('Ctrl Pts',(18.5578931983328,-2.08329332874347,38.9999999999537));
#9257=CARTESIAN_POINT('Ctrl Pts',(18.6323802273463,-2.04101708748546,38.999999999931));
#9258=CARTESIAN_POINT('Ctrl Pts',(18.7645072842149,-1.97019871524794,38.9999999999488));
#9259=CARTESIAN_POINT('Ctrl Pts',(19.0309731444727,-1.83289925161567,38.9999999999472));
#9260=CARTESIAN_POINT('Ctrl Pts',(19.4136077642024,-1.64059605737547,38.9999999999596));
#9261=CARTESIAN_POINT('Ctrl Pts',(19.8736769888102,-1.41171810701727,38.9999999999688));
#9262=CARTESIAN_POINT('Ctrl Pts',(20.3342194327147,-1.18376191433445,38.9999999999784));
#9263=CARTESIAN_POINT('Ctrl Pts',(20.7949112755362,-0.956108534531476,38.9999999999834));
#9264=CARTESIAN_POINT('Ctrl Pts',(21.4091903182125,-0.652592096622198,38.9999999999898));
#9265=CARTESIAN_POINT('Ctrl Pts',(22.1767412837405,-0.272580187921856,38.9999999999941));
#9266=CARTESIAN_POINT('Ctrl Pts',(22.7898632844246,0.0332496837450553,39.));
#9267=CARTESIAN_POINT('Ctrl Pts',(23.0959988902815,0.187012677765309,39.));
#9268=CARTESIAN_POINT('',(18.495839228545,-2.12351347152022,39.));
#9269=CARTESIAN_POINT('Ctrl Pts',(23.0959988902815,0.187012677765309,39.));
#9270=CARTESIAN_POINT('Ctrl Pts',(22.7898632844246,0.0332496837450553,39.));
#9271=CARTESIAN_POINT('Ctrl Pts',(22.1767412837405,-0.272580187921856,38.9999999999941));
#9272=CARTESIAN_POINT('Ctrl Pts',(21.4091903182125,-0.652592096622198,38.9999999999898));
#9273=CARTESIAN_POINT('Ctrl Pts',(20.7949112755362,-0.956108534531476,38.9999999999834));
#9274=CARTESIAN_POINT('Ctrl Pts',(20.3342194327147,-1.18376191433445,38.9999999999784));
#9275=CARTESIAN_POINT('Ctrl Pts',(19.8736769888102,-1.41171810701727,38.9999999999688));
#9276=CARTESIAN_POINT('Ctrl Pts',(19.4136077642024,-1.64059605737547,38.9999999999596));
#9277=CARTESIAN_POINT('Ctrl Pts',(19.0309731444727,-1.83289925161567,38.9999999999472));
#9278=CARTESIAN_POINT('Ctrl Pts',(18.7645072842149,-1.97019871524794,38.9999999999488));
#9279=CARTESIAN_POINT('Ctrl Pts',(18.6323802273463,-2.04101708748546,38.999999999931));
#9280=CARTESIAN_POINT('Ctrl Pts',(18.5578931983328,-2.08329332874347,38.9999999999537));
#9281=CARTESIAN_POINT('Ctrl Pts',(18.5215428004743,-2.10598221712321,38.9999999999083));
#9282=CARTESIAN_POINT('Ctrl Pts',(18.5011585238956,-2.11983473042748,38.999999999998));
#9283=CARTESIAN_POINT('Ctrl Pts',(18.4984936307578,-2.1216667682244,39.));
#9284=CARTESIAN_POINT('Ctrl Pts',(18.4958392285451,-2.1235134715203,39.));
#9285=CARTESIAN_POINT('Origin',(23.1633243317838,0.0529705764443866,44.15));
#9286=CARTESIAN_POINT('Ctrl Pts',(25.2029388205828,-4.67592704742959,44.));
#9287=CARTESIAN_POINT('Ctrl Pts',(24.8970228389399,-4.80787125898622,43.6669839303232));
#9288=CARTESIAN_POINT('Ctrl Pts',(24.3351211560857,-4.98912443078452,43.0811271592031));
#9289=CARTESIAN_POINT('Ctrl Pts',(23.6375779706119,-5.0862343332253,42.4078979202465));
#9290=CARTESIAN_POINT('Ctrl Pts',(22.9032593057969,-5.10803821087025,41.7331644792888));
#9291=CARTESIAN_POINT('Ctrl Pts',(22.3172350606122,-5.0516132674524,41.2258923539917));
#9292=CARTESIAN_POINT('Ctrl Pts',(21.6780899039811,-4.88296966277131,40.7179019885542));
#9293=CARTESIAN_POINT('Ctrl Pts',(21.3452545888102,-4.77051553299127,40.4637759194672));
#9294=CARTESIAN_POINT('Ctrl Pts',(20.9975290564807,-4.62625807737168,40.2095953969026));
#9295=CARTESIAN_POINT('Ctrl Pts',(20.5058389118309,-4.37407808879549,39.8705486584152));
#9296=CARTESIAN_POINT('Ctrl Pts',(19.9674180436578,-4.02080469785489,39.5318734192854));
#9297=CARTESIAN_POINT('Ctrl Pts',(19.3822717354019,-3.46477348561184,39.236539707949));
#9298=CARTESIAN_POINT('Ctrl Pts',(19.0097305873203,-3.00482977741027,39.0932833749098));
#9299=CARTESIAN_POINT('Ctrl Pts',(18.7326744921838,-2.58479391362096,39.0197001050651));
#9300=CARTESIAN_POINT('Ctrl Pts',(18.5785794009523,-2.29668616186077,39.0018021211808));
#9301=CARTESIAN_POINT('Ctrl Pts',(18.5122133247928,-2.15836845341595,39.0001096190733));
#9302=CARTESIAN_POINT('Ctrl Pts',(18.5038463026927,-2.14068469744294,39.));
#9303=CARTESIAN_POINT('Ctrl Pts',(18.4958392285451,-2.12351347152037,39.));
#9304=CARTESIAN_POINT('Ctrl Pts',(25.2029388205828,-4.67592704742959,43.2520017491453));
#9305=CARTESIAN_POINT('Ctrl Pts',(24.8772397811818,-4.76199989257898,42.9507124509046));
#9306=CARTESIAN_POINT('Ctrl Pts',(24.2846318672055,-4.87322654126925,42.4292444775011));
#9307=CARTESIAN_POINT('Ctrl Pts',(23.5608878265335,-4.91117878733958,41.8441178763636));
#9308=CARTESIAN_POINT('Ctrl Pts',(22.8063146574003,-4.88726610814596,41.2647408423212));
#9309=CARTESIAN_POINT('Ctrl Pts',(22.210972047258,-4.80970918618737,40.8353156230744));
#9310=CARTESIAN_POINT('Ctrl Pts',(21.5705183579605,-4.63743346099641,40.4106766525829));
#9311=CARTESIAN_POINT('Ctrl Pts',(21.2389375386886,-4.52731913466526,40.1992802481229));
#9312=CARTESIAN_POINT('Ctrl Pts',(20.894574360641,-4.38998954221612,39.9888246424545));
#9313=CARTESIAN_POINT('Ctrl Pts',(20.4110478053926,-4.1550053061324,39.7093861534595));
#9314=CARTESIAN_POINT('Ctrl Pts',(19.8868981820416,-3.8322365839856,39.4320663447362));
#9315=CARTESIAN_POINT('Ctrl Pts',(19.3270737039109,-3.3307323065942,39.1917672635634));
#9316=CARTESIAN_POINT('Ctrl Pts',(18.9755228619546,-2.91691191881287,39.0755534845868));
#9317=CARTESIAN_POINT('Ctrl Pts',(18.7168584162873,-2.5388377240487,39.0159463898604));
#9318=CARTESIAN_POINT('Ctrl Pts',(18.5735523251491,-2.27939305841451,39.0014589603634));
#9319=CARTESIAN_POINT('Ctrl Pts',(18.5112479176796,-2.15488607689734,39.0000887340779));
#9320=CARTESIAN_POINT('Ctrl Pts',(18.5033809502645,-2.13896873763434,39.));
#9321=CARTESIAN_POINT('Ctrl Pts',(18.4958392285451,-2.12351347152035,39.));
#9322=CARTESIAN_POINT('Ctrl Pts',(25.0673763895525,-4.36162213269881,41.7590941259776));
#9323=CARTESIAN_POINT('Ctrl Pts',(24.7133577433305,-4.38366383289137,41.5437397165067));
#9324=CARTESIAN_POINT('Ctrl Pts',(24.0795287170213,-4.4029787461071,41.1798960271855));
#9325=CARTESIAN_POINT('Ctrl Pts',(23.3262351564848,-4.37561239748908,40.7871545248987));
#9326=CARTESIAN_POINT('Ctrl Pts',(22.5532239675877,-4.31096158086467,40.4059571948303));
#9327=CARTESIAN_POINT('Ctrl Pts',(21.9546440973308,-4.22614025079886,40.1297412569677));
#9328=CARTESIAN_POINT('Ctrl Pts',(21.3252293441918,-4.07754088005665,39.8623596736229));
#9329=CARTESIAN_POINT('Ctrl Pts',(21.0025618332384,-3.98660519016374,39.7303287763992));
#9330=CARTESIAN_POINT('Ctrl Pts',(20.6708451574161,-3.8765388643476,39.599900593665));
#9331=CARTESIAN_POINT('Ctrl Pts',(20.21080056274,-3.69216637250971,39.4280541162072));
#9332=CARTESIAN_POINT('Ctrl Pts',(19.7210553222327,-3.44375569276513,39.2593256255356));
#9333=CARTESIAN_POINT('Ctrl Pts',(19.2153227614441,-3.0593131441465,39.1147078668691));
#9334=CARTESIAN_POINT('Ctrl Pts',(18.9068076709058,-2.74028087375093,39.0451183859335));
#9335=CARTESIAN_POINT('Ctrl Pts',(18.6852197236251,-2.44689194882028,39.0095137653491));
#9336=CARTESIAN_POINT('Ctrl Pts',(18.5634978149131,-2.24480562589317,39.0008706704624));
#9337=CARTESIAN_POINT('Ctrl Pts',(18.5093171005561,-2.1479213034871,39.0000529335561));
#9338=CARTESIAN_POINT('Ctrl Pts',(18.502450245408,-2.13553681801715,39.));
#9339=CARTESIAN_POINT('Ctrl Pts',(18.4958392285451,-2.12351347152032,39.));
#9340=CARTESIAN_POINT('Ctrl Pts',(24.4049385305112,-2.82574325225945,39.6560258725461));
#9341=CARTESIAN_POINT('Ctrl Pts',(24.0458517241127,-2.84399442231658,39.598220051649));
#9342=CARTESIAN_POINT('Ctrl Pts',(23.4138197080002,-2.87754251176143,39.5038176102115));
#9343=CARTESIAN_POINT('Ctrl Pts',(22.6835188199819,-2.90880034081821,39.4064731136625));
#9344=CARTESIAN_POINT('Ctrl Pts',(21.9467108382065,-2.93001234465755,39.314255235132));
#9345=CARTESIAN_POINT('Ctrl Pts',(21.3877401557346,-2.93538172987964,39.2495914503628));
#9346=CARTESIAN_POINT('Ctrl Pts',(20.8158750342992,-2.91486862666907,39.1886403788772));
#9347=CARTESIAN_POINT('Ctrl Pts',(20.5264124079931,-2.89737075031758,39.1588763465388));
#9348=CARTESIAN_POINT('Ctrl Pts',(20.2328421150091,-2.87128976500557,39.1297931662183));
#9349=CARTESIAN_POINT('Ctrl Pts',(19.832915630817,-2.81863428103578,39.0918804103508));
#9350=CARTESIAN_POINT('Ctrl Pts',(19.4186460911383,-2.7351344078093,39.0552525929074));
#9351=CARTESIAN_POINT('Ctrl Pts',(19.0163442908867,-2.57592177787622,39.024319694066));
#9352=CARTESIAN_POINT('Ctrl Pts',(18.7858031900184,-2.42917955716021,39.0095433399085));
#9353=CARTESIAN_POINT('Ctrl Pts',(18.6298344025635,-2.28590050750584,39.0020091331242));
#9354=CARTESIAN_POINT('Ctrl Pts',(18.5459013700161,-2.18427419752186,39.0001839300569));
#9355=CARTESIAN_POINT('Ctrl Pts',(18.5059381688834,-2.13573291185713,39.0000111831303));
#9356=CARTESIAN_POINT('Ctrl Pts',(18.5008215119093,-2.12953095868706,39.));
#9357=CARTESIAN_POINT('Ctrl Pts',(18.4958392285451,-2.12351347152027,39.));
#9358=CARTESIAN_POINT('Ctrl Pts',(23.6670882693331,-1.11501881584186,39.));
#9359=CARTESIAN_POINT('Ctrl Pts',(23.3354917702393,-1.20586452716655,39.0009916375024));
#9360=CARTESIAN_POINT('Ctrl Pts',(22.7546486210725,-1.36737857441856,38.9999140293091));
#9361=CARTESIAN_POINT('Ctrl Pts',(22.0882526603373,-1.55031957111753,39.0000158339821));
#9362=CARTESIAN_POINT('Ctrl Pts',(21.4195383929305,-1.72976040263418,39.0008477994815));
#9363=CARTESIAN_POINT('Ctrl Pts',(20.9158876339841,-1.86098473977655,39.0001190271027));
#9364=CARTESIAN_POINT('Ctrl Pts',(20.4072628433815,-1.98213936408916,39.0002212446976));
#9365=CARTESIAN_POINT('Ctrl Pts',(20.1515899738847,-2.03991348265697,39.00027737663));
#9366=CARTESIAN_POINT('Ctrl Pts',(19.894328655441,-2.09435246363546,39.0002834647323));
#9367=CARTESIAN_POINT('Ctrl Pts',(19.5479858384012,-2.1599223898151,39.00033186555));
#9368=CARTESIAN_POINT('Ctrl Pts',(19.1960443897257,-2.21339772801041,39.0000678024299));
#9369=CARTESIAN_POINT('Ctrl Pts',(18.872377492428,-2.22611317857719,39.0000338658384));
#9370=CARTESIAN_POINT('Ctrl Pts',(18.6989667786757,-2.20589131914291,39.0000088504628));
#9371=CARTESIAN_POINT('Ctrl Pts',(18.5902635796545,-2.17085935996655,39.0000055946433));
#9372=CARTESIAN_POINT('Ctrl Pts',(18.5333318616453,-2.14103550193952,39.0000006248606));
#9373=CARTESIAN_POINT('Ctrl Pts',(18.5035246473289,-2.12702690197608,38.9999999781109));
#9374=CARTESIAN_POINT('Ctrl Pts',(18.4996581308388,-2.12524105916556,39.));
#9375=CARTESIAN_POINT('Ctrl Pts',(18.495839228545,-2.12351347152023,39.));
#9376=CARTESIAN_POINT('Ctrl Pts',(23.2227305790303,-0.0847643058043676,
39.));
#9377=CARTESIAN_POINT('Ctrl Pts',(22.908163942802,-0.220439619582583,39.));
#9378=CARTESIAN_POINT('Ctrl Pts',(22.3583199253245,-0.45939888430349,38.9999999999963));
#9379=CARTESIAN_POINT('Ctrl Pts',(21.7306147945684,-0.734147251202561,38.9999999999927));
#9380=CARTESIAN_POINT('Ctrl Pts',(21.1031260072646,-1.00936951300537,38.9999999999927));
#9381=CARTESIAN_POINT('Ctrl Pts',(20.6326698772633,-1.21610719597339,38.999999999982));
#9382=CARTESIAN_POINT('Ctrl Pts',(20.1620649726734,-1.42243354382987,38.999999999978));
#9383=CARTESIAN_POINT('Ctrl Pts',(19.9266961688329,-1.52543919589277,38.9999999999765));
#9384=CARTESIAN_POINT('Ctrl Pts',(19.6912371375519,-1.62822829186374,38.9999999999717));
#9385=CARTESIAN_POINT('Ctrl Pts',(19.3770641624032,-1.76477810453343,38.9999999999716));
#9386=CARTESIAN_POINT('Ctrl Pts',(19.062491996576,-1.90037524199445,38.9999999999424));
#9387=CARTESIAN_POINT('Ctrl Pts',(18.786001838585,-2.01623810721224,38.9999999999493));
#9388=CARTESIAN_POINT('Ctrl Pts',(18.6468660629181,-2.07192096433387,38.9999999999308));
#9389=CARTESIAN_POINT('Ctrl Pts',(18.5665217477448,-2.10183619456991,38.9999999999537));
#9390=CARTESIAN_POINT('Ctrl Pts',(18.5257902308408,-2.11509245526585,38.9999999999083));
#9391=CARTESIAN_POINT('Ctrl Pts',(18.5020765317961,-2.12180329006898,38.999999999998));
#9392=CARTESIAN_POINT('Ctrl Pts',(18.4989601021965,-2.12266711945267,39.));
#9393=CARTESIAN_POINT('Ctrl Pts',(18.495839228545,-2.12351347152021,39.));
#9394=CARTESIAN_POINT('Origin',(23.1633243317838,0.0529705764443866,44.15));
#9395=CARTESIAN_POINT('Ctrl Pts',(18.495839228545,-2.12351347152021,39.));
#9396=CARTESIAN_POINT('Ctrl Pts',(18.4989601021965,-2.12266711945267,39.));
#9397=CARTESIAN_POINT('Ctrl Pts',(18.5020765317961,-2.12180329006898,38.999999999998));
#9398=CARTESIAN_POINT('Ctrl Pts',(18.5257902308408,-2.11509245526585,38.9999999999083));
#9399=CARTESIAN_POINT('Ctrl Pts',(18.5665217477448,-2.10183619456991,38.9999999999537));
#9400=CARTESIAN_POINT('Ctrl Pts',(18.6468660629181,-2.07192096433387,38.9999999999308));
#9401=CARTESIAN_POINT('Ctrl Pts',(18.786001838585,-2.01623810721224,38.9999999999493));
#9402=CARTESIAN_POINT('Ctrl Pts',(19.062491996576,-1.90037524199445,38.9999999999424));
#9403=CARTESIAN_POINT('Ctrl Pts',(19.3770641624032,-1.76477810453343,38.9999999999716));
#9404=CARTESIAN_POINT('Ctrl Pts',(19.6912371375519,-1.62822829186374,38.9999999999717));
#9405=CARTESIAN_POINT('Ctrl Pts',(19.9266961688329,-1.52543919589277,38.9999999999765));
#9406=CARTESIAN_POINT('Ctrl Pts',(20.1620649726734,-1.42243354382987,38.999999999978));
#9407=CARTESIAN_POINT('Ctrl Pts',(20.6326698772633,-1.21610719597339,38.999999999982));
#9408=CARTESIAN_POINT('Ctrl Pts',(21.1031260072646,-1.00936951300537,38.9999999999927));
#9409=CARTESIAN_POINT('Ctrl Pts',(21.7306147945684,-0.734147251202561,38.9999999999927));
#9410=CARTESIAN_POINT('Ctrl Pts',(22.3583199253245,-0.45939888430349,38.9999999999963));
#9411=CARTESIAN_POINT('Ctrl Pts',(22.908163942802,-0.220439619582583,39.));
#9412=CARTESIAN_POINT('Ctrl Pts',(23.2227305790303,-0.0847643058043676,
39.));
#9413=CARTESIAN_POINT('Origin',(23.1633243317838,0.0529705764443866,55.));
#9414=CARTESIAN_POINT('',(20.9868402838192,4.72045567968313,44.15));
#9415=CARTESIAN_POINT('Origin',(23.1633243317838,0.0529705764443866,44.15));
#9416=CARTESIAN_POINT('',(18.495839228545,-2.12351347152022,49.3));
#9417=CARTESIAN_POINT('Origin',(23.1633243317838,0.0529705764443866,44.15));
#9418=CARTESIAN_POINT('',(18.495839228545,-2.12351347152022,55.));
#9419=CARTESIAN_POINT('',(18.495839228545,-2.12351347152021,55.));
#9420=CARTESIAN_POINT('Origin',(23.1633243317838,0.0529705764443866,55.));
#9421=CARTESIAN_POINT('',(25.3398083797484,-4.61451452679436,44.15));
#9422=CARTESIAN_POINT('Origin',(23.1633243317838,0.0529705764443866,44.15));
#9423=CARTESIAN_POINT('Origin',(23.1633243317838,0.0529705764443866,44.15));
#9424=CARTESIAN_POINT('Origin',(9.56870752623399,-6.28630334966612,44.15));
#9425=CARTESIAN_POINT('',(9.56870752623399,-6.28630334966612,39.));
#9426=CARTESIAN_POINT('Origin',(9.56870752623399,-6.28630334966612,44.15));
#9427=CARTESIAN_POINT('Origin',(23.1633243317838,0.0529705764443866,39.));
#9428=CARTESIAN_POINT('Origin',(23.1633243317838,0.0529705764443866,65.));
#9429=CARTESIAN_POINT('',(16.492899019194,-3.05749982996716,65.));
#9430=CARTESIAN_POINT('Origin',(23.1633243317838,0.0529705764443866,65.));
#9431=CARTESIAN_POINT('',(18.495839228545,-2.12351347152022,65.));
#9432=CARTESIAN_POINT('Origin',(23.1633243317838,0.0529705764443866,65.));
#9433=CARTESIAN_POINT('Origin',(23.1633243317838,0.0529705764443866,65.));
#9434=CARTESIAN_POINT('',(16.492899019194,-3.05749982996716,55.));
#9435=CARTESIAN_POINT('Origin',(23.1633243317838,0.0529705764443866,55.));
#9436=CARTESIAN_POINT('',(16.492899019194,-3.05749982996716,65.));
#9437=CARTESIAN_POINT('Origin',(23.1633243317838,0.0529705764443866,55.));
#9438=CARTESIAN_POINT('Origin',(23.1633243317838,0.0529705764443866,70.));
#9439=CARTESIAN_POINT('',(18.495839228545,-2.12351347152022,70.));
#9440=CARTESIAN_POINT('',(18.495839228545,-2.12351347152021,70.));
#9441=CARTESIAN_POINT('Origin',(23.1633243317838,0.0529705764443866,70.));
#9442=CARTESIAN_POINT('Origin',(23.1633243317838,0.0529705764443866,147.4));
#9443=CARTESIAN_POINT('',(28.7643064556703,2.66475143400191,163.9));
#9444=CARTESIAN_POINT('Origin',(23.1633243317838,0.0529705764443866,163.9));
#9445=CARTESIAN_POINT('',(28.7643064556703,2.66475143400191,147.4));
#9446=CARTESIAN_POINT('',(28.7643064556703,2.66475143400191,147.4));
#9447=CARTESIAN_POINT('Origin',(23.1633243317838,0.0529705764443866,147.4));
#9448=CARTESIAN_POINT('Origin',(23.1633243317838,0.0529705764443866,163.9));
#9449=CARTESIAN_POINT('Origin',(23.1633243317838,0.0529705764443866,138.4));
#9450=CARTESIAN_POINT('',(31.0300759232619,3.72129708835366,147.4));
#9451=CARTESIAN_POINT('Origin',(23.1633243317838,0.0529705764443866,147.4));
#9452=CARTESIAN_POINT('',(31.0300759232619,3.72129708835366,138.4));
#9453=CARTESIAN_POINT('',(31.0300759232619,3.72129708835366,138.4));
#9454=CARTESIAN_POINT('Origin',(23.1633243317838,0.0529705764443866,138.4));
#9455=CARTESIAN_POINT('Origin',(23.1633243317838,0.0529705764443866,147.4));
#9456=CARTESIAN_POINT('Origin',(23.1633243317838,0.0529705764443866,125.4));
#9457=CARTESIAN_POINT('',(32.566267622289,4.43763504200415,138.4));
#9458=CARTESIAN_POINT('Origin',(23.1633243317838,0.0529705764443866,138.4));
#9459=CARTESIAN_POINT('',(32.566267622289,4.43763504200415,125.4));
#9460=CARTESIAN_POINT('',(32.566267622289,4.43763504200415,125.4));
#9461=CARTESIAN_POINT('Origin',(23.1633243317838,0.0529705764443866,125.4));
#9462=CARTESIAN_POINT('Origin',(23.1633243317838,0.0529705764443866,138.4));
#9463=CARTESIAN_POINT('Origin',(23.1633243317838,0.0529705764443866,107.4));
#9464=CARTESIAN_POINT('',(21.9053596275667,-13.7462150807944,107.4));
#9465=CARTESIAN_POINT('',(34.4847873103819,-7.93605164309115,107.4));
#9466=CARTESIAN_POINT('',(21.9053596275667,-13.7462150807944,107.4));
#9467=CARTESIAN_POINT('',(10.5838966489686,-5.75719286125884,107.4));
#9468=CARTESIAN_POINT('',(10.5838966489686,-5.75719286125884,107.4));
#9469=CARTESIAN_POINT('',(11.8418613531856,8.04199279597992,107.4));
#9470=CARTESIAN_POINT('',(11.8418613531856,8.04199279597992,107.4));
#9471=CARTESIAN_POINT('',(24.4212890360008,13.8521562336831,107.4));
#9472=CARTESIAN_POINT('',(24.4212890360008,13.8521562336831,107.4));
#9473=CARTESIAN_POINT('',(35.7427520145989,5.86313401414762,107.4));
#9474=CARTESIAN_POINT('',(35.7427520145989,5.86313401414762,107.4));
#9475=CARTESIAN_POINT('',(34.4847873103819,-7.93605164309115,107.4));
#9476=CARTESIAN_POINT('',(31.3200944151136,3.85653493211068,107.4));
#9477=CARTESIAN_POINT('Origin',(23.1633243317838,0.0529705764443866,107.4));
#9478=CARTESIAN_POINT('Origin',(10.5838966489686,-5.75719286125884,107.4));
#9479=CARTESIAN_POINT('',(21.9053596275667,-13.7462150807944,125.4));
#9480=CARTESIAN_POINT('',(21.9053596275667,-13.7462150807944,107.4));
#9481=CARTESIAN_POINT('',(10.5838966489686,-5.75719286125884,125.4));
#9482=CARTESIAN_POINT('',(10.5838966489686,-5.75719286125884,125.4));
#9483=CARTESIAN_POINT('',(10.5838966489686,-5.75719286125884,107.4));
#9484=CARTESIAN_POINT('Origin',(11.8418613531856,8.04199279597992,107.4));
#9485=CARTESIAN_POINT('',(11.8418613531856,8.04199279597992,125.4));
#9486=CARTESIAN_POINT('',(11.8418613531856,8.04199279597992,125.4));
#9487=CARTESIAN_POINT('',(11.8418613531856,8.04199279597992,107.4));
#9488=CARTESIAN_POINT('Origin',(24.4212890360008,13.8521562336831,107.4));
#9489=CARTESIAN_POINT('',(24.4212890360008,13.8521562336831,125.4));
#9490=CARTESIAN_POINT('',(24.4212890360008,13.8521562336831,125.4));
#9491=CARTESIAN_POINT('',(24.4212890360008,13.8521562336831,107.4));
#9492=CARTESIAN_POINT('Origin',(35.7427520145989,5.86313401414762,107.4));
#9493=CARTESIAN_POINT('',(35.7427520145989,5.86313401414762,125.4));
#9494=CARTESIAN_POINT('',(35.7427520145989,5.86313401414762,125.4));
#9495=CARTESIAN_POINT('',(35.7427520145989,5.86313401414762,107.4));
#9496=CARTESIAN_POINT('Origin',(34.4847873103819,-7.93605164309115,107.4));
#9497=CARTESIAN_POINT('',(34.4847873103819,-7.93605164309115,125.4));
#9498=CARTESIAN_POINT('',(34.4847873103819,-7.93605164309115,125.4));
#9499=CARTESIAN_POINT('',(34.4847873103819,-7.93605164309115,107.4));
#9500=CARTESIAN_POINT('Origin',(21.9053596275667,-13.7462150807944,107.4));
#9501=CARTESIAN_POINT('',(21.9053596275667,-13.7462150807944,125.4));
#9502=CARTESIAN_POINT('Origin',(23.1633243317838,0.0529705764443866,125.4));
#9503=CARTESIAN_POINT('Origin',(23.1633243317838,0.0529705764443866,103.1));
#9504=CARTESIAN_POINT('',(31.3200944151136,3.85653493211068,103.1));
#9505=CARTESIAN_POINT('',(31.3200944151136,3.85653493211068,103.1));
#9506=CARTESIAN_POINT('Origin',(23.1633243317838,0.0529705764443866,103.1));
#9507=CARTESIAN_POINT('Origin',(23.1633243317838,0.0529705764443866,95.1));
#9508=CARTESIAN_POINT('',(36.6119527560223,-1.123631950649,95.1));
#9509=CARTESIAN_POINT('',(35.3984794567785,5.75831710994383,95.1));
#9510=CARTESIAN_POINT('Origin',(23.1633243317838,0.0529705764443866,95.1));
#9511=CARTESIAN_POINT('',(30.9066062225229,11.1115231743458,95.1));
#9512=CARTESIAN_POINT('Origin',(23.1633243317838,0.0529705764443866,95.1));
#9513=CARTESIAN_POINT('',(35.2411514128006,8.07644195740269,95.1));
#9514=CARTESIAN_POINT('',(37.2912645417689,6.64093729031638,95.1));
#9515=CARTESIAN_POINT('',(37.0731375973052,4.14773490645468,95.1));
#9516=CARTESIAN_POINT('Origin',(23.1633243317838,0.0529705764443866,95.1));
#9517=CARTESIAN_POINT('',(35.9326409702758,-8.88820119161439,95.1));
#9518=CARTESIAN_POINT('Origin',(23.1633243317838,0.0529705764443866,95.1));
#9519=CARTESIAN_POINT('',(17.4579777982843,12.2881257014392,95.1));
#9520=CARTESIAN_POINT('Origin',(23.1633243317838,0.0529705764443866,95.1));
#9521=CARTESIAN_POINT('',(22.2537078298448,14.5244113415998,95.1));
#9522=CARTESIAN_POINT('',(24.5219479032769,15.5821090583752,95.1));
#9523=CARTESIAN_POINT('',(26.5720610322452,14.1466043912889,95.1));
#9524=CARTESIAN_POINT('Origin',(23.1633243317838,0.0529705764443866,95.1));
#9525=CARTESIAN_POINT('',(37.2912645417689,6.64093729031638,95.1));
#9526=CARTESIAN_POINT('Origin',(23.1633243317838,0.0529705764443866,95.1));
#9527=CARTESIAN_POINT('',(9.7146959075452,1.22957310353778,95.1));
#9528=CARTESIAN_POINT('Origin',(23.1633243317838,0.0529705764443866,95.1));
#9529=CARTESIAN_POINT('',(10.175880748828,6.50093996064145,95.1));
#9530=CARTESIAN_POINT('',(10.3940076932918,8.99414234450316,95.1));
#9531=CARTESIAN_POINT('',(12.6622477667238,10.0518400612786,95.1));
#9532=CARTESIAN_POINT('Origin',(23.1633243317838,0.0529705764443866,95.1));
#9533=CARTESIAN_POINT('',(24.5219479032769,15.5821090583752,95.1));
#9534=CARTESIAN_POINT('Origin',(23.1633243317838,0.0529705764443866,95.1));
#9535=CARTESIAN_POINT('',(15.4200424410446,-11.005582021457,95.1));
#9536=CARTESIAN_POINT('Origin',(23.1633243317838,0.0529705764443866,95.1));
#9537=CARTESIAN_POINT('',(11.0854972507669,-7.97050080451392,95.1));
#9538=CARTESIAN_POINT('',(9.03538412179863,-6.53499613742761,95.1));
#9539=CARTESIAN_POINT('',(9.25351106626234,-4.04179375356588,95.1));
#9540=CARTESIAN_POINT('Origin',(23.1633243317838,0.0529705764443866,95.1));
#9541=CARTESIAN_POINT('',(10.3940076932918,8.99414234450316,95.1));
#9542=CARTESIAN_POINT('Origin',(23.1633243317838,0.0529705764443866,95.1));
#9543=CARTESIAN_POINT('',(28.8686708652832,-12.1821845485504,95.1));
#9544=CARTESIAN_POINT('Origin',(23.1633243317838,0.0529705764443866,95.1));
#9545=CARTESIAN_POINT('',(24.0729408337226,-14.418470188711,95.1));
#9546=CARTESIAN_POINT('',(21.8047007602906,-15.4761679054864,95.1));
#9547=CARTESIAN_POINT('',(19.7545876313223,-14.0406632384001,95.1));
#9548=CARTESIAN_POINT('Origin',(23.1633243317838,0.0529705764443866,95.1));
#9549=CARTESIAN_POINT('',(9.03538412179863,-6.53499613742761,95.1));
#9550=CARTESIAN_POINT('Origin',(23.1633243317838,0.0529705764443866,95.1));
#9551=CARTESIAN_POINT('Origin',(23.1633243317838,0.0529705764443866,95.1));
#9552=CARTESIAN_POINT('',(36.1507679147395,-6.39499880775268,95.1));
#9553=CARTESIAN_POINT('',(35.9326409702758,-8.88820119161439,95.1));
#9554=CARTESIAN_POINT('',(33.6644008968437,-9.9458989083898,95.1));
#9555=CARTESIAN_POINT('Origin',(23.1633243317838,0.0529705764443866,95.1));
#9556=CARTESIAN_POINT('',(21.8047007602906,-15.4761679054864,95.1));
#9557=CARTESIAN_POINT('Origin',(10.175880748828,6.50093996064145,95.1));
#9558=CARTESIAN_POINT('',(9.25351106626234,-4.04179375356588,103.1));
#9559=CARTESIAN_POINT('',(9.25351106626234,-4.04179375356588,95.1));
#9560=CARTESIAN_POINT('',(10.175880748828,6.50093996064145,103.1));
#9561=CARTESIAN_POINT('',(10.3940076932918,8.99414234450316,103.1));
#9562=CARTESIAN_POINT('',(10.175880748828,6.50093996064145,95.1));
#9563=CARTESIAN_POINT('Origin',(23.1633243317838,0.0529705764443866,95.1));
#9564=CARTESIAN_POINT('',(12.6622477667238,10.0518400612786,103.1));
#9565=CARTESIAN_POINT('Origin',(23.1633243317838,0.0529705764443866,103.1));
#9566=CARTESIAN_POINT('',(12.6622477667238,10.0518400612786,95.1));
#9567=CARTESIAN_POINT('Origin',(22.2537078298449,14.5244113415998,95.1));
#9568=CARTESIAN_POINT('',(22.2537078298449,14.5244113415998,103.1));
#9569=CARTESIAN_POINT('',(24.5219479032769,15.5821090583752,103.1));
#9570=CARTESIAN_POINT('',(22.2537078298448,14.5244113415998,95.1));
#9571=CARTESIAN_POINT('Origin',(23.1633243317838,0.0529705764443866,95.1));
#9572=CARTESIAN_POINT('',(26.5720610322452,14.1466043912889,103.1));
#9573=CARTESIAN_POINT('Origin',(23.1633243317838,0.0529705764443866,103.1));
#9574=CARTESIAN_POINT('',(26.5720610322452,14.1466043912889,95.1));
#9575=CARTESIAN_POINT('Origin',(35.2411514128006,8.07644195740269,95.1));
#9576=CARTESIAN_POINT('',(35.2411514128006,8.07644195740269,103.1));
#9577=CARTESIAN_POINT('',(37.2912645417689,6.64093729031638,103.1));
#9578=CARTESIAN_POINT('',(35.2411514128006,8.07644195740269,95.1));
#9579=CARTESIAN_POINT('Origin',(23.1633243317838,0.0529705764443866,95.1));
#9580=CARTESIAN_POINT('',(37.0731375973052,4.14773490645468,103.1));
#9581=CARTESIAN_POINT('Origin',(23.1633243317838,0.0529705764443866,103.1));
#9582=CARTESIAN_POINT('',(37.0731375973052,4.14773490645468,95.1));
#9583=CARTESIAN_POINT('Origin',(36.1507679147395,-6.39499880775268,95.1));
#9584=CARTESIAN_POINT('',(36.1507679147395,-6.39499880775268,103.1));
#9585=CARTESIAN_POINT('',(35.9326409702758,-8.88820119161439,103.1));
#9586=CARTESIAN_POINT('',(36.1507679147395,-6.39499880775268,95.1));
#9587=CARTESIAN_POINT('Origin',(23.1633243317838,0.0529705764443866,95.1));
#9588=CARTESIAN_POINT('',(33.6644008968437,-9.9458989083898,103.1));
#9589=CARTESIAN_POINT('Origin',(23.1633243317838,0.0529705764443866,103.1));
#9590=CARTESIAN_POINT('',(33.6644008968437,-9.9458989083898,95.1));
#9591=CARTESIAN_POINT('Origin',(24.0729408337226,-14.418470188711,95.1));
#9592=CARTESIAN_POINT('',(24.0729408337226,-14.418470188711,103.1));
#9593=CARTESIAN_POINT('',(21.8047007602906,-15.4761679054864,103.1));
#9594=CARTESIAN_POINT('',(24.0729408337226,-14.418470188711,95.1));
#9595=CARTESIAN_POINT('Origin',(23.1633243317838,0.0529705764443866,95.1));
#9596=CARTESIAN_POINT('',(19.7545876313223,-14.0406632384001,103.1));
#9597=CARTESIAN_POINT('Origin',(23.1633243317838,0.0529705764443866,103.1));
#9598=CARTESIAN_POINT('',(19.7545876313223,-14.0406632384001,95.1));
#9599=CARTESIAN_POINT('Origin',(11.0854972507669,-7.97050080451392,95.1));
#9600=CARTESIAN_POINT('',(11.0854972507669,-7.97050080451392,103.1));
#9601=CARTESIAN_POINT('',(9.03538412179863,-6.53499613742761,103.1));
#9602=CARTESIAN_POINT('',(11.0854972507669,-7.97050080451392,95.1));
#9603=CARTESIAN_POINT('Origin',(23.1633243317838,0.0529705764443866,95.1));
#9604=CARTESIAN_POINT('Origin',(23.1633243317838,0.0529705764443866,103.1));
#9605=CARTESIAN_POINT('Origin',(23.1633243317838,0.0529705764443866,103.1));
#9606=CARTESIAN_POINT('Origin',(23.1633243317838,0.0529705764443866,83.4));
#9607=CARTESIAN_POINT('',(35.3984794567785,5.75831710994382,83.4));
#9608=CARTESIAN_POINT('',(35.3984794567785,5.75831710994383,83.4));
#9609=CARTESIAN_POINT('Origin',(23.1633243317838,0.0529705764443866,83.4));
#9610=CARTESIAN_POINT('Origin',(23.1633243317838,0.0529705764443866,70.));
#9611=CARTESIAN_POINT('',(10.0218614197523,-6.07499421879576,83.4));
#9612=CARTESIAN_POINT('Origin',(23.1633243317838,0.0529705764443866,83.4));
#9613=CARTESIAN_POINT('',(10.0218614197523,-6.07499421879576,70.));
#9614=CARTESIAN_POINT('',(10.0218614197523,-6.07499421879576,70.));
#9615=CARTESIAN_POINT('Origin',(23.1633243317838,0.0529705764443866,70.));
#9616=CARTESIAN_POINT('Origin',(23.1633243317838,0.0529705764443866,83.4));
#9617=CARTESIAN_POINT('Origin',(23.1633243317838,0.0529705764443866,70.));
#9618=CARTESIAN_POINT('Origin',(18.6317853966005,-2.06012073225912,44.15));
#9619=CARTESIAN_POINT('',(18.6317853966005,-2.06012073225912,39.));
#9620=CARTESIAN_POINT('Ctrl Pts',(-20.7476190584282,-4.70732881650856,44.));
#9621=CARTESIAN_POINT('Ctrl Pts',(-23.4645702436903,-6.07197422482054,44.));
#9622=CARTESIAN_POINT('Ctrl Pts',(-25.9719425229895,-4.35233324876582,44.));
#9623=CARTESIAN_POINT('Ctrl Pts',(-28.4793148022886,-2.63269227271112,44.));
#9624=CARTESIAN_POINT('Ctrl Pts',(-28.1849283821508,0.393430241193874,44.));
#9625=CARTESIAN_POINT('Ctrl Pts',(-27.8905419620129,3.41955275509885,44.));
#9626=CARTESIAN_POINT('Ctrl Pts',(-25.0987403721383,4.62368095271652,44.));
#9627=CARTESIAN_POINT('Ctrl Pts',(-20.7476190584282,-4.70732881650857,39.));
#9628=CARTESIAN_POINT('Ctrl Pts',(-23.4645702436903,-6.07197422482054,39.));
#9629=CARTESIAN_POINT('Ctrl Pts',(-25.9719425229895,-4.35233324876583,39.));
#9630=CARTESIAN_POINT('Ctrl Pts',(-28.4793148022886,-2.63269227271112,39.));
#9631=CARTESIAN_POINT('Ctrl Pts',(-28.1849283821508,0.393430241193876,39.));
#9632=CARTESIAN_POINT('Ctrl Pts',(-27.8905419620129,3.41955275509886,39.));
#9633=CARTESIAN_POINT('Ctrl Pts',(-25.0987403721383,4.62368095271653,39.));
#9634=CARTESIAN_POINT('Ctrl Pts',(-22.9918004418389,-0.239258772479187,
39.));
#9635=CARTESIAN_POINT('Ctrl Pts',(-23.0709349423806,-0.279005726119341,
39.));
#9636=CARTESIAN_POINT('Ctrl Pts',(-23.1439652029427,-0.228919095748816,
39.));
#9637=CARTESIAN_POINT('Ctrl Pts',(-23.2169954635048,-0.178832465378291,
39.));
#9638=CARTESIAN_POINT('Ctrl Pts',(-23.2084211017532,-0.090692974682031,
39.));
#9639=CARTESIAN_POINT('Ctrl Pts',(-23.1998467400016,-0.00255348398577099,
39.));
#9640=CARTESIAN_POINT('Ctrl Pts',(-23.1185321305878,0.0325182110904712,
39.));
#9641=CARTESIAN_POINT('',(-22.991800441839,-0.239258772479229,39.));
#9642=CARTESIAN_POINT('',(-20.7476190584312,-4.70732881651009,44.));
#9643=CARTESIAN_POINT('Origin',(-22.991800441839,-0.239258772479229,44.));
#9644=CARTESIAN_POINT('',(-25.0987403721403,4.62368095271567,44.));
#9645=CARTESIAN_POINT('Origin',(-23.0591258833413,-0.105216671158308,44.));
#9646=CARTESIAN_POINT('',(-23.1185321305878,0.0325182110904532,39.));
#9647=CARTESIAN_POINT('Origin',(-23.1185321305878,0.0325182110904532,44.));
#9648=CARTESIAN_POINT('Origin',(-23.0591258833413,-0.105216671158308,39.));
#9649=CARTESIAN_POINT('Ctrl Pts',(-18.3916407801025,2.07126737680629,39.));
#9650=CARTESIAN_POINT('Ctrl Pts',(-18.3836337059776,2.05409615093231,39.));
#9651=CARTESIAN_POINT('Ctrl Pts',(-18.3754655593933,2.03632013313991,39.0001096148851));
#9652=CARTESIAN_POINT('Ctrl Pts',(-18.312164787836,1.89656629866162,39.0018021552961));
#9653=CARTESIAN_POINT('Ctrl Pts',(-18.1904860087118,1.59323696791944,39.019716244752));
#9654=CARTESIAN_POINT('Ctrl Pts',(-18.0469529244901,1.11149510727439,39.0932240005779));
#9655=CARTESIAN_POINT('Ctrl Pts',(-17.9338254391784,0.529829358131173,39.2365182475292));
#9656=CARTESIAN_POINT('Ctrl Pts',(-17.8847532507879,-0.274085747798973,
39.5317929457192));
#9657=CARTESIAN_POINT('Ctrl Pts',(-17.9784544009003,-1.07531790940633,39.9553303711096));
#9658=CARTESIAN_POINT('Ctrl Pts',(-18.1871828678019,-1.83109375088049,40.4639072784282));
#9659=CARTESIAN_POINT('Ctrl Pts',(-18.4589922200676,-2.45050835974832,40.9720261362725));
#9660=CARTESIAN_POINT('Ctrl Pts',(-18.7718824084396,-2.98053833817684,41.4796012986353));
#9661=CARTESIAN_POINT('Ctrl Pts',(-19.2338365509986,-3.58869237577924,42.1552909375325));
#9662=CARTESIAN_POINT('Ctrl Pts',(-19.8783321169394,-4.19928287986005,42.9974489851252));
#9663=CARTESIAN_POINT('Ctrl Pts',(-20.4499022518923,-4.55779434006316,43.6669809393957));
#9664=CARTESIAN_POINT('Ctrl Pts',(-20.7476190584312,-4.70732881651009,44.));
#9665=CARTESIAN_POINT('Ctrl Pts',(-18.3916407801025,2.07126737680629,39.));
#9666=CARTESIAN_POINT('Ctrl Pts',(-18.3856650030234,2.05698366424188,39.0000270085941));
#9667=CARTESIAN_POINT('Ctrl Pts',(-18.3795586019926,2.04231995365523,39.0000294260666));
#9668=CARTESIAN_POINT('Ctrl Pts',(-18.3322181932797,1.92614932103764,39.0014445597982));
#9669=CARTESIAN_POINT('Ctrl Pts',(-18.2405849523147,1.67660462101939,39.0121982648487));
#9670=CARTESIAN_POINT('Ctrl Pts',(-18.1376177245868,1.2766117191474,39.0579479543959));
#9671=CARTESIAN_POINT('Ctrl Pts',(-18.0681853795283,0.786654360613811,39.1469564573551));
#9672=CARTESIAN_POINT('Ctrl Pts',(-18.0698504689209,0.0909546142133545,
39.332282703194));
#9673=CARTESIAN_POINT('Ctrl Pts',(-18.1992138181776,-0.633381205887345,
39.6022243326019));
#9674=CARTESIAN_POINT('Ctrl Pts',(-18.4252750188912,-1.35097265444876,39.9338937547762));
#9675=CARTESIAN_POINT('Ctrl Pts',(-18.6965025246627,-1.97010605868937,40.2731521764617));
#9676=CARTESIAN_POINT('Ctrl Pts',(-18.9955257794579,-2.52782165982738,40.6206003169394));
#9677=CARTESIAN_POINT('Ctrl Pts',(-19.4236126660475,-3.20492507189294,41.0954340401633));
#9678=CARTESIAN_POINT('Ctrl Pts',(-20.0007020597869,-3.95331382530524,41.7122055064964));
#9679=CARTESIAN_POINT('Ctrl Pts',(-20.4946123572483,-4.46874860169688,42.2344371071417));
#9680=CARTESIAN_POINT('Ctrl Pts',(-20.7476190584312,-4.70732881651009,42.5040034982906));
#9681=CARTESIAN_POINT('Ctrl Pts',(-18.3916407801025,2.07126737680629,39.));
#9682=CARTESIAN_POINT('Ctrl Pts',(-18.3892184162667,2.06214112454387,39.0000092130536));
#9683=CARTESIAN_POINT('Ctrl Pts',(-18.3867245562027,2.0526738608902,39.0000025493479));
#9684=CARTESIAN_POINT('Ctrl Pts',(-18.3672506937905,1.97909076109953,39.0003696661871));
#9685=CARTESIAN_POINT('Ctrl Pts',(-18.3282862724709,1.82246716604991,39.0028138896518));
#9686=CARTESIAN_POINT('Ctrl Pts',(-18.2978180219049,1.56898563085872,39.0134053287923));
#9687=CARTESIAN_POINT('Ctrl Pts',(-18.3094393677049,1.24763626824206,39.0340217555919));
#9688=CARTESIAN_POINT('Ctrl Pts',(-18.4139808662684,0.769785603589661,39.0772890111686));
#9689=CARTESIAN_POINT('Ctrl Pts',(-18.6340851110261,0.237006032044927,39.1411834796429));
#9690=CARTESIAN_POINT('Ctrl Pts',(-18.9346855045807,-0.323658290544352,
39.2213201183134));
#9691=CARTESIAN_POINT('Ctrl Pts',(-19.2565253010342,-0.837369693700516,
39.3051137644092));
#9692=CARTESIAN_POINT('Ctrl Pts',(-19.589504354869,-1.32535327656823,39.3929888263844));
#9693=CARTESIAN_POINT('Ctrl Pts',(-20.0434129008657,-1.95134201345695,39.5162145431728));
#9694=CARTESIAN_POINT('Ctrl Pts',(-20.6208890752885,-2.70435101279932,39.6828885387165));
#9695=CARTESIAN_POINT('Ctrl Pts',(-21.0829164276523,-3.29216675511571,39.8334534517458));
#9696=CARTESIAN_POINT('Ctrl Pts',(-21.3113346702726,-3.58499491906179,39.9143644009153));
#9697=CARTESIAN_POINT('Ctrl Pts',(-18.3916407801025,2.07126737680629,39.));
#9698=CARTESIAN_POINT('Ctrl Pts',(-18.3927720447114,2.06725522757126,39.));
#9699=CARTESIAN_POINT('Ctrl Pts',(-18.3938897705229,2.06308844139412,38.9999999999979));
#9700=CARTESIAN_POINT('Ctrl Pts',(-18.4023068517888,2.03154905611101,38.9999999999084));
#9701=CARTESIAN_POINT('Ctrl Pts',(-18.4160641559274,1.9684520243564,38.9999999999537));
#9702=CARTESIAN_POINT('Ctrl Pts',(-18.459086006233,1.8629784416886,38.999999999931));
#9703=CARTESIAN_POINT('Ctrl Pts',(-18.5550853979762,1.71692366418936,38.9999999999488));
#9704=CARTESIAN_POINT('Ctrl Pts',(-18.7730254054188,1.47764182456504,38.9999999999472));
#9705=CARTESIAN_POINT('Ctrl Pts',(-19.1068605878916,1.18305385040273,38.9999999999596));
#9706=CARTESIAN_POINT('Ctrl Pts',(-19.5191378063374,0.854766003911627,38.9999999999688));
#9707=CARTESIAN_POINT('Ctrl Pts',(-19.938066304851,0.541054173451901,38.9999999999785));
#9708=CARTESIAN_POINT('Ctrl Pts',(-20.3604784618842,0.235371726482653,38.9999999999834));
#9709=CARTESIAN_POINT('Ctrl Pts',(-20.9267159607045,-0.164751301583156,
38.9999999999898));
#9710=CARTESIAN_POINT('Ctrl Pts',(-21.6373788229812,-0.656397418867845,
38.9999999999941));
#9711=CARTESIAN_POINT('Ctrl Pts',(-22.2053039019721,-1.04655974244497,39.));
#9712=CARTESIAN_POINT('Ctrl Pts',(-22.4882073170221,-1.24189134576866,39.));
#9713=CARTESIAN_POINT('Ctrl Pts',(-18.3916407801025,2.07126737680629,39.));
#9714=CARTESIAN_POINT('Ctrl Pts',(-18.3942951823078,2.06942067351562,39.));
#9715=CARTESIAN_POINT('Ctrl Pts',(-18.3969600754589,2.0675886357095,38.9999999999979));
#9716=CARTESIAN_POINT('Ctrl Pts',(-18.4173443520745,2.05373612238215,38.9999999999084));
#9717=CARTESIAN_POINT('Ctrl Pts',(-18.4536947499363,2.0310472340299,38.9999999999537));
#9718=CARTESIAN_POINT('Ctrl Pts',(-18.5281817789979,1.98877099280212,38.999999999931));
#9719=CARTESIAN_POINT('Ctrl Pts',(-18.6603088359885,1.91795262074696,38.9999999999488));
#9720=CARTESIAN_POINT('Ctrl Pts',(-18.92677469686,1.78065315794141,38.9999999999472));
#9721=CARTESIAN_POINT('Ctrl Pts',(-19.3094093168284,1.58834996406901,38.9999999999596));
#9722=CARTESIAN_POINT('Ctrl Pts',(-19.7694785420501,1.35947201458233,38.9999999999688));
#9723=CARTESIAN_POINT('Ctrl Pts',(-20.2300209859727,1.13151582192868,38.9999999999785));
#9724=CARTESIAN_POINT('Ctrl Pts',(-20.6907128287412,0.903862442042016,38.9999999999834));
#9725=CARTESIAN_POINT('Ctrl Pts',(-21.3049918710233,0.600346003598156,38.9999999999898));
#9726=CARTESIAN_POINT('Ctrl Pts',(-22.0725428362057,0.220334094359817,38.9999999999941));
#9727=CARTESIAN_POINT('Ctrl Pts',(-22.6856648359821,-0.085495778458977,
39.));
#9728=CARTESIAN_POINT('Ctrl Pts',(-22.991800441839,-0.239258772479232,39.));
#9729=CARTESIAN_POINT('',(-18.3916407801025,2.0712673768063,39.));
#9730=CARTESIAN_POINT('Ctrl Pts',(-22.991800441839,-0.239258772479232,39.));
#9731=CARTESIAN_POINT('Ctrl Pts',(-22.6856648359821,-0.085495778458977,
39.));
#9732=CARTESIAN_POINT('Ctrl Pts',(-22.0725428362057,0.220334094359817,38.9999999999941));
#9733=CARTESIAN_POINT('Ctrl Pts',(-21.3049918710233,0.600346003598156,38.9999999999898));
#9734=CARTESIAN_POINT('Ctrl Pts',(-20.6907128287412,0.903862442042016,38.9999999999834));
#9735=CARTESIAN_POINT('Ctrl Pts',(-20.2300209859727,1.13151582192868,38.9999999999785));
#9736=CARTESIAN_POINT('Ctrl Pts',(-19.7694785420501,1.35947201458233,38.9999999999688));
#9737=CARTESIAN_POINT('Ctrl Pts',(-19.3094093168284,1.58834996406901,38.9999999999596));
#9738=CARTESIAN_POINT('Ctrl Pts',(-18.92677469686,1.78065315794141,38.9999999999472));
#9739=CARTESIAN_POINT('Ctrl Pts',(-18.6603088359885,1.91795262074696,38.9999999999488));
#9740=CARTESIAN_POINT('Ctrl Pts',(-18.5281817789979,1.98877099280212,38.999999999931));
#9741=CARTESIAN_POINT('Ctrl Pts',(-18.4536947499363,2.0310472340299,38.9999999999537));
#9742=CARTESIAN_POINT('Ctrl Pts',(-18.4173443520745,2.05373612238215,38.9999999999084));
#9743=CARTESIAN_POINT('Ctrl Pts',(-18.3969600754589,2.0675886357095,38.9999999999979));
#9744=CARTESIAN_POINT('Ctrl Pts',(-18.3942951823078,2.06942067351562,39.));
#9745=CARTESIAN_POINT('Ctrl Pts',(-18.3916407801025,2.07126737680629,39.));
#9746=CARTESIAN_POINT('Origin',(-23.0591258833413,-0.105216671158308,44.15));
#9747=CARTESIAN_POINT('Ctrl Pts',(-25.0987403721403,4.62368095271566,44.));
#9748=CARTESIAN_POINT('Ctrl Pts',(-24.7928243904974,4.75562516427232,43.6669839303232));
#9749=CARTESIAN_POINT('Ctrl Pts',(-24.2309224249063,4.93687776813357,43.081127142977));
#9750=CARTESIAN_POINT('Ctrl Pts',(-23.5333791004023,5.03398738923448,42.4078978969156));
#9751=CARTESIAN_POINT('Ctrl Pts',(-22.799060413324,5.05579122102662,41.7331644551588));
#9752=CARTESIAN_POINT('Ctrl Pts',(-22.213036053133,4.99936605710753,41.2258923188184));
#9753=CARTESIAN_POINT('Ctrl Pts',(-21.5738908975379,4.83072245840011,40.7179019517952));
#9754=CARTESIAN_POINT('Ctrl Pts',(-21.2410555830963,4.71826833070512,40.463775882488));
#9755=CARTESIAN_POINT('Ctrl Pts',(-20.8933300838439,4.57401094305598,40.2095953611759));
#9756=CARTESIAN_POINT('Ctrl Pts',(-20.4016399525496,4.32183098199162,39.8705486231657));
#9757=CARTESIAN_POINT('Ctrl Pts',(-19.86321937044,3.96855817332498,39.531873397218));
#9758=CARTESIAN_POINT('Ctrl Pts',(-19.2780732016441,3.41252723629647,39.2365396959645));
#9759=CARTESIAN_POINT('Ctrl Pts',(-18.9055321109102,2.95258363650494,39.0932833690839));
#9760=CARTESIAN_POINT('Ctrl Pts',(-18.6284760282661,2.53254779439354,39.0197001013997));
#9761=CARTESIAN_POINT('Ctrl Pts',(-18.4743809506304,2.24444006435451,39.0018021206576));
#9762=CARTESIAN_POINT('Ctrl Pts',(-18.4080148764938,2.10612235895874,39.0001096190948));
#9763=CARTESIAN_POINT('Ctrl Pts',(-18.3996478542274,2.08843860268015,39.));
#9764=CARTESIAN_POINT('Ctrl Pts',(-18.3916407801025,2.07126737680635,39.));
#9765=CARTESIAN_POINT('Ctrl Pts',(-25.0987403721403,4.62368095271566,43.2520017491453));
#9766=CARTESIAN_POINT('Ctrl Pts',(-24.7730413327392,4.70975379786507,42.9507124509046));
#9767=CARTESIAN_POINT('Ctrl Pts',(-24.1804331850478,4.82097998955234,42.4292444930109));
#9768=CARTESIAN_POINT('Ctrl Pts',(-23.4566890223267,4.85893198858338,41.8441178831594));
#9769=CARTESIAN_POINT('Ctrl Pts',(-22.7021158375382,4.83501927863789,41.2647408453543));
#9770=CARTESIAN_POINT('Ctrl Pts',(-22.1067731175577,4.75746214088667,40.8353156001111));
#9771=CARTESIAN_POINT('Ctrl Pts',(-21.4663194265057,4.58518641420741,40.4106766237523));
#9772=CARTESIAN_POINT('Ctrl Pts',(-21.1347386069548,4.47507208738768,40.1992802169452));
#9773=CARTESIAN_POINT('Ctrl Pts',(-20.7903754565485,4.33774255090256,39.9888246105828));
#9774=CARTESIAN_POINT('Ctrl Pts',(-20.3068489116181,4.10275833547277,39.7093861209363));
#9775=CARTESIAN_POINT('Ctrl Pts',(-19.7826995347295,3.77999011100379,39.4320663252742));
#9776=CARTESIAN_POINT('Ctrl Pts',(-19.2228751799236,3.27848607589944,39.1917672533306));
#9777=CARTESIAN_POINT('Ctrl Pts',(-18.8713243886238,2.86466578328354,39.0755534797181));
#9778=CARTESIAN_POINT('Ctrl Pts',(-18.6126599540755,2.48659160769362,39.0159463868143));
#9779=CARTESIAN_POINT('Ctrl Pts',(-18.4693538750364,2.22714696123489,39.0014589599304));
#9780=CARTESIAN_POINT('Ctrl Pts',(-18.4070494693686,2.10263998241278,39.0000887340957));
#9781=CARTESIAN_POINT('Ctrl Pts',(-18.3991825018005,2.08672264287644,39.));
#9782=CARTESIAN_POINT('Ctrl Pts',(-18.3916407801025,2.07126737680634,39.));
#9783=CARTESIAN_POINT('Ctrl Pts',(-24.9631780554287,4.30937630303549,41.7590936297785));
#9784=CARTESIAN_POINT('Ctrl Pts',(-24.6091594092066,4.33141800322806,41.5437392203076));
#9785=CARTESIAN_POINT('Ctrl Pts',(-23.9753301601151,4.35073247186305,41.179895620841));
#9786=CARTESIAN_POINT('Ctrl Pts',(-23.2220364825828,4.32336587924691,40.7871541934317));
#9787=CARTESIAN_POINT('Ctrl Pts',(-22.4490252802186,4.25871503630054,40.4059568481108));
#9788=CARTESIAN_POINT('Ctrl Pts',(-21.8504452941698,4.17389346616484,40.1297410380084));
#9789=CARTESIAN_POINT('Ctrl Pts',(-21.2210305331661,4.0252940786872,39.862359486898));
#9790=CARTESIAN_POINT('Ctrl Pts',(-20.8983630197648,3.9343583831124,39.7303286014359));
#9791=CARTESIAN_POINT('Ctrl Pts',(-20.5666463628408,3.8242920944952,39.5999004395207));
#9792=CARTESIAN_POINT('Ctrl Pts',(-20.1066017743748,3.63991961435965,39.4280539775384));
#9793=CARTESIAN_POINT('Ctrl Pts',(-19.6168567195763,3.39150930630026,39.2593255838061));
#9794=CARTESIAN_POINT('Ctrl Pts',(-19.1111242543981,3.00706694466729,39.1147078493893));
#9795=CARTESIAN_POINT('Ctrl Pts',(-18.8026092030704,2.68803474744672,39.0451183802259));
#9796=CARTESIAN_POINT('Ctrl Pts',(-18.581021264462,2.39464583737482,39.0095137619667));
#9797=CARTESIAN_POINT('Ctrl Pts',(-18.4592993651768,2.19255952927084,39.0008706700259));
#9798=CARTESIAN_POINT('Ctrl Pts',(-18.4051186522225,2.09567520895122,39.0000529335731));
#9799=CARTESIAN_POINT('Ctrl Pts',(-18.3982517969467,2.08329072326901,39.));
#9800=CARTESIAN_POINT('Ctrl Pts',(-18.3916407801025,2.07126737680633,39.));
#9801=CARTESIAN_POINT('Ctrl Pts',(-24.3007402521056,2.77349755178019,39.6560246764357));
#9802=CARTESIAN_POINT('Ctrl Pts',(-23.941653445707,2.79174872183732,39.5982188555386));
#9803=CARTESIAN_POINT('Ctrl Pts',(-23.3096212511072,2.82529643989131,39.5038169269103));
#9804=CARTESIAN_POINT('Ctrl Pts',(-22.5793202808586,2.85655409248659,39.4064726426126));
#9805=CARTESIAN_POINT('Ctrl Pts',(-21.8425122889875,2.8777660759912,39.3142547853631));
#9806=CARTESIAN_POINT('Ctrl Pts',(-21.2835415257942,2.88313528796905,39.2495912454266));
#9807=CARTESIAN_POINT('Ctrl Pts',(-20.7116763967084,2.86262216744842,39.1886402244445));
#9808=CARTESIAN_POINT('Ctrl Pts',(-20.4222137680119,2.84512428546611,39.1588762106391));
#9809=CARTESIAN_POINT('Ctrl Pts',(-20.1286434840375,2.81904331729396,39.1297930537289));
#9810=CARTESIAN_POINT('Ctrl Pts',(-19.7287170025046,2.76638783795665,39.0918803140662));
#9811=CARTESIAN_POINT('Ctrl Pts',(-19.314447560379,2.68288815838448,39.055252568712));
#9812=CARTESIAN_POINT('Ctrl Pts',(-18.9121458111715,2.52367562771073,39.0243196843658));
#9813=CARTESIAN_POINT('Ctrl Pts',(-18.6816047312285,2.37693344571183,39.0095433372768));
#9814=CARTESIAN_POINT('Ctrl Pts',(-18.5256359484191,2.23365440393953,39.0020091315977));
#9815=CARTESIAN_POINT('Ctrl Pts',(-18.4417029209025,2.13202810179437,39.0001839298734));
#9816=CARTESIAN_POINT('Ctrl Pts',(-18.4017397205116,2.08348681723427,39.0000111831371));
#9817=CARTESIAN_POINT('Ctrl Pts',(-18.3966230634526,2.07728486395601,39.));
#9818=CARTESIAN_POINT('Ctrl Pts',(-18.3916407801025,2.07126737680631,39.));
#9819=CARTESIAN_POINT('Ctrl Pts',(-23.5628898208906,1.06277272112794,39.));
#9820=CARTESIAN_POINT('Ctrl Pts',(-23.2312933217968,1.15361843245263,39.0009916375024));
#9821=CARTESIAN_POINT('Ctrl Pts',(-22.6504501957286,1.31513255463145,38.9999136533841));
#9822=CARTESIAN_POINT('Ctrl Pts',(-21.9840542175204,1.49807351575697,39.0000154287899));
#9823=CARTESIAN_POINT('Ctrl Pts',(-21.3153399558425,1.67751436183538,39.0008473174127));
#9824=CARTESIAN_POINT('Ctrl Pts',(-20.8116891570478,1.80873861032719,39.0001186506903));
#9825=CARTESIAN_POINT('Ctrl Pts',(-20.3030643587711,1.92989321661596,39.000220908122));
#9826=CARTESIAN_POINT('Ctrl Pts',(-20.0473914864259,1.98766732841025,39.0002770534314));
#9827=CARTESIAN_POINT('Ctrl Pts',(-19.7901301673661,2.04210630627798,39.0002831751798));
#9828=CARTESIAN_POINT('Ctrl Pts',(-19.4437873480058,2.10767622639931,39.000331603023));
#9829=CARTESIAN_POINT('Ctrl Pts',(-19.0918459164316,2.16115159068875,39.0000677331356));
#9830=CARTESIAN_POINT('Ctrl Pts',(-18.7681790345377,2.17386706900223,39.0000338400379));
#9831=CARTESIAN_POINT('Ctrl Pts',(-18.5947683269203,2.15364521965339,39.0000088439927));
#9832=CARTESIAN_POINT('Ctrl Pts',(-18.4860651294141,2.11861326277994,39.0000055910601));
#9833=CARTESIAN_POINT('Ctrl Pts',(-18.429133413013,2.08878940693759,39.00000062445));
#9834=CARTESIAN_POINT('Ctrl Pts',(-18.3993261989285,2.07478080728803,38.9999999781254));
#9835=CARTESIAN_POINT('Ctrl Pts',(-18.3954596823854,2.07299496444672,39.));
#9836=CARTESIAN_POINT('Ctrl Pts',(-18.3916407801025,2.0712673768063,39.));
#9837=CARTESIAN_POINT('Ctrl Pts',(-23.1185321305878,0.032518211090448,39.));
#9838=CARTESIAN_POINT('Ctrl Pts',(-22.8039654943595,0.168193524868664,39.));
#9839=CARTESIAN_POINT('Ctrl Pts',(-22.2541214744101,0.407152785531771,38.9999999999963));
#9840=CARTESIAN_POINT('Ctrl Pts',(-21.6264163420218,0.681901149801455,38.9999999999927));
#9841=CARTESIAN_POINT('Ctrl Pts',(-20.9989275545169,0.957123411255617,38.9999999999928));
#9842=CARTESIAN_POINT('Ctrl Pts',(-20.5284714231137,1.16386109219979,38.9999999999821));
#9843=CARTESIAN_POINT('Ctrl Pts',(-20.0578665185103,1.37018744011595,38.9999999999781));
#9844=CARTESIAN_POINT('Ctrl Pts',(-19.8224977146521,1.47319309217703,38.9999999999765));
#9845=CARTESIAN_POINT('Ctrl Pts',(-19.5870386837082,1.57598218873732,38.9999999999718));
#9846=CARTESIAN_POINT('Ctrl Pts',(-19.2728657086494,1.71253200160176,38.9999999999717));
#9847=CARTESIAN_POINT('Ctrl Pts',(-18.9582935458142,1.848129144174,38.9999999999425));
#9848=CARTESIAN_POINT('Ctrl Pts',(-18.6818033893184,1.96399201159617,38.9999999999494));
#9849=CARTESIAN_POINT('Ctrl Pts',(-18.5426676142717,2.01967486943649,38.9999999999309));
#9850=CARTESIAN_POINT('Ctrl Pts',(-18.4623232992291,2.04959009977508,38.9999999999538));
#9851=CARTESIAN_POINT('Ctrl Pts',(-18.4215917824266,2.06284636053513,38.9999999999084));
#9852=CARTESIAN_POINT('Ctrl Pts',(-18.397878083381,2.06955719534762,38.999999999998));
#9853=CARTESIAN_POINT('Ctrl Pts',(-18.3947616537451,2.07042102474115,39.));
#9854=CARTESIAN_POINT('Ctrl Pts',(-18.3916407801025,2.07126737680629,39.));
#9855=CARTESIAN_POINT('Origin',(-23.0591258833413,-0.105216671158308,44.15));
#9856=CARTESIAN_POINT('Ctrl Pts',(-18.3916407801025,2.07126737680629,39.));
#9857=CARTESIAN_POINT('Ctrl Pts',(-18.3947616537451,2.07042102474115,39.));
#9858=CARTESIAN_POINT('Ctrl Pts',(-18.397878083381,2.06955719534762,38.999999999998));
#9859=CARTESIAN_POINT('Ctrl Pts',(-18.4215917824266,2.06284636053513,38.9999999999084));
#9860=CARTESIAN_POINT('Ctrl Pts',(-18.4623232992291,2.04959009977508,38.9999999999538));
#9861=CARTESIAN_POINT('Ctrl Pts',(-18.5426676142717,2.01967486943649,38.9999999999309));
#9862=CARTESIAN_POINT('Ctrl Pts',(-18.6818033893184,1.96399201159617,38.9999999999494));
#9863=CARTESIAN_POINT('Ctrl Pts',(-18.9582935458142,1.848129144174,38.9999999999425));
#9864=CARTESIAN_POINT('Ctrl Pts',(-19.2728657086494,1.71253200160176,38.9999999999717));
#9865=CARTESIAN_POINT('Ctrl Pts',(-19.5870386837082,1.57598218873732,38.9999999999718));
#9866=CARTESIAN_POINT('Ctrl Pts',(-19.8224977146521,1.47319309217703,38.9999999999765));
#9867=CARTESIAN_POINT('Ctrl Pts',(-20.0578665185103,1.37018744011595,38.9999999999781));
#9868=CARTESIAN_POINT('Ctrl Pts',(-20.5284714231137,1.16386109219979,38.9999999999821));
#9869=CARTESIAN_POINT('Ctrl Pts',(-20.9989275545169,0.957123411255617,38.9999999999928));
#9870=CARTESIAN_POINT('Ctrl Pts',(-21.6264163420218,0.681901149801455,38.9999999999927));
#9871=CARTESIAN_POINT('Ctrl Pts',(-22.2541214744101,0.407152785531771,38.9999999999963));
#9872=CARTESIAN_POINT('Ctrl Pts',(-22.8039654943595,0.168193524868664,39.));
#9873=CARTESIAN_POINT('Ctrl Pts',(-23.1185321305878,0.032518211090448,39.));
#9874=CARTESIAN_POINT('Origin',(-23.0591258833413,-0.105216671158308,55.));
#9875=CARTESIAN_POINT('',(-20.8826418353767,-4.77270177439705,44.15));
#9876=CARTESIAN_POINT('Origin',(-23.0591258833413,-0.105216671158308,44.15));
#9877=CARTESIAN_POINT('',(-18.3916407801025,2.07126737680629,49.3));
#9878=CARTESIAN_POINT('Origin',(-23.0591258833413,-0.105216671158308,44.15));
#9879=CARTESIAN_POINT('',(-18.3916407801025,2.0712673768063,55.));
#9880=CARTESIAN_POINT('',(-18.3916407801025,2.07126737680629,55.));
#9881=CARTESIAN_POINT('Origin',(-23.0591258833413,-0.105216671158308,55.));
#9882=CARTESIAN_POINT('',(-25.2356099313059,4.56226843208044,44.15));
#9883=CARTESIAN_POINT('Origin',(-23.0591258833413,-0.105216671158308,44.15));
#9884=CARTESIAN_POINT('Origin',(-23.0591258833413,-0.105216671158308,44.15));
#9885=CARTESIAN_POINT('Origin',(-9.46450907779149,6.2340572549522,44.15));
#9886=CARTESIAN_POINT('',(-9.46450907779149,6.23405725495219,39.));
#9887=CARTESIAN_POINT('Origin',(-9.46450907779149,6.2340572549522,44.15));
#9888=CARTESIAN_POINT('Origin',(-23.0591258833413,-0.105216671158308,39.));
#9889=CARTESIAN_POINT('Origin',(-23.0591258833413,-0.105216671158308,65.));
#9890=CARTESIAN_POINT('',(-16.3887005707515,3.00525373525324,65.));
#9891=CARTESIAN_POINT('Origin',(-23.0591258833413,-0.105216671158308,65.));
#9892=CARTESIAN_POINT('',(-18.3916407801025,2.0712673768063,65.));
#9893=CARTESIAN_POINT('Origin',(-23.0591258833413,-0.105216671158308,65.));
#9894=CARTESIAN_POINT('Origin',(-23.0591258833413,-0.105216671158308,65.));
#9895=CARTESIAN_POINT('',(-16.3887005707515,3.00525373525324,55.));
#9896=CARTESIAN_POINT('Origin',(-23.0591258833413,-0.105216671158308,55.));
#9897=CARTESIAN_POINT('',(-16.3887005707515,3.00525373525324,65.));
#9898=CARTESIAN_POINT('Origin',(-23.0591258833413,-0.105216671158308,55.));
#9899=CARTESIAN_POINT('Origin',(-23.0591258833413,-0.105216671158308,70.));
#9900=CARTESIAN_POINT('',(-18.3916407801025,2.0712673768063,70.));
#9901=CARTESIAN_POINT('',(-18.3916407801025,2.07126737680629,70.));
#9902=CARTESIAN_POINT('Origin',(-23.0591258833413,-0.105216671158308,70.));
#9903=CARTESIAN_POINT('Origin',(-23.0591258833413,-0.105216671158308,147.4));
#9904=CARTESIAN_POINT('',(-28.6601080072278,-2.71699752871582,163.9));
#9905=CARTESIAN_POINT('Origin',(-23.0591258833413,-0.105216671158308,163.9));
#9906=CARTESIAN_POINT('',(-28.6601080072278,-2.71699752871582,147.4));
#9907=CARTESIAN_POINT('',(-28.6601080072278,-2.71699752871583,147.4));
#9908=CARTESIAN_POINT('Origin',(-23.0591258833413,-0.105216671158308,147.4));
#9909=CARTESIAN_POINT('Origin',(-23.0591258833413,-0.105216671158308,163.9));
#9910=CARTESIAN_POINT('Origin',(-23.0591258833413,-0.105216671158308,138.4));
#9911=CARTESIAN_POINT('',(-30.9258774748194,-3.77354318306758,147.4));
#9912=CARTESIAN_POINT('Origin',(-23.0591258833413,-0.105216671158308,147.4));
#9913=CARTESIAN_POINT('',(-30.9258774748194,-3.77354318306758,138.4));
#9914=CARTESIAN_POINT('',(-30.9258774748194,-3.77354318306758,138.4));
#9915=CARTESIAN_POINT('Origin',(-23.0591258833413,-0.105216671158308,138.4));
#9916=CARTESIAN_POINT('Origin',(-23.0591258833413,-0.105216671158308,147.4));
#9917=CARTESIAN_POINT('Origin',(-23.0591258833413,-0.105216671158308,125.4));
#9918=CARTESIAN_POINT('',(-32.4620691738465,-4.48988113671806,138.4));
#9919=CARTESIAN_POINT('Origin',(-23.0591258833413,-0.105216671158308,138.4));
#9920=CARTESIAN_POINT('',(-32.4620691738465,-4.48988113671806,125.4));
#9921=CARTESIAN_POINT('',(-32.4620691738465,-4.48988113671806,125.4));
#9922=CARTESIAN_POINT('Origin',(-23.0591258833413,-0.105216671158308,125.4));
#9923=CARTESIAN_POINT('Origin',(-23.0591258833413,-0.105216671158308,138.4));
#9924=CARTESIAN_POINT('Origin',(-23.0591258833413,-0.105216671158308,107.4));
#9925=CARTESIAN_POINT('',(-21.8011611791242,13.6939689860805,107.4));
#9926=CARTESIAN_POINT('',(-34.3805888619394,7.88380554837722,107.4));
#9927=CARTESIAN_POINT('',(-21.8011611791242,13.6939689860805,107.4));
#9928=CARTESIAN_POINT('',(-10.4796982005261,5.70494676654493,107.4));
#9929=CARTESIAN_POINT('',(-10.4796982005261,5.70494676654493,107.4));
#9930=CARTESIAN_POINT('',(-11.7376629047432,-8.09423889069385,107.4));
#9931=CARTESIAN_POINT('',(-11.7376629047432,-8.09423889069385,107.4));
#9932=CARTESIAN_POINT('',(-24.3170905875583,-13.9044023283971,107.4));
#9933=CARTESIAN_POINT('',(-24.3170905875583,-13.9044023283971,107.4));
#9934=CARTESIAN_POINT('',(-35.6385535661564,-5.91538010886154,107.4));
#9935=CARTESIAN_POINT('',(-35.6385535661564,-5.91538010886154,107.4));
#9936=CARTESIAN_POINT('',(-34.3805888619394,7.88380554837722,107.4));
#9937=CARTESIAN_POINT('',(-31.2158959666711,-3.9087810268246,107.4));
#9938=CARTESIAN_POINT('Origin',(-23.0591258833413,-0.105216671158308,107.4));
#9939=CARTESIAN_POINT('Origin',(-10.4796982005261,5.70494676654493,107.4));
#9940=CARTESIAN_POINT('',(-21.8011611791242,13.6939689860805,125.4));
#9941=CARTESIAN_POINT('',(-21.8011611791242,13.6939689860805,107.4));
#9942=CARTESIAN_POINT('',(-10.4796982005261,5.70494676654493,125.4));
#9943=CARTESIAN_POINT('',(-10.4796982005261,5.70494676654493,125.4));
#9944=CARTESIAN_POINT('',(-10.4796982005261,5.70494676654493,107.4));
#9945=CARTESIAN_POINT('Origin',(-11.7376629047432,-8.09423889069385,107.4));
#9946=CARTESIAN_POINT('',(-11.7376629047432,-8.09423889069385,125.4));
#9947=CARTESIAN_POINT('',(-11.7376629047432,-8.09423889069385,125.4));
#9948=CARTESIAN_POINT('',(-11.7376629047432,-8.09423889069385,107.4));
#9949=CARTESIAN_POINT('Origin',(-24.3170905875583,-13.9044023283971,107.4));
#9950=CARTESIAN_POINT('',(-24.3170905875583,-13.9044023283971,125.4));
#9951=CARTESIAN_POINT('',(-24.3170905875583,-13.9044023283971,125.4));
#9952=CARTESIAN_POINT('',(-24.3170905875583,-13.9044023283971,107.4));
#9953=CARTESIAN_POINT('Origin',(-35.6385535661564,-5.91538010886154,107.4));
#9954=CARTESIAN_POINT('',(-35.6385535661564,-5.91538010886154,125.4));
#9955=CARTESIAN_POINT('',(-35.6385535661564,-5.91538010886154,125.4));
#9956=CARTESIAN_POINT('',(-35.6385535661564,-5.91538010886154,107.4));
#9957=CARTESIAN_POINT('Origin',(-34.3805888619394,7.88380554837722,107.4));
#9958=CARTESIAN_POINT('',(-34.3805888619394,7.88380554837722,125.4));
#9959=CARTESIAN_POINT('',(-34.3805888619394,7.88380554837722,125.4));
#9960=CARTESIAN_POINT('',(-34.3805888619394,7.88380554837722,107.4));
#9961=CARTESIAN_POINT('Origin',(-21.8011611791242,13.6939689860805,107.4));
#9962=CARTESIAN_POINT('',(-21.8011611791242,13.6939689860805,125.4));
#9963=CARTESIAN_POINT('Origin',(-23.0591258833413,-0.105216671158308,125.4));
#9964=CARTESIAN_POINT('Origin',(-23.0591258833413,-0.105216671158308,103.1));
#9965=CARTESIAN_POINT('',(-31.2158959666711,-3.9087810268246,103.1));
#9966=CARTESIAN_POINT('',(-31.2158959666711,-3.9087810268246,103.1));
#9967=CARTESIAN_POINT('Origin',(-23.0591258833413,-0.105216671158308,103.1));
#9968=CARTESIAN_POINT('Origin',(-23.0591258833413,-0.105216671158308,95.1));
#9969=CARTESIAN_POINT('',(-36.5077543075798,1.07138585593508,95.1));
#9970=CARTESIAN_POINT('',(-35.294281008336,-5.81056320465775,95.1));
#9971=CARTESIAN_POINT('Origin',(-23.0591258833413,-0.105216671158308,95.1));
#9972=CARTESIAN_POINT('',(-30.8024077740804,-11.1637692690597,95.1));
#9973=CARTESIAN_POINT('Origin',(-23.0591258833413,-0.105216671158308,95.1));
#9974=CARTESIAN_POINT('',(-35.1369529643581,-8.1286880521166,95.1));
#9975=CARTESIAN_POINT('',(-37.1870660933264,-6.69318338503031,95.1));
#9976=CARTESIAN_POINT('',(-36.9689391488627,-4.19998100116859,95.1));
#9977=CARTESIAN_POINT('Origin',(-23.0591258833413,-0.105216671158308,95.1));
#9978=CARTESIAN_POINT('',(-35.8284425218333,8.83595509690047,95.1));
#9979=CARTESIAN_POINT('Origin',(-23.0591258833413,-0.105216671158308,95.1));
#9980=CARTESIAN_POINT('',(-17.3537793498418,-12.3403717961531,95.1));
#9981=CARTESIAN_POINT('Origin',(-23.0591258833413,-0.105216671158308,95.1));
#9982=CARTESIAN_POINT('',(-22.1495093814024,-14.5766574363137,95.1));
#9983=CARTESIAN_POINT('',(-24.4177494548344,-15.6343551530891,95.1));
#9984=CARTESIAN_POINT('',(-26.4678625838027,-14.1988504860028,95.1));
#9985=CARTESIAN_POINT('Origin',(-23.0591258833413,-0.105216671158308,95.1));
#9986=CARTESIAN_POINT('',(-37.1870660933264,-6.69318338503031,95.1));
#9987=CARTESIAN_POINT('Origin',(-23.0591258833413,-0.105216671158308,95.1));
#9988=CARTESIAN_POINT('',(-9.61049745910269,-1.2818191982517,95.1));
#9989=CARTESIAN_POINT('Origin',(-23.0591258833413,-0.105216671158308,95.1));
#9990=CARTESIAN_POINT('',(-10.0716823003855,-6.55318605535537,95.1));
#9991=CARTESIAN_POINT('',(-10.2898092448493,-9.0463884392171,95.1));
#9992=CARTESIAN_POINT('',(-12.5580493182813,-10.1040861559925,95.1));
#9993=CARTESIAN_POINT('Origin',(-23.0591258833413,-0.105216671158308,95.1));
#9994=CARTESIAN_POINT('',(-24.4177494548344,-15.6343551530891,95.1));
#9995=CARTESIAN_POINT('Origin',(-23.0591258833413,-0.105216671158308,95.1));
#9996=CARTESIAN_POINT('',(-15.3158439926021,10.9533359267431,95.1));
#9997=CARTESIAN_POINT('Origin',(-23.0591258833413,-0.105216671158308,95.1));
#9998=CARTESIAN_POINT('',(-10.9812988023244,7.91825470979999,95.1));
#9999=CARTESIAN_POINT('',(-8.93118567335613,6.48275004271369,95.1));
#10000=CARTESIAN_POINT('',(-9.14931261781983,3.98954765885196,95.1));
#10001=CARTESIAN_POINT('Origin',(-23.0591258833413,-0.105216671158308,95.1));
#10002=CARTESIAN_POINT('',(-10.2898092448493,-9.0463884392171,95.1));
#10003=CARTESIAN_POINT('Origin',(-23.0591258833413,-0.105216671158308,95.1));
#10004=CARTESIAN_POINT('',(-28.7644724168407,12.1299384538365,95.1));
#10005=CARTESIAN_POINT('Origin',(-23.0591258833413,-0.105216671158308,95.1));
#10006=CARTESIAN_POINT('',(-23.9687423852801,14.3662240939971,95.1));
#10007=CARTESIAN_POINT('',(-21.7005023118481,15.4239218107725,95.1));
#10008=CARTESIAN_POINT('',(-19.6503891828798,13.9884171436862,95.1));
#10009=CARTESIAN_POINT('Origin',(-23.0591258833413,-0.105216671158308,95.1));
#10010=CARTESIAN_POINT('',(-8.93118567335613,6.48275004271369,95.1));
#10011=CARTESIAN_POINT('Origin',(-23.0591258833413,-0.105216671158308,95.1));
#10012=CARTESIAN_POINT('Origin',(-23.0591258833413,-0.105216671158308,95.1));
#10013=CARTESIAN_POINT('',(-36.046569466297,6.34275271303876,95.1));
#10014=CARTESIAN_POINT('',(-35.8284425218333,8.83595509690047,95.1));
#10015=CARTESIAN_POINT('',(-33.5602024484012,9.89365281367587,95.1));
#10016=CARTESIAN_POINT('Origin',(-23.0591258833413,-0.105216671158308,95.1));
#10017=CARTESIAN_POINT('',(-21.7005023118481,15.4239218107725,95.1));
#10018=CARTESIAN_POINT('Origin',(-10.0716823003855,-6.55318605535537,95.1));
#10019=CARTESIAN_POINT('',(-9.14931261781983,3.98954765885196,103.1));
#10020=CARTESIAN_POINT('',(-9.14931261781983,3.98954765885196,95.1));
#10021=CARTESIAN_POINT('',(-10.0716823003855,-6.55318605535537,103.1));
#10022=CARTESIAN_POINT('',(-10.2898092448493,-9.0463884392171,103.1));
#10023=CARTESIAN_POINT('',(-10.0716823003855,-6.55318605535537,95.1));
#10024=CARTESIAN_POINT('Origin',(-23.0591258833413,-0.105216671158308,95.1));
#10025=CARTESIAN_POINT('',(-12.5580493182813,-10.1040861559925,103.1));
#10026=CARTESIAN_POINT('Origin',(-23.0591258833413,-0.105216671158308,103.1));
#10027=CARTESIAN_POINT('',(-12.5580493182813,-10.1040861559925,95.1));
#10028=CARTESIAN_POINT('Origin',(-22.1495093814024,-14.5766574363137,95.1));
#10029=CARTESIAN_POINT('',(-22.1495093814024,-14.5766574363137,103.1));
#10030=CARTESIAN_POINT('',(-24.4177494548344,-15.6343551530891,103.1));
#10031=CARTESIAN_POINT('',(-22.1495093814024,-14.5766574363137,95.1));
#10032=CARTESIAN_POINT('Origin',(-23.0591258833413,-0.105216671158308,95.1));
#10033=CARTESIAN_POINT('',(-26.4678625838027,-14.1988504860028,103.1));
#10034=CARTESIAN_POINT('Origin',(-23.0591258833413,-0.105216671158308,103.1));
#10035=CARTESIAN_POINT('',(-26.4678625838027,-14.1988504860028,95.1));
#10036=CARTESIAN_POINT('Origin',(-35.1369529643581,-8.12868805211661,95.1));
#10037=CARTESIAN_POINT('',(-35.1369529643581,-8.1286880521166,103.1));
#10038=CARTESIAN_POINT('',(-37.1870660933264,-6.69318338503031,103.1));
#10039=CARTESIAN_POINT('',(-35.1369529643581,-8.1286880521166,95.1));
#10040=CARTESIAN_POINT('Origin',(-23.0591258833413,-0.105216671158308,95.1));
#10041=CARTESIAN_POINT('',(-36.9689391488627,-4.19998100116859,103.1));
#10042=CARTESIAN_POINT('Origin',(-23.0591258833413,-0.105216671158308,103.1));
#10043=CARTESIAN_POINT('',(-36.9689391488627,-4.19998100116859,95.1));
#10044=CARTESIAN_POINT('Origin',(-36.046569466297,6.34275271303876,95.1));
#10045=CARTESIAN_POINT('',(-36.046569466297,6.34275271303876,103.1));
#10046=CARTESIAN_POINT('',(-35.8284425218333,8.83595509690047,103.1));
#10047=CARTESIAN_POINT('',(-36.046569466297,6.34275271303876,95.1));
#10048=CARTESIAN_POINT('Origin',(-23.0591258833413,-0.105216671158308,95.1));
#10049=CARTESIAN_POINT('',(-33.5602024484012,9.89365281367587,103.1));
#10050=CARTESIAN_POINT('Origin',(-23.0591258833413,-0.105216671158308,103.1));
#10051=CARTESIAN_POINT('',(-33.5602024484012,9.89365281367587,95.1));
#10052=CARTESIAN_POINT('Origin',(-23.9687423852801,14.3662240939971,95.1));
#10053=CARTESIAN_POINT('',(-23.9687423852801,14.3662240939971,103.1));
#10054=CARTESIAN_POINT('',(-21.7005023118481,15.4239218107725,103.1));
#10055=CARTESIAN_POINT('',(-23.9687423852801,14.3662240939971,95.1));
#10056=CARTESIAN_POINT('Origin',(-23.0591258833413,-0.105216671158308,95.1));
#10057=CARTESIAN_POINT('',(-19.6503891828798,13.9884171436862,103.1));
#10058=CARTESIAN_POINT('Origin',(-23.0591258833413,-0.105216671158308,103.1));
#10059=CARTESIAN_POINT('',(-19.6503891828798,13.9884171436862,95.1));
#10060=CARTESIAN_POINT('Origin',(-10.9812988023244,7.91825470979999,95.1));
#10061=CARTESIAN_POINT('',(-10.9812988023244,7.91825470979999,103.1));
#10062=CARTESIAN_POINT('',(-8.93118567335613,6.48275004271369,103.1));
#10063=CARTESIAN_POINT('',(-10.9812988023244,7.91825470979999,95.1));
#10064=CARTESIAN_POINT('Origin',(-23.0591258833413,-0.105216671158308,95.1));
#10065=CARTESIAN_POINT('Origin',(-23.0591258833413,-0.105216671158308,103.1));
#10066=CARTESIAN_POINT('Origin',(-23.0591258833413,-0.105216671158308,103.1));
#10067=CARTESIAN_POINT('Origin',(-23.0591258833413,-0.105216671158308,83.4));
#10068=CARTESIAN_POINT('',(-35.294281008336,-5.81056320465775,83.4));
#10069=CARTESIAN_POINT('',(-35.294281008336,-5.81056320465775,83.4));
#10070=CARTESIAN_POINT('Origin',(-23.0591258833413,-0.105216671158308,83.4));
#10071=CARTESIAN_POINT('Origin',(-23.0591258833413,-0.105216671158308,70.));
#10072=CARTESIAN_POINT('',(-9.91766297130983,6.02274812408184,83.4));
#10073=CARTESIAN_POINT('Origin',(-23.0591258833413,-0.105216671158308,83.4));
#10074=CARTESIAN_POINT('',(-9.91766297130983,6.02274812408184,70.));
#10075=CARTESIAN_POINT('',(-9.91766297130983,6.02274812408183,70.));
#10076=CARTESIAN_POINT('Origin',(-23.0591258833413,-0.105216671158308,70.));
#10077=CARTESIAN_POINT('Origin',(-23.0591258833413,-0.105216671158308,83.4));
#10078=CARTESIAN_POINT('Origin',(-23.0591258833413,-0.105216671158308,70.));
#10079=CARTESIAN_POINT('Origin',(-18.527586948158,2.0078746375452,44.15));
#10080=CARTESIAN_POINT('',(-18.527586948158,2.0078746375452,39.));
#10081=CARTESIAN_POINT('Origin',(8.41794344159875,-23.9234593537906,-9.72523375817558));
#10082=CARTESIAN_POINT('',(14.1037337393399,-24.9260175899328,-9.72523375817558));
#10083=CARTESIAN_POINT('',(10.3925976891969,-29.3487773102967,-9.72523375817558));
#10084=CARTESIAN_POINT('',(14.1037337393399,-24.9260175899328,-9.72523375817558));
#10085=CARTESIAN_POINT('',(4.70680739145572,-28.3462190741545,-9.72523375817558));
#10086=CARTESIAN_POINT('',(10.3925976891969,-29.3487773102967,-9.72523375817558));
#10087=CARTESIAN_POINT('',(2.73215314385759,-22.9209011176485,-9.72523375817558));
#10088=CARTESIAN_POINT('',(4.70680739145572,-28.3462190741545,-9.72523375817558));
#10089=CARTESIAN_POINT('',(6.44328919400061,-18.4981413972846,-9.72523375817558));
#10090=CARTESIAN_POINT('',(2.73215314385759,-22.9209011176485,-9.72523375817558));
#10091=CARTESIAN_POINT('',(12.1290794917418,-19.5006996334268,-9.72523375817558));
#10092=CARTESIAN_POINT('',(6.44328919400061,-18.4981413972846,-9.72523375817558));
#10093=CARTESIAN_POINT('',(12.1290794917418,-19.5006996334268,-9.72523375817558));
#10094=CARTESIAN_POINT('Origin',(4.70680739145571,-28.3462190741545,32.0747678392289));
#10095=CARTESIAN_POINT('',(10.3925976891969,-29.3487773102967,32.0747678392289));
#10096=CARTESIAN_POINT('',(4.70680739145571,-28.3462190741545,32.0747678392289));
#10097=CARTESIAN_POINT('',(8.66918434082757,-29.044893038066,32.0747678392289));
#10098=CARTESIAN_POINT('',(10.3925976891969,-29.3487773102967,48.6747678392289));
#10099=CARTESIAN_POINT('',(10.3925976891969,-29.3487773102967,32.0747678392289));
#10100=CARTESIAN_POINT('',(4.70680739145571,-28.3462190741545,48.6747678392289));
#10101=CARTESIAN_POINT('',(4.70680739145571,-28.3462190741545,48.6747678392289));
#10102=CARTESIAN_POINT('',(4.70680739145571,-28.3462190741545,32.0747678392289));
#10103=CARTESIAN_POINT('Origin',(2.73215314385758,-22.9209011176485,32.0747678392289));
#10104=CARTESIAN_POINT('',(2.73215314385758,-22.9209011176485,32.0747678392289));
#10105=CARTESIAN_POINT('',(5.30534255283701,-29.9906809147992,32.0747678392289));
#10106=CARTESIAN_POINT('',(2.73215314385758,-22.9209011176485,48.6747678392289));
#10107=CARTESIAN_POINT('',(2.73215314385758,-22.9209011176485,48.6747678392289));
#10108=CARTESIAN_POINT('',(2.73215314385758,-22.9209011176485,32.0747678392289));
#10109=CARTESIAN_POINT('Origin',(6.44328919400061,-18.4981413972846,32.0747678392289));
#10110=CARTESIAN_POINT('',(6.44328919400061,-18.4981413972846,32.0747678392289));
#10111=CARTESIAN_POINT('',(3.26574885885612,-22.2849865073061,32.0747678392289));
#10112=CARTESIAN_POINT('',(6.44328919400061,-18.4981413972846,48.6747678392289));
#10113=CARTESIAN_POINT('',(6.44328919400061,-18.4981413972846,48.6747678392289));
#10114=CARTESIAN_POINT('',(6.44328919400061,-18.4981413972846,32.0747678392289));
#10115=CARTESIAN_POINT('Origin',(12.1290794917418,-19.5006996334268,32.0747678392289));
#10116=CARTESIAN_POINT('',(12.1290794917418,-19.5006996334268,32.0747678392289));
#10117=CARTESIAN_POINT('',(13.2485612922431,-19.6980944792673,32.0747678392289));
#10118=CARTESIAN_POINT('',(12.1290794917418,-19.5006996334268,48.6747678392289));
#10119=CARTESIAN_POINT('',(12.1290794917418,-19.5006996334268,48.6747678392289));
#10120=CARTESIAN_POINT('',(12.1290794917418,-19.5006996334268,32.0747678392289));
#10121=CARTESIAN_POINT('Origin',(14.1037337393399,-24.9260175899328,32.0747678392289));
#10122=CARTESIAN_POINT('',(14.1037337393399,-24.9260175899328,32.0747678392289));
#10123=CARTESIAN_POINT('',(15.6895960245203,-29.2831384088306,32.0747678392289));
#10124=CARTESIAN_POINT('',(14.1037337393399,-24.9260175899328,48.6747678392289));
#10125=CARTESIAN_POINT('',(14.1037337393399,-24.9260175899328,48.6747678392289));
#10126=CARTESIAN_POINT('',(14.1037337393399,-24.9260175899328,32.0747678392289));
#10127=CARTESIAN_POINT('Origin',(10.3925976891969,-29.3487773102967,32.0747678392289));
#10128=CARTESIAN_POINT('',(9.07062537912391,-30.9242425601362,32.0747678392289));
#10129=CARTESIAN_POINT('',(10.3925976891969,-29.3487773102967,48.6747678392289));
#10130=CARTESIAN_POINT('Origin',(8.41794344159874,-23.9234593537906,48.6747678392289));
#10131=CARTESIAN_POINT('Origin',(12.1290794917418,-19.5006996334268,6.87476624182442));
#10132=CARTESIAN_POINT('',(14.1037337393399,-24.9260175899328,6.87476624182442));
#10133=CARTESIAN_POINT('',(12.1290794917418,-19.5006996334268,6.87476624182442));
#10134=CARTESIAN_POINT('',(13.505198559621,-23.281555698906,6.87476624182442));
#10135=CARTESIAN_POINT('',(14.1037337393399,-24.9260175899328,6.87476624182442));
#10136=CARTESIAN_POINT('',(12.1290794917418,-19.5006996334268,6.87476624182442));
#10137=CARTESIAN_POINT('Origin',(6.44328919400061,-18.4981413972846,6.87476624182442));
#10138=CARTESIAN_POINT('',(6.44328919400061,-18.4981413972846,6.87476624182442));
#10139=CARTESIAN_POINT('',(13.8524928166597,-19.8045839015223,6.87476624182442));
#10140=CARTESIAN_POINT('',(6.44328919400061,-18.4981413972846,6.87476624182442));
#10141=CARTESIAN_POINT('Origin',(2.73215314385758,-22.9209011176485,6.87476624182442));
#10142=CARTESIAN_POINT('',(2.73215314385758,-22.9209011176485,6.87476624182442));
#10143=CARTESIAN_POINT('',(5.90969349815863,-19.1340559847971,6.87476624182442));
#10144=CARTESIAN_POINT('',(2.73215314385758,-22.9209011176485,6.87476624182442));
#10145=CARTESIAN_POINT('Origin',(4.70680739145572,-28.3462190741545,6.87476624182442));
#10146=CARTESIAN_POINT('',(4.70680739145572,-28.3462190741545,6.87476624182442));
#10147=CARTESIAN_POINT('',(5.09559933553591,-29.4144161613807,6.87476624182442));
#10148=CARTESIAN_POINT('',(4.70680739145572,-28.3462190741545,6.87476624182442));
#10149=CARTESIAN_POINT('Origin',(10.3925976891969,-29.3487773102967,6.87476624182442));
#10150=CARTESIAN_POINT('',(10.3925976891969,-29.3487773102967,6.87476624182442));
#10151=CARTESIAN_POINT('',(14.9589061629854,-30.1539406964633,6.87476624182442));
#10152=CARTESIAN_POINT('',(10.3925976891969,-29.3487773102967,6.87476624182442));
#10153=CARTESIAN_POINT('Origin',(14.1037337393399,-24.9260175899328,6.87476624182442));
#10154=CARTESIAN_POINT('',(15.4257060685694,-23.3505523172634,6.87476624182442));
#10155=CARTESIAN_POINT('Origin',(-30.6503225555481,8.85870929528975,19.5747681186257));
#10156=CARTESIAN_POINT('',(-30.6503225555481,8.85870929528975,29.7747681186257));
#10157=CARTESIAN_POINT('Origin',(-30.6503225555481,8.85870929528975,19.5747681186257));
#10158=CARTESIAN_POINT('',(-30.6503225555481,8.85870929528975,23.0747681186257));
#10159=CARTESIAN_POINT('Origin',(-30.6503225555481,8.85870929528975,19.5747681186257));
#10160=CARTESIAN_POINT('Origin',(-29.1182336693102,7.57313407591668,19.5747681186257));
#10161=CARTESIAN_POINT('',(-32.9484558849051,10.7870721243494,23.0747681186257));
#10162=CARTESIAN_POINT('Origin',(-32.9484558849051,10.7870721243494,19.5747681186257));
#10163=CARTESIAN_POINT('',(-29.1182336693102,7.57313407591668,23.0747681186257));
#10164=CARTESIAN_POINT('Origin',(-32.9484558849051,10.7870721243494,19.5747681186257));
#10165=CARTESIAN_POINT('Origin',(3.82167738480589,-20.0667331406045,19.5747681186257));
#10166=CARTESIAN_POINT('',(3.82167738480589,-20.0667331406045,29.7747681186257));
#10167=CARTESIAN_POINT('',(3.82167738480589,-20.0667331406045,29.7747681186257));
#10168=CARTESIAN_POINT('Origin',(3.82167738480589,-20.0667331406045,19.5747681186257));
#10169=CARTESIAN_POINT('Origin',(13.7843413976015,-28.4181022607316,19.4747670405267));
#10170=CARTESIAN_POINT('',(18.2797673068668,-23.0606622831236,6.87476624182442));
#10171=CARTESIAN_POINT('',(9.28074063715935,-33.7852846465986,6.87476624182442));
#10172=CARTESIAN_POINT('',(16.0320543522342,-25.7393822719276,6.87476624182442));
#10173=CARTESIAN_POINT('',(18.2797673068668,-23.0606622831236,15.8747663759349));
#10174=CARTESIAN_POINT('',(18.2797673068668,-23.0606622831236,17.6747667082308));
#10175=CARTESIAN_POINT('',(18.2797673068668,-23.0606622831236,23.3747664876936));
#10176=CARTESIAN_POINT('Ctrl Pts',(18.2797673068668,-23.0606622831236,23.3747664876936));
#10177=CARTESIAN_POINT('Ctrl Pts',(18.2799070811042,-23.060495706674,23.3097599402654));
#10178=CARTESIAN_POINT('Ctrl Pts',(18.2838949253304,-23.0557431789908,23.2482073567714));
#10179=CARTESIAN_POINT('Ctrl Pts',(18.2917366622301,-23.0463977608684,23.1900986757415));
#10180=CARTESIAN_POINT('Ctrl Pts',(18.2975982689578,-23.0394121699923,23.1466631154795));
#10181=CARTESIAN_POINT('Ctrl Pts',(18.3056136948414,-23.0298597573993,23.1051528341503));
#10182=CARTESIAN_POINT('Ctrl Pts',(18.3157845269644,-23.0177386316771,23.0655285193339));
#10183=CARTESIAN_POINT('Ctrl Pts',(18.3249160952673,-23.0068560523461,23.0299530489274));
#10184=CARTESIAN_POINT('Ctrl Pts',(18.3357852557502,-22.9939026912921,22.9958983521017));
#10185=CARTESIAN_POINT('Ctrl Pts',(18.3483886545802,-22.9788825454576,22.9632941206025));
#10186=CARTESIAN_POINT('Ctrl Pts',(18.3603743237141,-22.9645985812076,22.9322879185145));
#10187=CARTESIAN_POINT('Ctrl Pts',(18.3739283711771,-22.9484454964493,22.9025938332364));
#10188=CARTESIAN_POINT('Ctrl Pts',(18.3890426860258,-22.9304329574288,22.8741051805264));
#10189=CARTESIAN_POINT('Ctrl Pts',(18.4036847042423,-22.9129832796165,22.8465067497593));
#10190=CARTESIAN_POINT('Ctrl Pts',(18.4197908413384,-22.8937887328694,22.8200397826761));
#10191=CARTESIAN_POINT('Ctrl Pts',(18.4373505717988,-22.8728618610082,22.7945591933821));
#10192=CARTESIAN_POINT('Ctrl Pts',(18.4543518586762,-22.8526005162934,22.7698889508993));
#10193=CARTESIAN_POINT('Ctrl Pts',(18.4727156712943,-22.830715376632,22.746143483194));
#10194=CARTESIAN_POINT('Ctrl Pts',(18.4924308719421,-22.8072197154312,22.7231430974678));
#10195=CARTESIAN_POINT('Ctrl Pts',(18.5118458290419,-22.7840818705576,22.7004929854994));
#10196=CARTESIAN_POINT('Ctrl Pts',(18.5325712255853,-22.7593823047689,22.6785656872081));
#10197=CARTESIAN_POINT('Ctrl Pts',(18.5545968216698,-22.7331332215063,22.6571386977067));
#10198=CARTESIAN_POINT('Ctrl Pts',(18.5767104906307,-22.7067791770767,22.6356260289533));
#10199=CARTESIAN_POINT('Ctrl Pts',(18.6001353570612,-22.6788625083521,22.6146175150136));
#10200=CARTESIAN_POINT('Ctrl Pts',(18.6248573582097,-22.6493999746672,22.5938358398278));
#10201=CARTESIAN_POINT('Ctrl Pts',(18.6489903905888,-22.6206393466293,22.5735492603903));
#10202=CARTESIAN_POINT('Ctrl Pts',(18.6743603143409,-22.5904046488538,22.5534782259629));
#10203=CARTESIAN_POINT('Ctrl Pts',(18.7009398860191,-22.5587283488167,22.5333215302913));
#10204=CARTESIAN_POINT('Ctrl Pts',(18.726401671809,-22.5283841741278,22.514012510807));
#10205=CARTESIAN_POINT('Ctrl Pts',(18.7529739555249,-22.4967165595459,22.4946243129212));
#10206=CARTESIAN_POINT('Ctrl Pts',(18.7806106186356,-22.4637804669964,22.4748606889489));
#10207=CARTESIAN_POINT('Ctrl Pts',(18.8068307403406,-22.4325325427562,22.4561100668563));
#10208=CARTESIAN_POINT('Ctrl Pts',(18.8340092836586,-22.4001424161155,22.4370211164043));
#10209=CARTESIAN_POINT('Ctrl Pts',(18.8620810015414,-22.3666878454784,22.4173188038872));
#10210=CARTESIAN_POINT('Ctrl Pts',(18.8895622206188,-22.3339370039141,22.3980309366868));
#10211=CARTESIAN_POINT('Ctrl Pts',(18.9178996529513,-22.3001657671268,22.3781548532051));
#10212=CARTESIAN_POINT('Ctrl Pts',(18.9470018203826,-22.2654831545384,22.3574159397275));
#10213=CARTESIAN_POINT('Ctrl Pts',(18.9769089421096,-22.229841234776,22.3361033962089));
#10214=CARTESIAN_POINT('Ctrl Pts',(19.0076238241254,-22.1932366637876,22.3138789928435));
#10215=CARTESIAN_POINT('Ctrl Pts',(19.0390112511823,-22.1558305848302,22.2904340193042));
#10216=CARTESIAN_POINT('Ctrl Pts',(19.0715449520846,-22.1170584298996,22.2661328315896));
#10217=CARTESIAN_POINT('Ctrl Pts',(19.104800915955,-22.0774255154818,22.2405190132341));
#10218=CARTESIAN_POINT('Ctrl Pts',(19.1385928131935,-22.0371539005472,22.2132534093991));
#10219=CARTESIAN_POINT('Ctrl Pts',(19.1722311087279,-21.9970653409954,22.1861117418789));
#10220=CARTESIAN_POINT('Ctrl Pts',(19.2064000619879,-21.9563443681927,22.1573321171585));
#10221=CARTESIAN_POINT('Ctrl Pts',(19.2408866812594,-21.9152448157794,22.126602734319));
#10222=CARTESIAN_POINT('Ctrl Pts',(19.274151701427,-21.875601108487,22.096961860221));
#10223=CARTESIAN_POINT('Ctrl Pts',(19.3077117650974,-21.83560578204,22.0655060329167));
#10224=CARTESIAN_POINT('Ctrl Pts',(19.3413555148523,-21.7955107224013,22.0319912172524));
#10225=CARTESIAN_POINT('Ctrl Pts',(19.3734815174784,-21.7572244433559,21.9999883322026));
#10226=CARTESIAN_POINT('Ctrl Pts',(19.4056834292313,-21.7188476993361,21.9661075377063));
#10227=CARTESIAN_POINT('Ctrl Pts',(19.4377649837499,-21.6806143914824,21.930179246655));
#10228=CARTESIAN_POINT('Ctrl Pts',(19.4683182127888,-21.64420247101,21.8959625348424));
#10229=CARTESIAN_POINT('Ctrl Pts',(19.4987619872672,-21.6079209934032,21.8598884261964));
#10230=CARTESIAN_POINT('Ctrl Pts',(19.5289202165894,-21.5719798152622,21.8218558587925));
#10231=CARTESIAN_POINT('Ctrl Pts',(19.5586323853193,-21.5365702314345,21.7843858187626));
#10232=CARTESIAN_POINT('Ctrl Pts',(19.5880671737605,-21.5014912165626,21.7450144804608));
#10233=CARTESIAN_POINT('Ctrl Pts',(19.617053309137,-21.4669468855922,21.7036964860415));
#10234=CARTESIAN_POINT('Ctrl Pts',(19.6467273856347,-21.4315826983191,21.661397872887));
#10235=CARTESIAN_POINT('Ctrl Pts',(19.6759310277853,-21.3967791528694,21.6170592357591));
#10236=CARTESIAN_POINT('Ctrl Pts',(19.7044808425666,-21.3627548085358,21.5706870368152));
#10237=CARTESIAN_POINT('Ctrl Pts',(19.7338935291202,-21.3277021336677,21.5229133134905));
#10238=CARTESIAN_POINT('Ctrl Pts',(19.7626119767329,-21.2934768205515,21.4729814866598));
#10239=CARTESIAN_POINT('Ctrl Pts',(19.7904400950953,-21.260312560518,21.4209537918806));
#10240=CARTESIAN_POINT('Ctrl Pts',(19.8190120298709,-21.2262618546019,21.3675354513953));
#10241=CARTESIAN_POINT('Ctrl Pts',(19.8466450554953,-21.1933300970397,21.3119080336267));
#10242=CARTESIAN_POINT('Ctrl Pts',(19.8731365171467,-21.1617588024435,21.2541916069693));
#10243=CARTESIAN_POINT('Ctrl Pts',(19.9001489867108,-21.1295665947957,21.1953400706161));
#10244=CARTESIAN_POINT('Ctrl Pts',(19.9259741529039,-21.0987893602057,21.134316997009));
#10245=CARTESIAN_POINT('Ctrl Pts',(19.9504126766642,-21.0696646617167,21.0712978211367));
#10246=CARTESIAN_POINT('Ctrl Pts',(19.9750435140781,-21.0403107727401,21.0077827295506));
#10247=CARTESIAN_POINT('Ctrl Pts',(19.9982653938085,-21.0126360141446,20.942240602901));
#10248=CARTESIAN_POINT('Ctrl Pts',(20.0198959388579,-20.9868577343722,20.8748912297461));
#10249=CARTESIAN_POINT('Ctrl Pts',(20.0413928404233,-20.961238724702,20.8079579720825));
#10250=CARTESIAN_POINT('Ctrl Pts',(20.0613176995792,-20.9374932022211,20.7392403631874));
#10251=CARTESIAN_POINT('Ctrl Pts',(20.0795181031893,-20.915802805832,20.6689843022466));
#10252=CARTESIAN_POINT('Ctrl Pts',(20.09727411142,-20.8946420192329,20.6004436685855));
#10253=CARTESIAN_POINT('Ctrl Pts',(20.1133885704752,-20.8754375547612,20.5304395061009));
#10254=CARTESIAN_POINT('Ctrl Pts',(20.1277494764548,-20.8583228934671,20.4592190004993));
#10255=CARTESIAN_POINT('Ctrl Pts',(20.1419909987767,-20.8413505080759,20.388590558133));
#10256=CARTESIAN_POINT('Ctrl Pts',(20.1545079220109,-20.8264334198434,20.3167662696715));
#10257=CARTESIAN_POINT('Ctrl Pts',(20.1652237851118,-20.8136627514951,20.2439975508048));
#10258=CARTESIAN_POINT('Ctrl Pts',(20.1763259204885,-20.8004317417745,20.1686057545082));
#10259=CARTESIAN_POINT('Ctrl Pts',(20.185494716969,-20.7895047956291,20.0922002910204));
#10260=CARTESIAN_POINT('Ctrl Pts',(20.1926820735225,-20.7809392376352,20.0150687295381));
#10261=CARTESIAN_POINT('Ctrl Pts',(20.200062752073,-20.7721432874569,19.935862521085));
#10262=CARTESIAN_POINT('Ctrl Pts',(20.2053541610346,-20.765837231817,19.855890515529));
#10263=CARTESIAN_POINT('Ctrl Pts',(20.2085411097312,-20.7620391742584,19.7754731314816));
#10264=CARTESIAN_POINT('Ctrl Pts',(20.2118337874873,-20.7581151137133,19.692387849334));
#10265=CARTESIAN_POINT('Ctrl Pts',(20.2128801671085,-20.7568680870405,19.608827099019));
#10266=CARTESIAN_POINT('Ctrl Pts',(20.2117001087144,-20.7582744258711,19.5251549591956));
#10267=CARTESIAN_POINT('Ctrl Pts',(20.2104715694231,-20.7597385419852,19.4380452772694));
#10268=CARTESIAN_POINT('Ctrl Pts',(20.2068300682569,-20.7640783140825,19.3508147520937));
#10269=CARTESIAN_POINT('Ctrl Pts',(20.2008349453736,-20.7712230233166,19.2638868573891));
#10270=CARTESIAN_POINT('Ctrl Pts',(20.194550476291,-20.7787125619234,19.1727635097393));
#10271=CARTESIAN_POINT('Ctrl Pts',(20.1856799315989,-20.7892840654285,19.0819725378144));
#10272=CARTESIAN_POINT('Ctrl Pts',(20.1743283930712,-20.8028123022504,18.9920176311793));
#10273=CARTESIAN_POINT('Ctrl Pts',(20.1622845774103,-20.8171655628327,18.8965767963835));
#10274=CARTESIAN_POINT('Ctrl Pts',(20.1474482223396,-20.8348468422894,18.802076933733));
#10275=CARTESIAN_POINT('Ctrl Pts',(20.1299813282459,-20.8556630760769,18.7091401205049));
#10276=CARTESIAN_POINT('Ctrl Pts',(20.1110821142953,-20.8781862821998,18.6085823048065));
#10277=CARTESIAN_POINT('Ctrl Pts',(20.0891037795591,-20.9043790415809,18.5098537611374));
#10278=CARTESIAN_POINT('Ctrl Pts',(20.0642868576336,-20.9339546974427,18.4137717277782));
#10279=CARTESIAN_POINT('Ctrl Pts',(20.0404966742521,-20.962306733956,18.3216648500538));
#10280=CARTESIAN_POINT('Ctrl Pts',(20.0140981019181,-20.9937673273745,18.2319941544475));
#10281=CARTESIAN_POINT('Ctrl Pts',(19.9853266486124,-21.0280558102158,18.1454836506658));
#10282=CARTESIAN_POINT('Ctrl Pts',(19.9620108316549,-21.0558425188391,18.0753772486832));
#10283=CARTESIAN_POINT('Ctrl Pts',(19.9371370433233,-21.0854859454447,18.0073475762174));
#10284=CARTESIAN_POINT('Ctrl Pts',(19.9108429585089,-21.1168220154862,17.9417493355174));
#10285=CARTESIAN_POINT('Ctrl Pts',(19.8870081269761,-21.1452272615944,17.8822864172614));
#10286=CARTESIAN_POINT('Ctrl Pts',(19.8620063387689,-21.1750232325115,17.8248219589328));
#10287=CARTESIAN_POINT('Ctrl Pts',(19.8359491264312,-21.2060770089279,17.7695803382506));
#10288=CARTESIAN_POINT('Ctrl Pts',(19.8116329393097,-21.2350559122882,17.718029713111));
#10289=CARTESIAN_POINT('Ctrl Pts',(19.7863976932483,-21.2651301074419,17.6684151852367));
#10290=CARTESIAN_POINT('Ctrl Pts',(19.7603414292099,-21.2961827537193,17.6208764011295));
#10291=CARTESIAN_POINT('Ctrl Pts',(19.7355431159003,-21.3257362326962,17.5756327061427));
#10292=CARTESIAN_POINT('Ctrl Pts',(19.7100011608939,-21.3561759493369,17.5322694869419));
#10293=CARTESIAN_POINT('Ctrl Pts',(19.6838066955864,-21.3873932974733,17.4908619169931));
#10294=CARTESIAN_POINT('Ctrl Pts',(19.6585265967275,-21.4175209461094,17.4508997551578));
#10295=CARTESIAN_POINT('Ctrl Pts',(19.632638759003,-21.4483728697222,17.4127592798361));
#10296=CARTESIAN_POINT('Ctrl Pts',(19.6062312324169,-21.4798441344027,17.37646129209));
#10297=CARTESIAN_POINT('Ctrl Pts',(19.5809083446736,-21.5100227768456,17.3416541750356));
#10298=CARTESIAN_POINT('Ctrl Pts',(19.5551075901942,-21.540770918688,17.3085414918257));
#10299=CARTESIAN_POINT('Ctrl Pts',(19.5289121621075,-21.57198941422,17.2770955757224));
#10300=CARTESIAN_POINT('Ctrl Pts',(19.503317803981,-21.6024915824674,17.2463712052064));
#10301=CARTESIAN_POINT('Ctrl Pts',(19.47734666559,-21.6334427799487,17.2172383120065));
#10302=CARTESIAN_POINT('Ctrl Pts',(19.4510818412169,-21.6647439787541,17.1896218287505));
#10303=CARTESIAN_POINT('Ctrl Pts',(19.4242125353236,-21.6967655705829,17.1613697557207));
#10304=CARTESIAN_POINT('Ctrl Pts',(19.3970358815893,-21.7291534453054,17.1347045798571));
#10305=CARTESIAN_POINT('Ctrl Pts',(19.3696467523128,-21.7617945385187,17.1094912278665));
#10306=CARTESIAN_POINT('Ctrl Pts',(19.3406661929142,-21.7963322242975,17.0828128680827));
#10307=CARTESIAN_POINT('Ctrl Pts',(19.3114477604624,-21.8311533961419,17.0577597411258));
#10308=CARTESIAN_POINT('Ctrl Pts',(19.2821103051858,-21.8661164138654,17.0341126663454));
#10309=CARTESIAN_POINT('Ctrl Pts',(19.2489953440763,-21.9055812877361,17.007420782052));
#10310=CARTESIAN_POINT('Ctrl Pts',(19.2157287718372,-21.9452268447155,16.9825195390548));
#10311=CARTESIAN_POINT('Ctrl Pts',(19.182489211476,-21.9848402101921,16.9590281065321));
#10312=CARTESIAN_POINT('Ctrl Pts',(19.1373595308833,-22.0386236691711,16.9271335557349));
#10313=CARTESIAN_POINT('Ctrl Pts',(19.0922795588444,-22.0923478878025,16.897835883725));
#10314=CARTESIAN_POINT('Ctrl Pts',(19.0477109382385,-22.1454627015265,16.8700836371287));
#10315=CARTESIAN_POINT('Ctrl Pts',(19.0114055363936,-22.1887297946058,16.8474767794095));
#10316=CARTESIAN_POINT('Ctrl Pts',(18.9754399980469,-22.23159185414,16.8258907511301));
#10317=CARTESIAN_POINT('Ctrl Pts',(18.9400665874428,-22.2737482433098,16.8047629713677));
#10318=CARTESIAN_POINT('Ctrl Pts',(18.9102993075954,-22.3092235060097,16.7869836133131));
#10319=CARTESIAN_POINT('Ctrl Pts',(18.8809514744892,-22.3441988915489,16.7695277722358));
#10320=CARTESIAN_POINT('Ctrl Pts',(18.8521720556909,-22.3784968672946,16.7520931947468));
#10321=CARTESIAN_POINT('Ctrl Pts',(18.8256106403941,-22.4101515293989,16.7360022842092));
#10322=CARTESIAN_POINT('Ctrl Pts',(18.7995334675133,-22.4412290938642,16.719928920615));
#10323=CARTESIAN_POINT('Ctrl Pts',(18.7740551538935,-22.4715929656539,16.7036763804122));
#10324=CARTESIAN_POINT('Ctrl Pts',(18.7494239365273,-22.50094730744,16.687964200381));
#10325=CARTESIAN_POINT('Ctrl Pts',(18.7253524823984,-22.5296345493772,16.6720840745998));
#10326=CARTESIAN_POINT('Ctrl Pts',(18.701940984926,-22.5575352855979,16.6559054625509));
#10327=CARTESIAN_POINT('Ctrl Pts',(18.6777017756699,-22.5864224503105,16.6391548568542));
#10328=CARTESIAN_POINT('Ctrl Pts',(18.6541701374211,-22.6144663647331,16.6220843455372));
#10329=CARTESIAN_POINT('Ctrl Pts',(18.6314521388652,-22.6415406211287,16.6046071268127));
#10330=CARTESIAN_POINT('Ctrl Pts',(18.6074491141227,-22.6701463120986,16.5861413225985));
#10331=CARTESIAN_POINT('Ctrl Pts',(18.5843545767108,-22.6976693100286,16.5672219836534));
#10332=CARTESIAN_POINT('Ctrl Pts',(18.5622854355858,-22.7239702882497,16.5478049869041));
#10333=CARTESIAN_POINT('Ctrl Pts',(18.5388556858377,-22.7518927766857,16.5271908917692));
#10334=CARTESIAN_POINT('Ctrl Pts',(18.5165819717349,-22.778437555488,16.506016503383));
#10335=CARTESIAN_POINT('Ctrl Pts',(18.4955911653225,-22.8034534244415,16.4842843434683));
#10336=CARTESIAN_POINT('Ctrl Pts',(18.4723878455406,-22.8311060641517,16.4602615286156));
#10337=CARTESIAN_POINT('Ctrl Pts',(18.4507527421669,-22.8568897763234,16.435558100125));
#10338=CARTESIAN_POINT('Ctrl Pts',(18.4308341337689,-22.8806278494412,16.4102312487381));
#10339=CARTESIAN_POINT('Ctrl Pts',(18.4108506562936,-22.904443230515,16.3848219152095));
#10340=CARTESIAN_POINT('Ctrl Pts',(18.392595232277,-22.9261991976711,16.3587873441415));
#10341=CARTESIAN_POINT('Ctrl Pts',(18.3761887532525,-22.9457516779904,16.3322110673966));
#10342=CARTESIAN_POINT('Ctrl Pts',(18.3602846115665,-22.9647054959818,16.3064485091896));
#10343=CARTESIAN_POINT('Ctrl Pts',(18.3461180358712,-22.9815885634614,16.2801787631058));
#10344=CARTESIAN_POINT('Ctrl Pts',(18.3337682523356,-22.9963064623577,16.2534701190291));
#10345=CARTESIAN_POINT('Ctrl Pts',(18.3211956166426,-23.0112899461132,16.2262795167918));
#10346=CARTESIAN_POINT('Ctrl Pts',(18.3105057487094,-23.024029634627,16.1986344510673));
#10347=CARTESIAN_POINT('Ctrl Pts',(18.3017505922927,-23.0344636237403,16.1705835768658));
#10348=CARTESIAN_POINT('Ctrl Pts',(18.2918543339341,-23.0462575251924,16.1388766963639));
#10349=CARTESIAN_POINT('Ctrl Pts',(18.2844297892866,-23.0551057529494,16.1066511134583));
#10350=CARTESIAN_POINT('Ctrl Pts',(18.279513352534,-23.0609649341122,16.0739430873801));
#10351=CARTESIAN_POINT('Ctrl Pts',(18.2738805269285,-23.0676778742639,16.0364690760048));
#10352=CARTESIAN_POINT('Ctrl Pts',(18.2715392539437,-23.0704680947548,15.9983614314327));
#10353=CARTESIAN_POINT('Ctrl Pts',(18.2725042492289,-23.0693180581568,15.9596393742054));
#10354=CARTESIAN_POINT('Ctrl Pts',(18.273201285282,-23.0684873629363,15.9316696313969));
#10355=CARTESIAN_POINT('Ctrl Pts',(18.2756223267411,-23.0656020780797,15.9033783718682));
#10356=CARTESIAN_POINT('Ctrl Pts',(18.2797673068668,-23.0606622831236,15.8747663759349));
#10357=CARTESIAN_POINT('',(18.2797673068668,-23.0606622831236,32.0747678392289));
#10358=CARTESIAN_POINT('',(18.2797673068668,-23.0606622831236,25.7747674398778));
#10359=CARTESIAN_POINT('',(9.2807419781188,-33.7852830485054,32.0747678392289));
#10360=CARTESIAN_POINT('',(11.5325416878602,-31.1016926546185,32.0747678392289));
#10361=CARTESIAN_POINT('',(9.2807419781188,-33.7852830485054,23.2747680359242));
#10362=CARTESIAN_POINT('',(9.2807419781188,-33.7852830485054,21.3747675382255));
#10363=CARTESIAN_POINT('',(9.28074063715935,-33.7852846465986,15.8747663759349));
#10364=CARTESIAN_POINT('Ctrl Pts',(9.28074063715935,-33.7852846465986,15.8747663759349));
#10365=CARTESIAN_POINT('Ctrl Pts',(9.28287343477396,-33.7827428773791,15.9097474842035));
#10366=CARTESIAN_POINT('Ctrl Pts',(9.2832573099856,-33.7822853927166,15.9439332517496));
#10367=CARTESIAN_POINT('Ctrl Pts',(9.28189648079104,-33.7839071657981,15.9773217451592));
#10368=CARTESIAN_POINT('Ctrl Pts',(9.28062041471641,-33.7854279221269,16.0086305412176));
#10369=CARTESIAN_POINT('Ctrl Pts',(9.27780854214765,-33.7887789813626,16.0392387234891));
#10370=CARTESIAN_POINT('Ctrl Pts',(9.27349155069936,-33.7939237714303,16.0691361413401));
#10371=CARTESIAN_POINT('Ctrl Pts',(9.26985506607265,-33.7982575650486,16.0943206944474));
#10372=CARTESIAN_POINT('Ctrl Pts',(9.26515053143734,-33.8038642111017,16.1190008906159));
#10373=CARTESIAN_POINT('Ctrl Pts',(9.25942434642129,-33.8106884126665,16.1431625693764));
#10374=CARTESIAN_POINT('Ctrl Pts',(9.25415565843168,-33.8169673905064,16.1653938361514));
#10375=CARTESIAN_POINT('Ctrl Pts',(9.24802178699139,-33.8242774538318,16.1871862011241));
#10376=CARTESIAN_POINT('Ctrl Pts',(9.24108744856961,-33.8325414765582,16.2085205623535));
#10377=CARTESIAN_POINT('Ctrl Pts',(9.23435699971986,-33.8405625131547,16.2292276317613));
#10378=CARTESIAN_POINT('Ctrl Pts',(9.22687234586315,-33.8494823762778,16.2495032498216));
#10379=CARTESIAN_POINT('Ctrl Pts',(9.21872417377467,-33.8591929896373,16.2693211714331));
#10380=CARTESIAN_POINT('Ctrl Pts',(9.21022366134898,-33.8693235058595,16.2899960525084));
#10381=CARTESIAN_POINT('Ctrl Pts',(9.20100081790035,-33.8803148626733,16.3101728043452));
#10382=CARTESIAN_POINT('Ctrl Pts',(9.19119696956734,-33.8919986341455,16.3298113948102));
#10383=CARTESIAN_POINT('Ctrl Pts',(9.17870736193144,-33.9068831689156,16.3548299672216));
#10384=CARTESIAN_POINT('Ctrl Pts',(9.16527799396499,-33.9228876664359,16.37897367057));
#10385=CARTESIAN_POINT('Ctrl Pts',(9.15124655228838,-33.9396096874633,16.4021524583626));
#10386=CARTESIAN_POINT('Ctrl Pts',(9.13984975306241,-33.9531918638849,16.4209790334832));
#10387=CARTESIAN_POINT('Ctrl Pts',(9.12805785739338,-33.967244897912,16.4391684448603));
#10388=CARTESIAN_POINT('Ctrl Pts',(9.11603625715675,-33.9815716831827,16.4566830571508));
#10389=CARTESIAN_POINT('Ctrl Pts',(9.10592559976309,-33.9936210954551,16.4714135623054));
#10390=CARTESIAN_POINT('Ctrl Pts',(9.09565285933279,-34.0058636707687,16.4856666840346));
#10391=CARTESIAN_POINT('Ctrl Pts',(9.08529267836197,-34.0182104536606,16.4994311825964));
#10392=CARTESIAN_POINT('Ctrl Pts',(9.07589181987824,-34.029413960532,16.511921128809));
#10393=CARTESIAN_POINT('Ctrl Pts',(9.06641929177735,-34.0407028799272,16.5240086708195));
#10394=CARTESIAN_POINT('Ctrl Pts',(9.05690426057913,-34.0520424525414,16.5356966036352));
#10395=CARTESIAN_POINT('Ctrl Pts',(9.04766236427551,-34.0630565156636,16.5470490270626));
#10396=CARTESIAN_POINT('Ctrl Pts',(9.0383805332915,-34.0741181710846,16.5580243862211));
#10397=CARTESIAN_POINT('Ctrl Pts',(9.02905472919967,-34.0852322316149,16.5686377110659));
#10398=CARTESIAN_POINT('Ctrl Pts',(9.01978207837963,-34.0962829465426,16.5791905442969));
#10399=CARTESIAN_POINT('Ctrl Pts',(9.01046603531903,-34.1073853743288,16.5893854016108));
#10400=CARTESIAN_POINT('Ctrl Pts',(9.00107043486783,-34.1185826149211,16.5992503736968));
#10401=CARTESIAN_POINT('Ctrl Pts',(8.99094031323309,-34.1306552237727,16.6098865610988));
#10402=CARTESIAN_POINT('Ctrl Pts',(8.98071755182638,-34.1428382364054,16.6201391801021));
#10403=CARTESIAN_POINT('Ctrl Pts',(8.97031695438604,-34.15523318577,16.6300609750175));
#10404=CARTESIAN_POINT('Ctrl Pts',(8.95799736810047,-34.1699150969851,16.6418134160931));
#10405=CARTESIAN_POINT('Ctrl Pts',(8.94542737497675,-34.1848954314492,16.6531014659694));
#10406=CARTESIAN_POINT('Ctrl Pts',(8.93241948023444,-34.2003976367404,16.6640394335196));
#10407=CARTESIAN_POINT('Ctrl Pts',(8.9173701131569,-34.2183327740214,16.6766940169095));
#10408=CARTESIAN_POINT('Ctrl Pts',(8.90173197425145,-34.2369695822434,16.6888798993159));
#10409=CARTESIAN_POINT('Ctrl Pts',(8.88518906454437,-34.2566846543188,16.7008096960782));
#10410=CARTESIAN_POINT('Ctrl Pts',(8.87126348666207,-34.273280511789,16.7108520233879));
#10411=CARTESIAN_POINT('Ctrl Pts',(8.85669478045489,-34.2906428197508,16.7207138625403));
#10412=CARTESIAN_POINT('Ctrl Pts',(8.8413097017105,-34.3089780426168,16.7305365423816));
#10413=CARTESIAN_POINT('Ctrl Pts',(8.82826126875282,-34.3245285594719,16.7388673791295));
#10414=CARTESIAN_POINT('Ctrl Pts',(8.81462510746918,-34.3407795036708,16.7471704218483));
#10415=CARTESIAN_POINT('Ctrl Pts',(8.80032169710265,-34.3578256443615,16.7555355837182));
#10416=CARTESIAN_POINT('Ctrl Pts',(8.78658441398047,-34.3741971008748,16.7635696534977));
#10417=CARTESIAN_POINT('Ctrl Pts',(8.7722315093922,-34.3913022264821,16.7716611305269));
#10418=CARTESIAN_POINT('Ctrl Pts',(8.75722385381175,-34.4091876539365,16.7798902860888));
#10419=CARTESIAN_POINT('Ctrl Pts',(8.74244157513889,-34.4268044876516,16.7879958606141));
#10420=CARTESIAN_POINT('Ctrl Pts',(8.72702393106811,-34.4451785203623,16.7962350850529));
#10421=CARTESIAN_POINT('Ctrl Pts',(8.71096638439888,-34.4643151592936,16.8046840046915));
#10422=CARTESIAN_POINT('Ctrl Pts',(8.6941863852319,-34.4843127835846,16.8135130535753));
#10423=CARTESIAN_POINT('Ctrl Pts',(8.67670775398089,-34.5051430051716,16.822571100957));
#10424=CARTESIAN_POINT('Ctrl Pts',(8.65856270659041,-34.526767430587,16.8319434071202));
#10425=CARTESIAN_POINT('Ctrl Pts',(8.63920393650857,-34.5498383143802,16.8419426270862));
#10426=CARTESIAN_POINT('Ctrl Pts',(8.6190868901971,-34.5738128765943,16.8522995542722));
#10427=CARTESIAN_POINT('Ctrl Pts',(8.59828880394785,-34.5985990706009,16.8631159996136));
#10428=CARTESIAN_POINT('Ctrl Pts',(8.57616350185519,-34.6249669788571,16.8746226891176));
#10429=CARTESIAN_POINT('Ctrl Pts',(8.55326769899635,-34.6522531341694,16.8866494556325));
#10430=CARTESIAN_POINT('Ctrl Pts',(8.52973184537467,-34.6803020722778,16.8993166910464));
#10431=CARTESIAN_POINT('Ctrl Pts',(8.50372961462383,-34.7112903241906,16.9133113556759));
#10432=CARTESIAN_POINT('Ctrl Pts',(8.47694649928338,-34.7432091981185,16.9280878356735));
#10433=CARTESIAN_POINT('Ctrl Pts',(8.44959896678277,-34.7758007182247,16.9438048460536));
#10434=CARTESIAN_POINT('Ctrl Pts',(8.41266781883022,-34.8198135464757,16.96502969461));
#10435=CARTESIAN_POINT('Ctrl Pts',(8.37470845749411,-34.8650517517206,16.9879702771396));
#10436=CARTESIAN_POINT('Ctrl Pts',(8.3363183214542,-34.9108033342664,17.0130059840932));
#10437=CARTESIAN_POINT('Ctrl Pts',(8.3032480026313,-34.9502150055318,17.0345724304858));
#10438=CARTESIAN_POINT('Ctrl Pts',(8.26986121505258,-34.9900038295739,17.0576934173477));
#10439=CARTESIAN_POINT('Ctrl Pts',(8.2365397080674,-35.0297148552342,17.0826031578464));
#10440=CARTESIAN_POINT('Ctrl Pts',(8.20897962021432,-35.0625596889453,17.1032059066011));
#10441=CARTESIAN_POINT('Ctrl Pts',(8.18146491556072,-35.0953504370654,17.1250321762501));
#10442=CARTESIAN_POINT('Ctrl Pts',(8.15419148471742,-35.1278536462552,17.1482102372067));
#10443=CARTESIAN_POINT('Ctrl Pts',(8.12758444519066,-35.1595626811995,17.1708219719594));
#10444=CARTESIAN_POINT('Ctrl Pts',(8.10120765540639,-35.1909973151861,17.1947202881945));
#10445=CARTESIAN_POINT('Ctrl Pts',(8.07521153211055,-35.2219782885174,17.2200205474979));
#10446=CARTESIAN_POINT('Ctrl Pts',(8.04850985653508,-35.2538001063128,17.2460074728639));
#10447=CARTESIAN_POINT('Ctrl Pts',(8.02220967339422,-35.2851434440568,17.27347382986));
#10448=CARTESIAN_POINT('Ctrl Pts',(7.99643759522229,-35.3158574108068,17.3025372336647));
#10449=CARTESIAN_POINT('Ctrl Pts',(7.96980354370992,-35.347598637382,17.3325726925397));
#10450=CARTESIAN_POINT('Ctrl Pts',(7.94373330989192,-35.3786679321944,17.364314293071));
#10451=CARTESIAN_POINT('Ctrl Pts',(7.91833058508399,-35.4089417207459,17.397877614993));
#10452=CARTESIAN_POINT('Ctrl Pts',(7.89218083419431,-35.4401057803141,17.4324279442954));
#10453=CARTESIAN_POINT('Ctrl Pts',(7.86673809406798,-35.4704272572651,17.4689093005585));
#10454=CARTESIAN_POINT('Ctrl Pts',(7.84208222671266,-35.4998109757643,17.5074246271874));
#10455=CARTESIAN_POINT('Ctrl Pts',(7.81700181786629,-35.5297006431107,17.546603136902));
#10456=CARTESIAN_POINT('Ctrl Pts',(7.79273519292276,-35.5586204805673,17.5878868629233));
#10457=CARTESIAN_POINT('Ctrl Pts',(7.76933836990047,-35.5865037284594,17.6313515342645));
#10458=CARTESIAN_POINT('Ctrl Pts',(7.74595639627841,-35.6143692795255,17.6747886196252));
#10459=CARTESIAN_POINT('Ctrl Pts',(7.72344258212243,-35.6412001984288,17.7204044294714));
#10460=CARTESIAN_POINT('Ctrl Pts',(7.70183237357826,-35.6669542420981,17.7682338160523));
#10461=CARTESIAN_POINT('Ctrl Pts',(7.68059747772968,-35.692261005514,17.8152325315192));
#10462=CARTESIAN_POINT('Ctrl Pts',(7.66023453436269,-35.7165286164274,17.8643689833178));
#10463=CARTESIAN_POINT('Ctrl Pts',(7.64076553645106,-35.7397308646328,17.9156301239887));
#10464=CARTESIAN_POINT('Ctrl Pts',(7.62182872650566,-35.7622988759175,17.9654900337218));
#10465=CARTESIAN_POINT('Ctrl Pts',(7.60373723083132,-35.7838594808828,18.0173602357844));
#10466=CARTESIAN_POINT('Ctrl Pts',(7.5865071454451,-35.8043934970425,18.0711809407887));
#10467=CARTESIAN_POINT('Ctrl Pts',(7.56995048649008,-35.8241249548335,18.1228980993228));
#10468=CARTESIAN_POINT('Ctrl Pts',(7.55418882889911,-35.8429089668928,18.1764164028908));
#10469=CARTESIAN_POINT('Ctrl Pts',(7.53923831907494,-35.8607262906868,18.2316362344831));
#10470=CARTESIAN_POINT('Ctrl Pts',(7.52464178673645,-35.8781217605407,18.2855486473067));
#10471=CARTESIAN_POINT('Ctrl Pts',(7.51081813639364,-35.8945961454995,18.3410831442227));
#10472=CARTESIAN_POINT('Ctrl Pts',(7.49778942974985,-35.9101231534491,18.398099022199));
#10473=CARTESIAN_POINT('Ctrl Pts',(7.4847659476116,-35.9256439350754,18.4550920368337));
#10474=CARTESIAN_POINT('Ctrl Pts',(7.47253663204334,-35.9402182658389,18.5135652567952));
#10475=CARTESIAN_POINT('Ctrl Pts',(7.46113380788836,-35.9538076224913,18.573328312153));
#10476=CARTESIAN_POINT('Ctrl Pts',(7.44910175606423,-35.9681468634789,18.6363891968479));
#10477=CARTESIAN_POINT('Ctrl Pts',(7.43798994435983,-35.9813894049979,18.700886153055));
#10478=CARTESIAN_POINT('Ctrl Pts',(7.42784986617119,-35.9934738796084,18.7665378356243));
#10479=CARTESIAN_POINT('Ctrl Pts',(7.41666658232434,-36.0068015983099,18.8389437271309));
#10480=CARTESIAN_POINT('Ctrl Pts',(7.40666564173348,-36.0187202551884,18.9127536349337));
#10481=CARTESIAN_POINT('Ctrl Pts',(7.39792843987281,-36.029132846895,18.9875268586333));
#10482=CARTESIAN_POINT('Ctrl Pts',(7.38787702177957,-36.0411116605183,19.0735471824819));
#10483=CARTESIAN_POINT('Ctrl Pts',(7.37949874139888,-36.0510965062618,19.1608416308059));
#10484=CARTESIAN_POINT('Ctrl Pts',(7.37292465215917,-36.0589312007312,19.2486694065982));
#10485=CARTESIAN_POINT('Ctrl Pts',(7.36577969422233,-36.0674462300214,19.3441238096099));
#10486=CARTESIAN_POINT('Ctrl Pts',(7.36076747369206,-36.0734195618452,19.4402046384337));
#10487=CARTESIAN_POINT('Ctrl Pts',(7.35804632417151,-36.0766625015623,19.535918553764));
#10488=CARTESIAN_POINT('Ctrl Pts',(7.35568167932065,-36.0794805755586,19.6190927473659));
#10489=CARTESIAN_POINT('Ctrl Pts',(7.35504758664342,-36.0802362577847,19.7019874004368));
#10490=CARTESIAN_POINT('Ctrl Pts',(7.35622722802166,-36.0788304159342,19.7839637380493));
#10491=CARTESIAN_POINT('Ctrl Pts',(7.35725990945805,-36.0775997141224,19.8557274483075));
#10492=CARTESIAN_POINT('Ctrl Pts',(7.3596826029773,-36.074712460417,19.9267866620129));
#10493=CARTESIAN_POINT('Ctrl Pts',(7.36353153028529,-36.0701254874701,19.9967415802437));
#10494=CARTESIAN_POINT('Ctrl Pts',(7.36707890133952,-36.065897895272,20.0612156615072));
#10495=CARTESIAN_POINT('Ctrl Pts',(7.37183784651668,-36.0602264052601,20.1247512634187));
#10496=CARTESIAN_POINT('Ctrl Pts',(7.3778179893252,-36.0530995485838,20.1870693954194));
#10497=CARTESIAN_POINT('Ctrl Pts',(7.38350448158328,-36.046322651006,20.2463274410058));
#10498=CARTESIAN_POINT('Ctrl Pts',(7.39029522946731,-36.0382297528188,20.3044843744844));
#10499=CARTESIAN_POINT('Ctrl Pts',(7.39817992912798,-36.0288331336717,20.3613374983373));
#10500=CARTESIAN_POINT('Ctrl Pts',(7.40571006823166,-36.0198590633422,20.4156340409471));
#10501=CARTESIAN_POINT('Ctrl Pts',(7.41423801560234,-36.0096958514257,20.4687412089644));
#10502=CARTESIAN_POINT('Ctrl Pts',(7.42373696037856,-35.9983754498628,20.5205202818725));
#10503=CARTESIAN_POINT('Ctrl Pts',(7.43280778253551,-35.9875652649694,20.569965643738));
#10504=CARTESIAN_POINT('Ctrl Pts',(7.44276411503444,-35.9756997699448,20.6181996985443));
#10505=CARTESIAN_POINT('Ctrl Pts',(7.45356516179132,-35.9628275836685,20.665140154965));
#10506=CARTESIAN_POINT('Ctrl Pts',(7.46430157143057,-35.9500324289094,20.7117997038152));
#10507=CARTESIAN_POINT('Ctrl Pts',(7.47587267204047,-35.9362425281872,20.7571808842245));
#10508=CARTESIAN_POINT('Ctrl Pts',(7.48821931213806,-35.9215283754945,20.8012461490271));
#10509=CARTESIAN_POINT('Ctrl Pts',(7.50084986271583,-35.906475871467,20.8463246927777));
#10510=CARTESIAN_POINT('Ctrl Pts',(7.51429195195295,-35.8904562133267,20.8900261618796));
#10511=CARTESIAN_POINT('Ctrl Pts',(7.52846274771169,-35.8735681165713,20.9323561735199));
#10512=CARTESIAN_POINT('Ctrl Pts',(7.54344000881144,-35.8557189118484,20.977095202117));
#10513=CARTESIAN_POINT('Ctrl Pts',(7.55923112352415,-35.8368997941585,21.0203023787381));
#10514=CARTESIAN_POINT('Ctrl Pts',(7.57571794497351,-35.8172515654657,21.0620347260245));
#10515=CARTESIAN_POINT('Ctrl Pts',(7.59385732192714,-35.7956338978138,21.1079501124993));
#10516=CARTESIAN_POINT('Ctrl Pts',(7.61283849323203,-35.7730130187196,21.1520806045963));
#10517=CARTESIAN_POINT('Ctrl Pts',(7.63248439637544,-35.7495999430687,21.1945570045261));
#10518=CARTESIAN_POINT('Ctrl Pts',(7.65529741137121,-35.7224124504895,21.2438810158222));
#10519=CARTESIAN_POINT('Ctrl Pts',(7.67900606554666,-35.6941575767004,21.290975103937));
#10520=CARTESIAN_POINT('Ctrl Pts',(7.703316399984,-35.6651856482975,21.3361078933118));
#10521=CARTESIAN_POINT('Ctrl Pts',(7.73068769766417,-35.6325658059532,21.3869234432294));
#10522=CARTESIAN_POINT('Ctrl Pts',(7.7588194922224,-35.5990396387223,21.4352557404289));
#10523=CARTESIAN_POINT('Ctrl Pts',(7.78729568589893,-35.5651030326049,21.4815367578203));
#10524=CARTESIAN_POINT('Ctrl Pts',(7.81006212240279,-35.5379710501109,21.5185379756005));
#10525=CARTESIAN_POINT('Ctrl Pts',(7.83304823026154,-35.5105772734904,21.5542300086641));
#10526=CARTESIAN_POINT('Ctrl Pts',(7.85605978496106,-35.4831531705061,21.5888268005803));
#10527=CARTESIAN_POINT('Ctrl Pts',(7.8767631240788,-35.4584798917339,21.6199532987582));
#10528=CARTESIAN_POINT('Ctrl Pts',(7.89748691620826,-35.4337822380114,21.6501938190179));
#10529=CARTESIAN_POINT('Ctrl Pts',(7.91810962600515,-35.4092050495219,21.6796844023331));
#10530=CARTESIAN_POINT('Ctrl Pts',(7.93808787612089,-35.3853958981727,21.7082534049198));
#10531=CARTESIAN_POINT('Ctrl Pts',(7.95797086608596,-35.3617002734504,21.7361194057677));
#10532=CARTESIAN_POINT('Ctrl Pts',(7.9776717322588,-35.3382216954117,21.7633770998724));
#10533=CARTESIAN_POINT('Ctrl Pts',(7.99675694636374,-35.3154768229367,21.7897829910363));
#10534=CARTESIAN_POINT('Ctrl Pts',(8.01567094190844,-35.292936000796,21.8156186117075));
#10535=CARTESIAN_POINT('Ctrl Pts',(8.03436253719398,-35.2706602249631,21.8409318262595));
#10536=CARTESIAN_POINT('Ctrl Pts',(8.05247002012685,-35.249080567125,21.8654540028568));
#10537=CARTESIAN_POINT('Ctrl Pts',(8.07036891906342,-35.2277494900139,21.8894857179757));
#10538=CARTESIAN_POINT('Ctrl Pts',(8.08804011381838,-35.2066897801792,21.9130315694246));
#10539=CARTESIAN_POINT('Ctrl Pts',(8.10650040455494,-35.1846896623736,21.9376288459197));
#10540=CARTESIAN_POINT('Ctrl Pts',(8.12471211833657,-35.162985787047,21.9616959419373));
#10541=CARTESIAN_POINT('Ctrl Pts',(8.142684373709,-35.1415672871399,21.9851946298822));
#10542=CARTESIAN_POINT('Ctrl Pts',(8.1630733009571,-35.1172687098428,22.0118531114699));
#10543=CARTESIAN_POINT('Ctrl Pts',(8.18315425211812,-35.093337164154,22.0377792110274));
#10544=CARTESIAN_POINT('Ctrl Pts',(8.20297900669867,-35.0697109416603,22.0628679882074));
#10545=CARTESIAN_POINT('Ctrl Pts',(8.22759786303748,-35.040371331173,22.0940238342282));
#10546=CARTESIAN_POINT('Ctrl Pts',(8.2518221200948,-35.011501985797,22.1238858058925));
#10547=CARTESIAN_POINT('Ctrl Pts',(8.27580202885252,-34.9829238433849,22.1522092671324));
#10548=CARTESIAN_POINT('Ctrl Pts',(8.29809181430315,-34.956359911496,22.1785364679835));
#10549=CARTESIAN_POINT('Ctrl Pts',(8.32017277312115,-34.9300448494967,22.2035306657297));
#10550=CARTESIAN_POINT('Ctrl Pts',(8.34217980106619,-34.9038178948809,22.2270136613472));
#10551=CARTESIAN_POINT('Ctrl Pts',(8.36013233690602,-34.8824228957976,22.2461702381236));
#10552=CARTESIAN_POINT('Ctrl Pts',(8.3780363695522,-34.8610857005696,22.26432067553));
#10553=CARTESIAN_POINT('Ctrl Pts',(8.39595831381353,-34.8397271591098,22.2814019894873));
#10554=CARTESIAN_POINT('Ctrl Pts',(8.41196198770139,-34.8206547232593,22.2966550097044));
#10555=CARTESIAN_POINT('Ctrl Pts',(8.42798027041076,-34.8015648772932,22.3110551301354));
#10556=CARTESIAN_POINT('Ctrl Pts',(8.44404842306828,-34.7824155986373,22.324592864859));
#10557=CARTESIAN_POINT('Ctrl Pts',(8.45941219794203,-34.7641057647356,22.3375371474425));
#10558=CARTESIAN_POINT('Ctrl Pts',(8.47482180994387,-34.745741304272,22.3496926117297));
#10559=CARTESIAN_POINT('Ctrl Pts',(8.49029223497376,-34.7273043696636,22.3610914018043));
#10560=CARTESIAN_POINT('Ctrl Pts',(8.50565963022349,-34.708990221166,22.3724142783321));
#10561=CARTESIAN_POINT('Ctrl Pts',(8.52108709116426,-34.6906044891652,22.3829905312812));
#10562=CARTESIAN_POINT('Ctrl Pts',(8.53657131476139,-34.6721511100648,22.3928947357111));
#10563=CARTESIAN_POINT('Ctrl Pts',(8.55264093638211,-34.6530000807667,22.4031733794315));
#10564=CARTESIAN_POINT('Ctrl Pts',(8.56877178925385,-34.6337760789052,22.4127281443806));
#10565=CARTESIAN_POINT('Ctrl Pts',(8.58493892040637,-34.6145088422722,22.421690792463));
#10566=CARTESIAN_POINT('Ctrl Pts',(8.60297868197694,-34.5930098916109,22.4316915794254));
#10567=CARTESIAN_POINT('Ctrl Pts',(8.62106345002659,-34.5714573043165,22.4409558543049));
#10568=CARTESIAN_POINT('Ctrl Pts',(8.63913297693311,-34.5499228807092,22.4497208033208));
#10569=CARTESIAN_POINT('Ctrl Pts',(8.66134078043016,-34.523456651108,22.460493097826));
#10570=CARTESIAN_POINT('Ctrl Pts',(8.68352542733237,-34.4970180184618,22.4705127446161));
#10571=CARTESIAN_POINT('Ctrl Pts',(8.70554062441014,-34.4707813282527,22.4802791206367));
#10572=CARTESIAN_POINT('Ctrl Pts',(8.72765430732907,-34.4444272671886,22.4900891869207));
#10573=CARTESIAN_POINT('Ctrl Pts',(8.74959558013197,-34.4182786764996,22.4996479230618));
#10574=CARTESIAN_POINT('Ctrl Pts',(8.77119863589228,-34.3925331571863,22.5094668149775));
#10575=CARTESIAN_POINT('Ctrl Pts',(8.78859278242485,-34.371803620566,22.5173726986017));
#10576=CARTESIAN_POINT('Ctrl Pts',(8.80576695938385,-34.3513362334753,22.5254483762495));
#10577=CARTESIAN_POINT('Ctrl Pts',(8.82263680308495,-34.331231536638,22.5339334711899));
#10578=CARTESIAN_POINT('Ctrl Pts',(8.83817060789511,-34.3127190689488,22.541746573133));
#10579=CARTESIAN_POINT('Ctrl Pts',(8.85344608204182,-34.2945144677559,22.5499074479716));
#10580=CARTESIAN_POINT('Ctrl Pts',(8.86840538368591,-34.2766866662788,22.5585662560489));
#10581=CARTESIAN_POINT('Ctrl Pts',(8.88285893061783,-34.259461599797,22.5669323209829));
#10582=CARTESIAN_POINT('Ctrl Pts',(8.89701708635687,-34.2425885668305,22.5757638234228));
#10583=CARTESIAN_POINT('Ctrl Pts',(8.91083927467714,-34.2261159242423,22.5851511457353));
#10584=CARTESIAN_POINT('Ctrl Pts',(8.92520632151161,-34.2089939445623,22.5949085080421));
#10585=CARTESIAN_POINT('Ctrl Pts',(8.93921040253308,-34.192304530694,22.6052662260722));
#10586=CARTESIAN_POINT('Ctrl Pts',(8.95282102446653,-34.1760840231074,22.6162706613844));
#10587=CARTESIAN_POINT('Ctrl Pts',(8.96723654531982,-34.1589042743414,22.6279258721086));
#10588=CARTESIAN_POINT('Ctrl Pts',(8.98121074937343,-34.1422504664568,22.6403062183905));
#10589=CARTESIAN_POINT('Ctrl Pts',(8.9947233776319,-34.1261467431844,22.6534102134777));
#10590=CARTESIAN_POINT('Ctrl Pts',(9.00939939229554,-34.108656549984,22.6676424131928));
#10591=CARTESIAN_POINT('Ctrl Pts',(9.02353101634076,-34.091815136259,22.6827276894264));
#10592=CARTESIAN_POINT('Ctrl Pts',(9.03710960789623,-34.0756328009904,22.6986058340387));
#10593=CARTESIAN_POINT('Ctrl Pts',(9.05281215263733,-34.0569192368823,22.7169676262145));
#10594=CARTESIAN_POINT('Ctrl Pts',(9.06777522870755,-34.0390869372193,22.7363887403974));
#10595=CARTESIAN_POINT('Ctrl Pts',(9.08200650675365,-34.0221267604807,22.7567124683356));
#10596=CARTESIAN_POINT('Ctrl Pts',(9.1012277948398,-33.9992197213497,22.7841624435536));
#10597=CARTESIAN_POINT('Ctrl Pts',(9.11911481851277,-33.9779027966266,22.8132527603782));
#10598=CARTESIAN_POINT('Ctrl Pts',(9.13571917800909,-33.9581144915442,22.8435364610119));
#10599=CARTESIAN_POINT('Ctrl Pts',(9.14808191160224,-33.9433811593703,22.8660841132253));
#10600=CARTESIAN_POINT('Ctrl Pts',(9.15973464079362,-33.9294939774929,22.8892907942876));
#10601=CARTESIAN_POINT('Ctrl Pts',(9.17069742425387,-33.9164290409193,22.9130087867298));
#10602=CARTESIAN_POINT('Ctrl Pts',(9.18198653633941,-33.9029752010342,22.9374327914632));
#10603=CARTESIAN_POINT('Ctrl Pts',(9.19254402270255,-33.8903932787321,22.9623992281385));
#10604=CARTESIAN_POINT('Ctrl Pts',(9.20238487673532,-33.8786654055844,22.9878020378616));
#10605=CARTESIAN_POINT('Ctrl Pts',(9.21329729465108,-33.8656604923294,23.0159709422077));
#10606=CARTESIAN_POINT('Ctrl Pts',(9.22332850179607,-33.8537057651763,23.0446766354607));
#10607=CARTESIAN_POINT('Ctrl Pts',(9.23249034964403,-33.8427871000887,23.0738396682548));
#10608=CARTESIAN_POINT('Ctrl Pts',(9.24258851217166,-33.8307525786178,23.1059830796976));
#10609=CARTESIAN_POINT('Ctrl Pts',(9.25163045004163,-33.8199768166773,23.1386830594128));
#10610=CARTESIAN_POINT('Ctrl Pts',(9.25962314551112,-33.810451493137,23.1718982331048));
#10611=CARTESIAN_POINT('Ctrl Pts',(9.2677463263805,-33.8007706631526,23.2056556638163));
#10612=CARTESIAN_POINT('Ctrl Pts',(9.2747854600937,-33.7923817502611,23.2399475589418));
#10613=CARTESIAN_POINT('Ctrl Pts',(9.2807419781188,-33.7852830485054,23.2747680359242));
#10614=CARTESIAN_POINT('',(9.28074063715935,-33.7852846465986,13.1747666411755));
#10615=CARTESIAN_POINT('',(8.92720880069329,-34.2066074828035,18.1247681175081));
#10616=CARTESIAN_POINT('Origin',(8.92720880069329,-34.2066074828035,19.6247681175081));
#10617=CARTESIAN_POINT('',(18.56902273048,-22.7159410928552,18.1247681175081));
#10618=CARTESIAN_POINT('Origin',(18.56902273048,-22.7159410928552,19.6247681175081));
#10619=CARTESIAN_POINT('Origin',(20.5779006362238,-24.9890251121832,32.0747678392289));
#10620=CARTESIAN_POINT('',(9.85327843255808,-15.9899985765717,23.3747664876936));
#10621=CARTESIAN_POINT('',(20.5779006362238,-24.9890251121832,23.3747664876936));
#10622=CARTESIAN_POINT('',(9.85327843255808,-15.9899985765717,27.0622592935904));
#10623=CARTESIAN_POINT('',(9.85327843255808,-15.9899985765717,23.3747664876936));
#10624=CARTESIAN_POINT('',(8.32118954632012,-14.7044233571986,27.0622592935904));
#10625=CARTESIAN_POINT('',(9.85327843255808,-15.9899985765717,27.0622592935904));
#10626=CARTESIAN_POINT('',(8.32118954632012,-14.7044233571986,32.0747678392289));
#10627=CARTESIAN_POINT('',(8.32118954632012,-14.7044233571986,32.0747678392289));
#10628=CARTESIAN_POINT('',(20.5779006362238,-24.9890251121832,32.0747678392289));
#10629=CARTESIAN_POINT('Ctrl Pts',(20.5779006362238,-24.9890251121832,23.3747664876936));
#10630=CARTESIAN_POINT('Ctrl Pts',(9.85327843255808,-15.9899985765717,23.3747664876936));
#10631=CARTESIAN_POINT('Ctrl Pts',(20.5779543095309,-24.9889611468266,23.3498039734812));
#10632=CARTESIAN_POINT('Ctrl Pts',(9.85333210586523,-15.989934611215,23.3498039734812));
#10633=CARTESIAN_POINT('Ctrl Pts',(20.5790075501313,-24.9877059435572,23.3007271287389));
#10634=CARTESIAN_POINT('Ctrl Pts',(9.85438534646565,-15.9886794079456,23.3007271287389));
#10635=CARTESIAN_POINT('Ctrl Pts',(20.5834250867859,-24.9824413283787,23.2296564019347));
#10636=CARTESIAN_POINT('Ctrl Pts',(9.85880288312019,-15.9834147927672,23.2296564019347));
#10637=CARTESIAN_POINT('Ctrl Pts',(20.5949942375449,-24.9686537513984,23.139987921742));
#10638=CARTESIAN_POINT('Ctrl Pts',(9.87037203387919,-15.9696272157869,23.139987921742));
#10639=CARTESIAN_POINT('Ctrl Pts',(20.6189339716986,-24.940123487215,23.0363357846149));
#10640=CARTESIAN_POINT('Ctrl Pts',(9.89431176803291,-15.9410969516034,23.0363357846149));
#10641=CARTESIAN_POINT('Ctrl Pts',(20.6523552093194,-24.9002936072114,22.9409233316571));
#10642=CARTESIAN_POINT('Ctrl Pts',(9.92773300565375,-15.9012670715998,22.9409233316571));
#10643=CARTESIAN_POINT('Ctrl Pts',(20.6952343921411,-24.8491921870362,22.8533342348144));
#10644=CARTESIAN_POINT('Ctrl Pts',(9.9706121884754,-15.8501656514246,22.8533342348144));
#10645=CARTESIAN_POINT('Ctrl Pts',(20.7475137185256,-24.786888111999,22.77286125144));
#10646=CARTESIAN_POINT('Ctrl Pts',(10.0228915148599,-15.7878615763875,22.77286125144));
#10647=CARTESIAN_POINT('Ctrl Pts',(20.8091189183551,-24.7134698937797,22.6984602873077));
#10648=CARTESIAN_POINT('Ctrl Pts',(10.0844967146894,-15.7144433581682,22.6984602873077));
#10649=CARTESIAN_POINT('Ctrl Pts',(20.8799636490388,-24.629040431471,22.6287058501368));
#10650=CARTESIAN_POINT('Ctrl Pts',(10.1553414453731,-15.6300138958595,22.6287058501368));
#10651=CARTESIAN_POINT('Ctrl Pts',(20.9599767888437,-24.5336844846538,22.5617283415629));
#10652=CARTESIAN_POINT('Ctrl Pts',(10.235354585178,-15.5346579490422,22.5617283415628));
#10653=CARTESIAN_POINT('Ctrl Pts',(21.0490286135283,-24.4275566526589,22.4952383365898));
#10654=CARTESIAN_POINT('Ctrl Pts',(10.3244064098626,-15.4285301170473,22.4952383365897));
#10655=CARTESIAN_POINT('Ctrl Pts',(21.146799930186,-24.3110373347795,22.4265916629711));
#10656=CARTESIAN_POINT('Ctrl Pts',(10.4221777265203,-15.3120107991679,22.4265916629711));
#10657=CARTESIAN_POINT('Ctrl Pts',(21.2526770687883,-24.1848578744765,22.3528485196546));
#10658=CARTESIAN_POINT('Ctrl Pts',(10.5280548651226,-15.185831338865,22.3528485196546));
#10659=CARTESIAN_POINT('Ctrl Pts',(21.3656151000562,-24.0502635699725,22.2708163560872));
#10660=CARTESIAN_POINT('Ctrl Pts',(10.6409928963905,-15.0512370343609,22.2708163560872));
#10661=CARTESIAN_POINT('Ctrl Pts',(21.4840787490146,-23.9090840907345,22.1771575345156));
#10662=CARTESIAN_POINT('Ctrl Pts',(10.7594565453489,-14.910057555123,22.1771575345156));
#10663=CARTESIAN_POINT('Ctrl Pts',(21.6061546267194,-23.7635997249107,22.0686550932711));
#10664=CARTESIAN_POINT('Ctrl Pts',(10.8815324230537,-14.7645731892992,22.0686550932711));
#10665=CARTESIAN_POINT('Ctrl Pts',(21.7296283484965,-23.6164494733919,21.9424449018677));
#10666=CARTESIAN_POINT('Ctrl Pts',(11.0050061448308,-14.6174229377804,21.9424449018677));
#10667=CARTESIAN_POINT('Ctrl Pts',(21.8520745990783,-23.4705237143613,21.7962668310362));
#10668=CARTESIAN_POINT('Ctrl Pts',(11.1274523954126,-14.4714971787498,21.7962668310362));
#10669=CARTESIAN_POINT('Ctrl Pts',(21.9709409936958,-23.3288642615372,21.6286994197912));
#10670=CARTESIAN_POINT('Ctrl Pts',(11.2463187900301,-14.3298377259257,21.6286994197912));
#10671=CARTESIAN_POINT('Ctrl Pts',(22.0836340491081,-23.1945619078892,21.4394320233076));
#10672=CARTESIAN_POINT('Ctrl Pts',(11.3590118454424,-14.1955353722776,21.4394320233076));
#10673=CARTESIAN_POINT('Ctrl Pts',(22.1876077964223,-23.070650820992,21.2291316561376));
#10674=CARTESIAN_POINT('Ctrl Pts',(11.4629855927566,-14.0716242853805,21.2291316561376));
#10675=CARTESIAN_POINT('Ctrl Pts',(22.2804544248459,-22.9600005180079,20.9992689868105));
#10676=CARTESIAN_POINT('Ctrl Pts',(11.5558322211802,-13.9609739823963,20.9992689868105));
#10677=CARTESIAN_POINT('Ctrl Pts',(22.3599928826853,-22.8652102751284,20.751963495359));
#10678=CARTESIAN_POINT('Ctrl Pts',(11.6353706790196,-13.8661837395169,20.7519634953589));
#10679=CARTESIAN_POINT('Ctrl Pts',(22.4243632491437,-22.788496659645,20.4898190653629));
#10680=CARTESIAN_POINT('Ctrl Pts',(11.699741045478,-13.7894701240334,20.4898190653629));
#10681=CARTESIAN_POINT('Ctrl Pts',(22.4721103515431,-22.7315938788246,20.2157749675916));
#10682=CARTESIAN_POINT('Ctrl Pts',(11.7474881478774,-13.732567343213,20.2157749675916));
#10683=CARTESIAN_POINT('Ctrl Pts',(22.5022971475517,-22.6956186562324,19.9329285136298));
#10684=CARTESIAN_POINT('Ctrl Pts',(11.777674943886,-13.6965921206208,19.9329285136298));
#10685=CARTESIAN_POINT('Ctrl Pts',(22.5145012168559,-22.6810744127949,19.6444746439798));
#10686=CARTESIAN_POINT('Ctrl Pts',(11.7898790131902,-13.6820478771833,19.6444746439798));
#10687=CARTESIAN_POINT('Ctrl Pts',(22.5087303708335,-22.6879518392744,19.3537258453418));
#10688=CARTESIAN_POINT('Ctrl Pts',(11.7841081671678,-13.6889253036628,19.3537258453418));
#10689=CARTESIAN_POINT('Ctrl Pts',(22.4853635661081,-22.7157993127533,19.0641096769223));
#10690=CARTESIAN_POINT('Ctrl Pts',(11.7607413624424,-13.7167727771417,19.0641096769223));
#10691=CARTESIAN_POINT('Ctrl Pts',(22.4450833703901,-22.7638033807106,18.7791740590026));
#10692=CARTESIAN_POINT('Ctrl Pts',(11.7204611667244,-13.7647768450991,18.7791740590026));
#10693=CARTESIAN_POINT('Ctrl Pts',(22.3888125132419,-22.8308643768753,18.5025939000785));
#10694=CARTESIAN_POINT('Ctrl Pts',(11.6641903095762,-13.8318378412638,18.5025939000785));
#10695=CARTESIAN_POINT('Ctrl Pts',(22.3176521184871,-22.9156700329747,18.2381671665297));
#10696=CARTESIAN_POINT('Ctrl Pts',(11.5930299148214,-13.9166434973632,18.2381671665297));
#10697=CARTESIAN_POINT('Ctrl Pts',(22.2328142655707,-23.0167758489759,17.9898431176711));
#10698=CARTESIAN_POINT('Ctrl Pts',(11.508192061905,-14.0177493133643,17.9898431176711));
#10699=CARTESIAN_POINT('Ctrl Pts',(22.1356346408031,-23.1325900159196,17.7613756700226));
#10700=CARTESIAN_POINT('Ctrl Pts',(11.4110124371374,-14.133563480308,17.7613756700226));
#10701=CARTESIAN_POINT('Ctrl Pts',(22.0275959689889,-23.2613454911933,17.5559238445512));
#10702=CARTESIAN_POINT('Ctrl Pts',(11.3029737653232,-14.2623189555818,17.5559238445512));
#10703=CARTESIAN_POINT('Ctrl Pts',(21.9103472445388,-23.4010770797839,17.3756828031888));
#10704=CARTESIAN_POINT('Ctrl Pts',(11.1857250408731,-14.4020505441723,17.3756828031888));
#10705=CARTESIAN_POINT('Ctrl Pts',(21.7857279090087,-23.5495926206085,17.2214685166881));
#10706=CARTESIAN_POINT('Ctrl Pts',(11.061105705343,-14.550566084997,17.2214685166881));
#10707=CARTESIAN_POINT('Ctrl Pts',(21.6557850744706,-23.7044524605012,17.0923892223969));
#10708=CARTESIAN_POINT('Ctrl Pts',(10.9311628708049,-14.7054259248896,17.0923892223968));
#10709=CARTESIAN_POINT('Ctrl Pts',(21.5228086580262,-23.8629275825291,16.9852956517362));
#10710=CARTESIAN_POINT('Ctrl Pts',(10.7981864543605,-14.8639010469175,16.9852956517362));
#10711=CARTESIAN_POINT('Ctrl Pts',(21.3892931452684,-24.0220451745253,16.8951585262075));
#10712=CARTESIAN_POINT('Ctrl Pts',(10.6646709416027,-15.0230186389138,16.8951585262075));
#10713=CARTESIAN_POINT('Ctrl Pts',(21.2578543253674,-24.1786878603486,16.8160088439506));
#10714=CARTESIAN_POINT('Ctrl Pts',(10.5332321217017,-15.1796613247371,16.8160088439506));
#10715=CARTESIAN_POINT('Ctrl Pts',(21.1311601991043,-24.3296760404833,16.7417142886));
#10716=CARTESIAN_POINT('Ctrl Pts',(10.4065379954386,-15.3306495048718,16.7417142886));
#10717=CARTESIAN_POINT('Ctrl Pts',(21.0118558313838,-24.4718574493263,16.666800260143));
#10718=CARTESIAN_POINT('Ctrl Pts',(10.2872336277181,-15.4728309137148,16.666800260143));
#10719=CARTESIAN_POINT('Ctrl Pts',(20.9024915197973,-24.6021927605611,16.5873040022227));
#10720=CARTESIAN_POINT('Ctrl Pts',(10.1778693161316,-15.6031662249496,16.5873040022227));
#10721=CARTESIAN_POINT('Ctrl Pts',(20.8054469989923,-24.717845916872,16.5014694682039));
#10722=CARTESIAN_POINT('Ctrl Pts',(10.0808247953266,-15.7188193812605,16.5014694682039));
#10723=CARTESIAN_POINT('Ctrl Pts',(20.7228487759778,-24.8162826458915,16.4090596290357));
#10724=CARTESIAN_POINT('Ctrl Pts',(9.99822657231214,-15.8172561102799,16.4090596290357));
#10725=CARTESIAN_POINT('Ctrl Pts',(20.6564801274145,-24.8953777212525,16.3107819694297));
#10726=CARTESIAN_POINT('Ctrl Pts',(9.93185792374877,-15.8963511856409,16.3107819694297));
#10727=CARTESIAN_POINT('Ctrl Pts',(20.6077070078524,-24.9535032617126,16.2077147569307));
#10728=CARTESIAN_POINT('Ctrl Pts',(9.88308480418669,-15.9544767261011,16.2077147569307));
#10729=CARTESIAN_POINT('Ctrl Pts',(20.5773600935365,-24.9896693058727,16.1006327783988));
#10730=CARTESIAN_POINT('Ctrl Pts',(9.85273788987079,-15.9906427702612,16.1006327783988));
#10731=CARTESIAN_POINT('Ctrl Pts',(20.5681246562924,-25.0006756713876,16.0120447673869));
#10732=CARTESIAN_POINT('Ctrl Pts',(9.84350245262671,-16.001649135776,16.0120447673869));
#10733=CARTESIAN_POINT('Ctrl Pts',(20.5697062409901,-24.998790812142,15.944021133393));
#10734=CARTESIAN_POINT('Ctrl Pts',(9.84508403732444,-15.9997642765305,15.944021133393));
#10735=CARTESIAN_POINT('Ctrl Pts',(20.5745393730161,-24.9930309096866,15.8979685255977));
#10736=CARTESIAN_POINT('Ctrl Pts',(9.84991716935044,-15.994004374075,15.8979685255977));
#10737=CARTESIAN_POINT('Ctrl Pts',(20.5779006362238,-24.9890251121832,15.8747663759349));
#10738=CARTESIAN_POINT('Ctrl Pts',(9.85327843255808,-15.9899985765717,15.8747663759349));
#10739=CARTESIAN_POINT('',(9.85327843255808,-15.9899985765717,15.8747663759349));
#10740=CARTESIAN_POINT('',(20.5779006362238,-24.9890251121832,15.8747663759349));
#10741=CARTESIAN_POINT('Ctrl Pts',(9.85327843255808,-15.9899985765717,23.3747664876936));
#10742=CARTESIAN_POINT('Ctrl Pts',(9.85333210586523,-15.989934611215,23.3498039734812));
#10743=CARTESIAN_POINT('Ctrl Pts',(9.85438534646565,-15.9886794079456,23.3007271287389));
#10744=CARTESIAN_POINT('Ctrl Pts',(9.85880288312019,-15.9834147927672,23.2296564019347));
#10745=CARTESIAN_POINT('Ctrl Pts',(9.87037203387919,-15.9696272157869,23.139987921742));
#10746=CARTESIAN_POINT('Ctrl Pts',(9.89431176803291,-15.9410969516034,23.0363357846149));
#10747=CARTESIAN_POINT('Ctrl Pts',(9.92773300565375,-15.9012670715998,22.9409233316571));
#10748=CARTESIAN_POINT('Ctrl Pts',(9.9706121884754,-15.8501656514246,22.8533342348144));
#10749=CARTESIAN_POINT('Ctrl Pts',(10.0228915148599,-15.7878615763875,22.77286125144));
#10750=CARTESIAN_POINT('Ctrl Pts',(10.0844967146894,-15.7144433581682,22.6984602873077));
#10751=CARTESIAN_POINT('Ctrl Pts',(10.1553414453731,-15.6300138958595,22.6287058501368));
#10752=CARTESIAN_POINT('Ctrl Pts',(10.235354585178,-15.5346579490422,22.5617283415628));
#10753=CARTESIAN_POINT('Ctrl Pts',(10.3244064098626,-15.4285301170473,22.4952383365897));
#10754=CARTESIAN_POINT('Ctrl Pts',(10.4221777265203,-15.3120107991679,22.4265916629711));
#10755=CARTESIAN_POINT('Ctrl Pts',(10.5280548651226,-15.185831338865,22.3528485196546));
#10756=CARTESIAN_POINT('Ctrl Pts',(10.6409928963905,-15.051237034361,22.2708163560872));
#10757=CARTESIAN_POINT('Ctrl Pts',(10.7594565453489,-14.910057555123,22.1771575345156));
#10758=CARTESIAN_POINT('Ctrl Pts',(10.8815324230537,-14.7645731892992,22.0686550932711));
#10759=CARTESIAN_POINT('Ctrl Pts',(11.0050061448308,-14.6174229377804,21.9424449018677));
#10760=CARTESIAN_POINT('Ctrl Pts',(11.1274523954126,-14.4714971787498,21.7962668310362));
#10761=CARTESIAN_POINT('Ctrl Pts',(11.2463187900301,-14.3298377259257,21.6286994197912));
#10762=CARTESIAN_POINT('Ctrl Pts',(11.3590118454424,-14.1955353722776,21.4394320233076));
#10763=CARTESIAN_POINT('Ctrl Pts',(11.4629855927566,-14.0716242853805,21.2291316561376));
#10764=CARTESIAN_POINT('Ctrl Pts',(11.5558322211803,-13.9609739823963,20.9992689868105));
#10765=CARTESIAN_POINT('Ctrl Pts',(11.6353706790196,-13.8661837395169,20.7519634953589));
#10766=CARTESIAN_POINT('Ctrl Pts',(11.699741045478,-13.7894701240334,20.4898190653629));
#10767=CARTESIAN_POINT('Ctrl Pts',(11.7474881478774,-13.732567343213,20.2157749675916));
#10768=CARTESIAN_POINT('Ctrl Pts',(11.777674943886,-13.6965921206208,19.9329285136298));
#10769=CARTESIAN_POINT('Ctrl Pts',(11.7898790131902,-13.6820478771833,19.6444746439798));
#10770=CARTESIAN_POINT('Ctrl Pts',(11.7841081671678,-13.6889253036628,19.3537258453418));
#10771=CARTESIAN_POINT('Ctrl Pts',(11.7607413624424,-13.7167727771418,19.0641096769223));
#10772=CARTESIAN_POINT('Ctrl Pts',(11.7204611667244,-13.7647768450991,18.7791740590026));
#10773=CARTESIAN_POINT('Ctrl Pts',(11.6641903095762,-13.8318378412638,18.5025939000785));
#10774=CARTESIAN_POINT('Ctrl Pts',(11.5930299148215,-13.9166434973632,18.2381671665297));
#10775=CARTESIAN_POINT('Ctrl Pts',(11.508192061905,-14.0177493133643,17.9898431176711));
#10776=CARTESIAN_POINT('Ctrl Pts',(11.4110124371374,-14.133563480308,17.7613756700226));
#10777=CARTESIAN_POINT('Ctrl Pts',(11.3029737653232,-14.2623189555818,17.5559238445512));
#10778=CARTESIAN_POINT('Ctrl Pts',(11.1857250408731,-14.4020505441723,17.3756828031888));
#10779=CARTESIAN_POINT('Ctrl Pts',(11.061105705343,-14.550566084997,17.2214685166881));
#10780=CARTESIAN_POINT('Ctrl Pts',(10.9311628708049,-14.7054259248896,17.0923892223968));
#10781=CARTESIAN_POINT('Ctrl Pts',(10.7981864543605,-14.8639010469175,16.9852956517362));
#10782=CARTESIAN_POINT('Ctrl Pts',(10.6646709416027,-15.0230186389138,16.8951585262075));
#10783=CARTESIAN_POINT('Ctrl Pts',(10.5332321217017,-15.1796613247371,16.8160088439506));
#10784=CARTESIAN_POINT('Ctrl Pts',(10.4065379954386,-15.3306495048718,16.7417142886));
#10785=CARTESIAN_POINT('Ctrl Pts',(10.2872336277181,-15.4728309137148,16.666800260143));
#10786=CARTESIAN_POINT('Ctrl Pts',(10.1778693161316,-15.6031662249496,16.5873040022227));
#10787=CARTESIAN_POINT('Ctrl Pts',(10.0808247953267,-15.7188193812605,16.5014694682039));
#10788=CARTESIAN_POINT('Ctrl Pts',(9.99822657231214,-15.8172561102799,16.4090596290357));
#10789=CARTESIAN_POINT('Ctrl Pts',(9.93185792374877,-15.8963511856409,16.3107819694297));
#10790=CARTESIAN_POINT('Ctrl Pts',(9.88308480418669,-15.9544767261011,16.2077147569307));
#10791=CARTESIAN_POINT('Ctrl Pts',(9.85273788987079,-15.9906427702612,16.1006327783988));
#10792=CARTESIAN_POINT('Ctrl Pts',(9.84350245262671,-16.001649135776,16.0120447673869));
#10793=CARTESIAN_POINT('Ctrl Pts',(9.84508403732444,-15.9997642765305,15.944021133393));
#10794=CARTESIAN_POINT('Ctrl Pts',(9.84991716935044,-15.994004374075,15.8979685255977));
#10795=CARTESIAN_POINT('Ctrl Pts',(9.85327843255808,-15.9899985765717,15.8747663759349));
#10796=CARTESIAN_POINT('Origin',(20.5779006362238,-24.9890251121832,15.8747663759349));
#10797=CARTESIAN_POINT('',(8.32118954632013,-14.7044233571986,6.87476624182442));
#10798=CARTESIAN_POINT('',(20.5779006362238,-24.9890251121832,6.87476624182442));
#10799=CARTESIAN_POINT('',(8.32118954632012,-14.7044233571986,12.0872769436609));
#10800=CARTESIAN_POINT('',(8.32118954632012,-14.7044233571986,15.8747663759349));
#10801=CARTESIAN_POINT('',(9.85327843255807,-15.9899985765717,12.0872769436609));
#10802=CARTESIAN_POINT('',(9.85327843255807,-15.9899985765717,12.0872769436609));
#10803=CARTESIAN_POINT('',(9.85327843255808,-15.9899985765717,8.54945447343069));
#10804=CARTESIAN_POINT('Origin',(20.5779006362238,-24.9890251121832,6.87476624182442));
#10805=CARTESIAN_POINT('',(-0.677837123387364,-25.4290457206736,6.87476624182442));
#10806=CARTESIAN_POINT('',(11.5788739665163,-35.7136474756582,6.87476624182442));
#10807=CARTESIAN_POINT('',(8.32118954632013,-14.7044233571986,6.87476624182442));
#10808=CARTESIAN_POINT('Origin',(5.35376627104385,-21.3523083599776,19.4747670405267));
#10809=CARTESIAN_POINT('',(0.500719926384523,-27.1359437762515,18.1247681175081));
#10810=CARTESIAN_POINT('Origin',(0.500719926384523,-27.1359437762515,19.6247681175081));
#10811=CARTESIAN_POINT('Origin',(5.35376627104385,-21.3523083599776,19.4747670405267));
#10812=CARTESIAN_POINT('',(10.1425338561713,-15.6452773863033,18.1247681175081));
#10813=CARTESIAN_POINT('Origin',(10.1425338561713,-15.6452773863033,19.6247681175081));
#10814=CARTESIAN_POINT('Origin',(5.35376627104385,-21.3523083599776,19.4747670405267));
#10815=CARTESIAN_POINT('Origin',(5.35376627104385,-21.3523083599776,19.5747681186257));
#10816=CARTESIAN_POINT('Origin',(5.35376627104385,-21.3523083599776,19.4747670405267));
#10817=CARTESIAN_POINT('',(0.854251762850586,-26.7146209400467,12.0872803567531));
#10818=CARTESIAN_POINT('',(0.854251762850586,-26.7146209400467,15.8747663759349));
#10819=CARTESIAN_POINT('',(0.854251762850586,-26.7146209400467,6.87476624182442));
#10820=CARTESIAN_POINT('',(0.854253103810036,-26.7146193419534,23.2747680359242));
#10821=CARTESIAN_POINT('Ctrl Pts',(0.854251762850586,-26.7146209400467,
15.8747663759349));
#10822=CARTESIAN_POINT('Ctrl Pts',(0.855671358631465,-26.7129291316748,
15.8980498948999));
#10823=CARTESIAN_POINT('Ctrl Pts',(0.857219910120848,-26.711083639874,15.9440293792899));
#10824=CARTESIAN_POINT('Ctrl Pts',(0.855671045605584,-26.7129295047245,
16.0112358661743));
#10825=CARTESIAN_POINT('Ctrl Pts',(0.845856358193879,-26.7246261937076,
16.0973178247594));
#10826=CARTESIAN_POINT('Ctrl Pts',(0.821016742268932,-26.7542288952248,
16.1989280578128));
#10827=CARTESIAN_POINT('Ctrl Pts',(0.784645185596486,-26.7975748285575,
16.2942345969733));
#10828=CARTESIAN_POINT('Ctrl Pts',(0.738921468066509,-26.8520662331906,
16.3826048959451));
#10829=CARTESIAN_POINT('Ctrl Pts',(0.687302011221151,-26.9135839063338,
16.4630683934847));
#10830=CARTESIAN_POINT('Ctrl Pts',(0.633079108122594,-26.9782042459024,
16.5348317205898));
#10831=CARTESIAN_POINT('Ctrl Pts',(0.578303859353444,-27.0434828454082,
16.597679459705));
#10832=CARTESIAN_POINT('Ctrl Pts',(0.522254258500918,-27.1102801585877,
16.652508585782));
#10833=CARTESIAN_POINT('Ctrl Pts',(0.461133644532521,-27.1831208698661,
16.7015156151611));
#10834=CARTESIAN_POINT('Ctrl Pts',(0.390212813171609,-27.2676410254303,
16.7477171733252));
#10835=CARTESIAN_POINT('Ctrl Pts',(0.305295852089811,-27.3688411188717,
16.7946356536336));
#10836=CARTESIAN_POINT('Ctrl Pts',(0.204793027908019,-27.4886157206562,
16.8458740996288));
#10837=CARTESIAN_POINT('Ctrl Pts',(0.0903275437166329,-27.6250303726693,
16.9049053619887));
#10838=CARTESIAN_POINT('Ctrl Pts',(-0.0344669211469895,-27.7737546245064,
16.9751053753107));
#10839=CARTESIAN_POINT('Ctrl Pts',(-0.164697564741481,-27.928957461876,
17.0597264394328));
#10840=CARTESIAN_POINT('Ctrl Pts',(-0.295151443788986,-28.0844263408987,
17.1618963085687));
#10841=CARTESIAN_POINT('Ctrl Pts',(-0.421132122870516,-28.2345642677916,
17.2846008626684));
#10842=CARTESIAN_POINT('Ctrl Pts',(-0.539396590680987,-28.3755063721809,
17.4306863829087));
#10843=CARTESIAN_POINT('Ctrl Pts',(-0.647902033159253,-28.5048181230704,
17.6025704475293));
#10844=CARTESIAN_POINT('Ctrl Pts',(-0.745479556832742,-28.6211064874648,
17.8019289969651));
#10845=CARTESIAN_POINT('Ctrl Pts',(-0.831540629738359,-28.7236700802826,
18.0293982106563));
#10846=CARTESIAN_POINT('Ctrl Pts',(-0.905761546156763,-28.8121231240698,
18.2842490683537));
#10847=CARTESIAN_POINT('Ctrl Pts',(-0.967801418192091,-28.886059364452,
18.5641128349064));
#10848=CARTESIAN_POINT('Ctrl Pts',(-1.0169503162234,-28.9446327402529,18.8645771564838));
#10849=CARTESIAN_POINT('Ctrl Pts',(-1.05199300924854,-28.9863949955598,
19.1791772037913));
#10850=CARTESIAN_POINT('Ctrl Pts',(-1.07152526860233,-29.0096726358161,
19.5002235635195));
#10851=CARTESIAN_POINT('Ctrl Pts',(-1.07417396660464,-29.0128292311761,
19.8194491710435));
#10852=CARTESIAN_POINT('Ctrl Pts',(-1.05885941720028,-28.9945780619045,
20.1287343313634));
#10853=CARTESIAN_POINT('Ctrl Pts',(-1.0250322139435,-28.9542643708958,20.4207805465382));
#10854=CARTESIAN_POINT('Ctrl Pts',(-0.972941640749039,-28.892185243151,
20.6898489255328));
#10855=CARTESIAN_POINT('Ctrl Pts',(-0.903847530567403,-28.8098420891149,
20.9323781559581));
#10856=CARTESIAN_POINT('Ctrl Pts',(-0.820372660645725,-28.7103606129944,
21.1479019331227));
#10857=CARTESIAN_POINT('Ctrl Pts',(-0.726238453602657,-28.5981758335648,
21.3386510090841));
#10858=CARTESIAN_POINT('Ctrl Pts',(-0.625648949105775,-28.4782979302034,
21.5084075922268));
#10859=CARTESIAN_POINT('Ctrl Pts',(-0.522797759640952,-28.3557246556561,
21.6616185778296));
#10860=CARTESIAN_POINT('Ctrl Pts',(-0.42129554965965,-28.2347590322546,
21.8023504877468));
#10861=CARTESIAN_POINT('Ctrl Pts',(-0.323697877889364,-28.1184466562936,
21.9334366853809));
#10862=CARTESIAN_POINT('Ctrl Pts',(-0.230823287764632,-28.0077630298517,
22.055235802518));
#10863=CARTESIAN_POINT('Ctrl Pts',(-0.141760286766153,-27.9016218784446,
22.1656647859776));
#10864=CARTESIAN_POINT('Ctrl Pts',(-0.0547382203531988,-27.7979130181619,
22.2618168096475));
#10865=CARTESIAN_POINT('Ctrl Pts',(0.0321880167797817,-27.694318362768,
22.3412553244018));
#10866=CARTESIAN_POINT('Ctrl Pts',(0.120448425010247,-27.5891337041755,
22.4032778869713));
#10867=CARTESIAN_POINT('Ctrl Pts',(0.210100866423757,-27.4822900850361,
22.4505885553804));
#10868=CARTESIAN_POINT('Ctrl Pts',(0.299657048219586,-27.3755611836419,
22.4893765359195));
#10869=CARTESIAN_POINT('Ctrl Pts',(0.386866395991039,-27.2716291301275,
22.5271743525422));
#10870=CARTESIAN_POINT('Ctrl Pts',(0.469261769208891,-27.173434148082,22.571265733211));
#10871=CARTESIAN_POINT('Ctrl Pts',(0.544797903486369,-27.0834136886861,
22.6268807510966));
#10872=CARTESIAN_POINT('Ctrl Pts',(0.612459041449511,-27.0027782844395,
22.6954520699896));
#10873=CARTESIAN_POINT('Ctrl Pts',(0.671982791863881,-26.9318406410385,
22.7757860136954));
#10874=CARTESIAN_POINT('Ctrl Pts',(0.723563369831857,-26.8703693019371,
22.8652986543545));
#10875=CARTESIAN_POINT('Ctrl Pts',(0.767571255172632,-26.8179227464798,
22.9611902189674));
#10876=CARTESIAN_POINT('Ctrl Pts',(0.804248274068367,-26.7742127774451,
23.0617295358543));
#10877=CARTESIAN_POINT('Ctrl Pts',(0.82782639139771,-26.7461134714113,23.1451954192324));
#10878=CARTESIAN_POINT('Ctrl Pts',(0.8422909645424,-26.7288752644008,23.2093694598153));
#10879=CARTESIAN_POINT('Ctrl Pts',(0.850504049095244,-26.7190872913786,
23.2528518975272));
#10880=CARTESIAN_POINT('Ctrl Pts',(0.854253103810036,-26.7146193419534,
23.2747680359242));
#10881=CARTESIAN_POINT('',(0.85425310381003,-26.7146193419535,27.062257830837));
#10882=CARTESIAN_POINT('',(0.854253103810036,-26.7146193419534,32.0747678392289));
#10883=CARTESIAN_POINT('Origin',(5.35376627104385,-21.3523083599776,19.5747681186257));
#10884=CARTESIAN_POINT('Origin',(5.35376627104385,-21.3523083599776,19.5747681186257));
#10885=CARTESIAN_POINT('Origin',(3.82167738480589,-20.0667331406045,19.5747681186257));
#10886=CARTESIAN_POINT('Origin',(5.35376627104385,-21.3523083599776,19.5747681186257));
#10887=CARTESIAN_POINT('',(-0.677835782427929,-25.4290441225804,27.062257830837));
#10888=CARTESIAN_POINT('',(0.85425310381003,-26.7146193419535,27.062257830837));
#10889=CARTESIAN_POINT('',(-0.677837123387364,-25.4290457206736,12.0872803567531));
#10890=CARTESIAN_POINT('Origin',(3.82167738480589,-20.0667331406045,19.5747681186257));
#10891=CARTESIAN_POINT('',(0.854251762850586,-26.7146209400467,12.0872803567531));
#10892=CARTESIAN_POINT('Origin',(3.82167738480589,-20.0667331406045,19.4747670405267));
#10893=CARTESIAN_POINT('',(-0.677837123387364,-25.4290457206736,6.87476624182442));
#10894=CARTESIAN_POINT('',(-0.677835782427922,-25.4290441225804,32.0747678392289));
#10895=CARTESIAN_POINT('',(-0.677835782427929,-25.4290441225804,23.2747680359242));
#10896=CARTESIAN_POINT('',(-0.677835782427922,-25.4290441225804,32.0747678392289));
#10897=CARTESIAN_POINT('Origin',(20.867156059837,-24.6443039219148,19.6247681175081));
#10898=CARTESIAN_POINT('',(20.867156059837,-24.6443039219148,18.1247681175081));
#10899=CARTESIAN_POINT('Origin',(11.2253421300502,-36.1349703118631,19.6247681175081));
#10900=CARTESIAN_POINT('',(11.2253421300502,-36.1349703118631,18.1247681175081));
#10901=CARTESIAN_POINT('Origin',(11.5788753074757,-35.713645877565,32.0747678392289));
#10902=CARTESIAN_POINT('',(11.5788753074757,-35.713645877565,32.0747678392289));
#10903=CARTESIAN_POINT('Origin',(11.5788753074757,-35.713645877565,23.2747680359242));
#10904=CARTESIAN_POINT('',(11.5788753074757,-35.713645877565,23.2747680359242));
#10905=CARTESIAN_POINT('Ctrl Pts',(11.5788739665163,-35.7136474756582,15.8747663759349));
#10906=CARTESIAN_POINT('Ctrl Pts',(0.854251762850584,-26.7146209400467,
15.8747663759349));
#10907=CARTESIAN_POINT('Ctrl Pts',(11.5802935622972,-35.7119556672863,15.8980498948999));
#10908=CARTESIAN_POINT('Ctrl Pts',(0.855671358631462,-26.7129291316748,
15.8980498948999));
#10909=CARTESIAN_POINT('Ctrl Pts',(11.5818421137865,-35.7101101754856,15.9440293792899));
#10910=CARTESIAN_POINT('Ctrl Pts',(0.857219910120846,-26.711083639874,15.9440293792899));
#10911=CARTESIAN_POINT('Ctrl Pts',(11.5802932492713,-35.7119560403361,16.0112358661743));
#10912=CARTESIAN_POINT('Ctrl Pts',(0.855671045605577,-26.7129295047245,
16.0112358661743));
#10913=CARTESIAN_POINT('Ctrl Pts',(11.5704785618596,-35.7236527293191,16.0973178247594));
#10914=CARTESIAN_POINT('Ctrl Pts',(0.845856358193879,-26.7246261937076,
16.0973178247594));
#10915=CARTESIAN_POINT('Ctrl Pts',(11.5456389459346,-35.7532554308364,16.1989280578128));
#10916=CARTESIAN_POINT('Ctrl Pts',(0.82101674226893,-26.7542288952248,16.1989280578128));
#10917=CARTESIAN_POINT('Ctrl Pts',(11.5092673892622,-35.796601364169,16.2942345969733));
#10918=CARTESIAN_POINT('Ctrl Pts',(0.784645185596486,-26.7975748285574,
16.2942345969733));
#10919=CARTESIAN_POINT('Ctrl Pts',(11.4635436717322,-35.8510927688021,16.3826048959451));
#10920=CARTESIAN_POINT('Ctrl Pts',(0.738921468066507,-26.8520662331906,
16.3826048959451));
#10921=CARTESIAN_POINT('Ctrl Pts',(11.4119242148868,-35.9126104419453,16.4630683934847));
#10922=CARTESIAN_POINT('Ctrl Pts',(0.687302011221147,-26.9135839063338,
16.4630683934847));
#10923=CARTESIAN_POINT('Ctrl Pts',(11.3577013117883,-35.9772307815139,16.5348317205899));
#10924=CARTESIAN_POINT('Ctrl Pts',(0.633079108122587,-26.9782042459024,
16.5348317205899));
#10925=CARTESIAN_POINT('Ctrl Pts',(11.3029260630191,-36.0425093810198,16.597679459705));
#10926=CARTESIAN_POINT('Ctrl Pts',(0.578303859353446,-27.0434828454082,
16.597679459705));
#10927=CARTESIAN_POINT('Ctrl Pts',(11.2468764621666,-36.1093066941993,16.652508585782));
#10928=CARTESIAN_POINT('Ctrl Pts',(0.52225425850092,-27.1102801585877,16.652508585782));
#10929=CARTESIAN_POINT('Ctrl Pts',(11.1857558481982,-36.1821474054777,16.7015156151611));
#10930=CARTESIAN_POINT('Ctrl Pts',(0.461133644532516,-27.1831208698661,
16.7015156151611));
#10931=CARTESIAN_POINT('Ctrl Pts',(11.1148350168373,-36.2666675610418,16.7477171733252));
#10932=CARTESIAN_POINT('Ctrl Pts',(0.390212813171609,-27.2676410254303,
16.7477171733252));
#10933=CARTESIAN_POINT('Ctrl Pts',(11.0299180557555,-36.3678676544832,16.7946356536336));
#10934=CARTESIAN_POINT('Ctrl Pts',(0.305295852089813,-27.3688411188717,
16.7946356536336));
#10935=CARTESIAN_POINT('Ctrl Pts',(10.9294152315737,-36.4876422562677,16.8458740996288));
#10936=CARTESIAN_POINT('Ctrl Pts',(0.204793027908015,-27.4886157206562,
16.8458740996288));
#10937=CARTESIAN_POINT('Ctrl Pts',(10.8149497473823,-36.6240569082808,16.9049053619887));
#10938=CARTESIAN_POINT('Ctrl Pts',(0.0903275437166307,-27.6250303726693,
16.9049053619887));
#10939=CARTESIAN_POINT('Ctrl Pts',(10.6901552825187,-36.7727811601179,16.9751053753107));
#10940=CARTESIAN_POINT('Ctrl Pts',(-0.0344669211469895,-27.7737546245064,
16.9751053753107));
#10941=CARTESIAN_POINT('Ctrl Pts',(10.5599246389242,-36.9279839974875,17.0597264394328));
#10942=CARTESIAN_POINT('Ctrl Pts',(-0.164697564741478,-27.928957461876,
17.0597264394328));
#10943=CARTESIAN_POINT('Ctrl Pts',(10.4294707598767,-37.0834528765103,17.1618963085688));
#10944=CARTESIAN_POINT('Ctrl Pts',(-0.295151443788988,-28.0844263408987,
17.1618963085687));
#10945=CARTESIAN_POINT('Ctrl Pts',(10.3034900807952,-37.2335908034031,17.2846008626684));
#10946=CARTESIAN_POINT('Ctrl Pts',(-0.421132122870513,-28.2345642677916,
17.2846008626684));
#10947=CARTESIAN_POINT('Ctrl Pts',(10.1852256129847,-37.3745329077925,17.4306863829087));
#10948=CARTESIAN_POINT('Ctrl Pts',(-0.539396590680987,-28.3755063721809,
17.4306863829087));
#10949=CARTESIAN_POINT('Ctrl Pts',(10.0767201705064,-37.503844658682,17.6025704475293));
#10950=CARTESIAN_POINT('Ctrl Pts',(-0.647902033159251,-28.5048181230704,
17.6025704475293));
#10951=CARTESIAN_POINT('Ctrl Pts',(9.97914264683295,-37.6201330230763,17.8019289969651));
#10952=CARTESIAN_POINT('Ctrl Pts',(-0.745479556832744,-28.6211064874648,
17.8019289969651));
#10953=CARTESIAN_POINT('Ctrl Pts',(9.89308157392734,-37.7226966158941,18.0293982106563));
#10954=CARTESIAN_POINT('Ctrl Pts',(-0.831540629738359,-28.7236700802825,
18.0293982106563));
#10955=CARTESIAN_POINT('Ctrl Pts',(9.81886065750893,-37.8111496596814,18.2842490683537));
#10956=CARTESIAN_POINT('Ctrl Pts',(-0.905761546156765,-28.8121231240698,
18.2842490683537));
#10957=CARTESIAN_POINT('Ctrl Pts',(9.75682078547361,-37.8850859000636,18.5641128349064));
#10958=CARTESIAN_POINT('Ctrl Pts',(-0.967801418192089,-28.886059364452,
18.5641128349064));
#10959=CARTESIAN_POINT('Ctrl Pts',(9.7076718874423,-37.9436592758644,18.8645771564838));
#10960=CARTESIAN_POINT('Ctrl Pts',(-1.0169503162234,-28.9446327402529,18.8645771564838));
#10961=CARTESIAN_POINT('Ctrl Pts',(9.67262919441716,-37.9854215311713,19.1791772037913));
#10962=CARTESIAN_POINT('Ctrl Pts',(-1.05199300924854,-28.9863949955597,
19.1791772037913));
#10963=CARTESIAN_POINT('Ctrl Pts',(9.65309693506337,-38.0086991714277,19.5002235635195));
#10964=CARTESIAN_POINT('Ctrl Pts',(-1.07152526860233,-29.0096726358161,
19.5002235635195));
#10965=CARTESIAN_POINT('Ctrl Pts',(9.65044823706106,-38.0118557667876,19.8194491710435));
#10966=CARTESIAN_POINT('Ctrl Pts',(-1.07417396660464,-29.0128292311761,
19.8194491710435));
#10967=CARTESIAN_POINT('Ctrl Pts',(9.66576278646541,-37.993604597516,20.1287343313634));
#10968=CARTESIAN_POINT('Ctrl Pts',(-1.05885941720029,-28.9945780619045,
20.1287343313634));
#10969=CARTESIAN_POINT('Ctrl Pts',(9.6995899897222,-37.9532909065073,20.4207805465382));
#10970=CARTESIAN_POINT('Ctrl Pts',(-1.0250322139435,-28.9542643708958,20.4207805465382));
#10971=CARTESIAN_POINT('Ctrl Pts',(9.75168056291666,-37.8912117787625,20.6898489255328));
#10972=CARTESIAN_POINT('Ctrl Pts',(-0.972941640749041,-28.892185243151,
20.6898489255328));
#10973=CARTESIAN_POINT('Ctrl Pts',(9.82077467309829,-37.8088686247265,20.9323781559581));
#10974=CARTESIAN_POINT('Ctrl Pts',(-0.903847530567405,-28.8098420891149,
20.9323781559581));
#10975=CARTESIAN_POINT('Ctrl Pts',(9.90424954301997,-37.709387148606,21.1479019331227));
#10976=CARTESIAN_POINT('Ctrl Pts',(-0.820372660645727,-28.7103606129944,
21.1479019331227));
#10977=CARTESIAN_POINT('Ctrl Pts',(9.99838375006304,-37.5972023691764,21.3386510090841));
#10978=CARTESIAN_POINT('Ctrl Pts',(-0.726238453602659,-28.5981758335648,
21.3386510090841));
#10979=CARTESIAN_POINT('Ctrl Pts',(10.0989732545599,-37.477324465815,21.5084075922268));
#10980=CARTESIAN_POINT('Ctrl Pts',(-0.625648949105775,-28.4782979302034,
21.5084075922268));
#10981=CARTESIAN_POINT('Ctrl Pts',(10.2018244440247,-37.3547511912677,21.6616185778296));
#10982=CARTESIAN_POINT('Ctrl Pts',(-0.522797759640954,-28.3557246556561,
21.6616185778296));
#10983=CARTESIAN_POINT('Ctrl Pts',(10.303326654006,-37.2337855678662,21.8023504877468));
#10984=CARTESIAN_POINT('Ctrl Pts',(-0.42129554965965,-28.2347590322546,
21.8023504877468));
#10985=CARTESIAN_POINT('Ctrl Pts',(10.4009243257763,-37.1174731919051,21.9334366853809));
#10986=CARTESIAN_POINT('Ctrl Pts',(-0.323697877889366,-28.1184466562936,
21.9334366853809));
#10987=CARTESIAN_POINT('Ctrl Pts',(10.4937989159011,-37.0067895654633,22.055235802518));
#10988=CARTESIAN_POINT('Ctrl Pts',(-0.230823287764632,-28.0077630298517,
22.055235802518));
#10989=CARTESIAN_POINT('Ctrl Pts',(10.5828619168995,-36.9006484140561,22.1656647859776));
#10990=CARTESIAN_POINT('Ctrl Pts',(-0.141760286766155,-27.9016218784446,
22.1656647859776));
#10991=CARTESIAN_POINT('Ctrl Pts',(10.6698839833125,-36.7969395537735,22.2618168096475));
#10992=CARTESIAN_POINT('Ctrl Pts',(-0.0547382203531988,-27.7979130181619,
22.2618168096475));
#10993=CARTESIAN_POINT('Ctrl Pts',(10.7568102204455,-36.6933448983796,22.3412553244018));
#10994=CARTESIAN_POINT('Ctrl Pts',(0.0321880167797817,-27.694318362768,
22.3412553244018));
#10995=CARTESIAN_POINT('Ctrl Pts',(10.8450706286759,-36.5881602397871,22.4032778869713));
#10996=CARTESIAN_POINT('Ctrl Pts',(0.120448425010244,-27.5891337041755,
22.4032778869713));
#10997=CARTESIAN_POINT('Ctrl Pts',(10.9347230700895,-36.4813166206477,22.4505885553804));
#10998=CARTESIAN_POINT('Ctrl Pts',(0.210100866423755,-27.4822900850361,
22.4505885553804));
#10999=CARTESIAN_POINT('Ctrl Pts',(11.0242792518853,-36.3745877192535,22.4893765359196));
#11000=CARTESIAN_POINT('Ctrl Pts',(0.299657048219586,-27.3755611836419,
22.4893765359195));
#11001=CARTESIAN_POINT('Ctrl Pts',(11.1114885996567,-36.2706556657391,22.5271743525422));
#11002=CARTESIAN_POINT('Ctrl Pts',(0.386866395991037,-27.2716291301275,
22.5271743525422));
#11003=CARTESIAN_POINT('Ctrl Pts',(11.1938839728746,-36.1724606836935,22.571265733211));
#11004=CARTESIAN_POINT('Ctrl Pts',(0.469261769208889,-27.173434148082,22.571265733211));
#11005=CARTESIAN_POINT('Ctrl Pts',(11.2694201071521,-36.0824402242977,22.6268807510966));
#11006=CARTESIAN_POINT('Ctrl Pts',(0.544797903486367,-27.0834136886861,
22.6268807510966));
#11007=CARTESIAN_POINT('Ctrl Pts',(11.3370812451152,-36.0018048200511,22.6954520699896));
#11008=CARTESIAN_POINT('Ctrl Pts',(0.612459041449511,-27.0027782844395,
22.6954520699896));
#11009=CARTESIAN_POINT('Ctrl Pts',(11.3966049955296,-35.9308671766501,22.7757860136955));
#11010=CARTESIAN_POINT('Ctrl Pts',(0.671982791863877,-26.9318406410385,
22.7757860136955));
#11011=CARTESIAN_POINT('Ctrl Pts',(11.4481855734975,-35.8693958375487,22.8652986543546));
#11012=CARTESIAN_POINT('Ctrl Pts',(0.723563369831852,-26.8703693019371,
22.8652986543545));
#11013=CARTESIAN_POINT('Ctrl Pts',(11.4921934588383,-35.8169492820913,22.9611902189674));
#11014=CARTESIAN_POINT('Ctrl Pts',(0.76757125517263,-26.8179227464798,22.9611902189674));
#11015=CARTESIAN_POINT('Ctrl Pts',(11.5288704777341,-35.7732393130567,23.0617295358543));
#11016=CARTESIAN_POINT('Ctrl Pts',(0.804248274068362,-26.7742127774451,
23.0617295358543));
#11017=CARTESIAN_POINT('Ctrl Pts',(11.5524485950634,-35.7451400070228,23.1451954192324));
#11018=CARTESIAN_POINT('Ctrl Pts',(0.827826391397708,-26.7461134714113,
23.1451954192324));
#11019=CARTESIAN_POINT('Ctrl Pts',(11.5669131682081,-35.7279018000123,23.2093694598153));
#11020=CARTESIAN_POINT('Ctrl Pts',(0.842290964542396,-26.7288752644008,
23.2093694598153));
#11021=CARTESIAN_POINT('Ctrl Pts',(11.5751262527609,-35.7181138269902,23.2528518975272));
#11022=CARTESIAN_POINT('Ctrl Pts',(0.850504049095244,-26.7190872913786,
23.2528518975272));
#11023=CARTESIAN_POINT('Ctrl Pts',(11.5788753074757,-35.713645877565,23.2747680359242));
#11024=CARTESIAN_POINT('Ctrl Pts',(0.854253103810036,-26.7146193419534,
23.2747680359242));
#11025=CARTESIAN_POINT('',(11.5788739665163,-35.7136474756582,15.8747663759349));
#11026=CARTESIAN_POINT('Origin',(11.5788739665163,-35.7136474756582,6.87476624182442));
#11027=CARTESIAN_POINT('Origin',(13.2942481364056,-27.0152185239049,136.333354005367));
#11028=CARTESIAN_POINT('',(1.53960958311363,-26.0152185239049,137.333354005367));
#11029=CARTESIAN_POINT('',(1.53960958311363,-28.0152185239049,135.333354005367));
#11030=CARTESIAN_POINT('',(1.53960958311363,-24.5152185239049,138.833354005367));
#11031=CARTESIAN_POINT('',(17.212460987503,-28.0152185239049,135.333354005367));
#11032=CARTESIAN_POINT('',(13.2942481364056,-28.0152185239049,135.333354005367));
#11033=CARTESIAN_POINT('',(17.212460987503,-26.0152185239049,137.333354005367));
#11034=CARTESIAN_POINT('',(17.212460987503,-26.4465230607277,136.902049468545));
#11035=CARTESIAN_POINT('',(13.2942481364056,-26.0152185239049,137.333354005367));
#11036=CARTESIAN_POINT('Origin',(9.37603528530829,-28.0152185239049,133.470744931722));
#11037=CARTESIAN_POINT('',(1.53960958311363,-28.0152185239049,131.608135858076));
#11038=CARTESIAN_POINT('',(1.53960958311363,-28.0152185239049,129.608135858076));
#11039=CARTESIAN_POINT('',(17.212460987503,-28.0152185239049,131.608135858076));
#11040=CARTESIAN_POINT('',(5.45782243421096,-28.0152185239049,131.608135858076));
#11041=CARTESIAN_POINT('',(17.212460987503,-28.0152185239049,137.333354005367));
#11042=CARTESIAN_POINT('Origin',(1.53960958311363,-18.0152185239049,137.333354005367));
#11043=CARTESIAN_POINT('',(1.53960958311363,-18.0152185239049,137.333354005367));
#11044=CARTESIAN_POINT('',(1.53960958311363,-18.0152185239049,137.333354005367));
#11045=CARTESIAN_POINT('',(1.53960958311363,-18.0152185239049,129.608135858076));
#11046=CARTESIAN_POINT('',(1.53960958311363,-18.0152185239049,143.166677002684));
#11047=CARTESIAN_POINT('',(1.53960958311363,-26.0152185239049,129.608135858076));
#11048=CARTESIAN_POINT('',(1.53960958311363,-18.0152185239049,129.608135858076));
#11049=CARTESIAN_POINT('',(1.53960958311363,-26.4465230607277,130.039440394899));
#11050=CARTESIAN_POINT('Origin',(-5.86751144420692,-27.0152185239049,136.333354005367));
#11051=CARTESIAN_POINT('',(-17.4107865199604,-26.0152185239049,137.333354005367));
#11052=CARTESIAN_POINT('',(-17.4107865199604,-28.0152185239049,135.333354005367));
#11053=CARTESIAN_POINT('',(-17.4107865199604,-24.5152185239049,138.833354005367));
#11054=CARTESIAN_POINT('',(-2.01975308562244,-28.0152185239049,135.333354005367));
#11055=CARTESIAN_POINT('',(-5.86751144420692,-28.0152185239049,135.333354005367));
#11056=CARTESIAN_POINT('',(-2.01975308562244,-26.0152185239049,137.333354005367));
#11057=CARTESIAN_POINT('',(-2.01975308562244,-26.4465230607277,136.902049468545));
#11058=CARTESIAN_POINT('',(-5.86751144420693,-26.0152185239049,137.333354005367));
#11059=CARTESIAN_POINT('Origin',(-9.71526980279141,-28.0152185239049,133.470744931722));
#11060=CARTESIAN_POINT('',(-17.4107865199604,-28.0152185239049,131.608135858076));
#11061=CARTESIAN_POINT('',(-17.4107865199604,-28.0152185239049,129.608135858076));
#11062=CARTESIAN_POINT('',(-2.01975308562244,-28.0152185239049,131.608135858076));
#11063=CARTESIAN_POINT('',(-13.5630281613759,-28.0152185239049,131.608135858076));
#11064=CARTESIAN_POINT('',(-2.01975308562244,-28.0152185239049,137.333354005367));
#11065=CARTESIAN_POINT('Origin',(-17.4107865199604,-18.0152185239049,137.333354005367));
#11066=CARTESIAN_POINT('',(-17.4107865199604,-18.0152185239049,137.333354005367));
#11067=CARTESIAN_POINT('',(-17.4107865199604,-18.0152185239049,137.333354005367));
#11068=CARTESIAN_POINT('',(-17.4107865199604,-18.0152185239049,129.608135858076));
#11069=CARTESIAN_POINT('',(-17.4107865199604,-18.0152185239049,143.166677002684));
#11070=CARTESIAN_POINT('',(-17.4107865199604,-26.0152185239049,129.608135858076));
#11071=CARTESIAN_POINT('',(-17.4107865199604,-18.0152185239049,129.608135858076));
#11072=CARTESIAN_POINT('',(-17.4107865199604,-26.4465230607277,130.039440394899));
#11073=CARTESIAN_POINT('Origin',(-13.5630281613759,-27.0152185239049,130.608135858076));
#11074=CARTESIAN_POINT('',(-2.01975308562244,-26.0152185239049,129.608135858076));
#11075=CARTESIAN_POINT('',(-2.01975308562244,-24.5152185239049,128.108135858076));
#11076=CARTESIAN_POINT('',(-13.5630281613759,-26.0152185239049,129.608135858076));
#11077=CARTESIAN_POINT('Origin',(5.45782243421096,-27.0152185239049,130.608135858076));
#11078=CARTESIAN_POINT('',(17.212460987503,-26.0152185239049,129.608135858076));
#11079=CARTESIAN_POINT('',(17.212460987503,-24.5152185239049,128.108135858076));
#11080=CARTESIAN_POINT('',(5.45782243421096,-26.0152185239049,129.608135858076));
#11081=CARTESIAN_POINT('Origin',(6.00000013411045,-23.515218628213,129.608135858076));
#11082=CARTESIAN_POINT('',(6.00000013411045,-23.515218628213,129.608135858076));
#11083=CARTESIAN_POINT('',(6.00000013411045,-18.5152185537072,129.608135858076));
#11084=CARTESIAN_POINT('',(6.00000013411045,-20.765218576059,129.608135858076));
#11085=CARTESIAN_POINT('',(6.00000013411045,-23.515218628213,134.608135858076));
#11086=CARTESIAN_POINT('',(6.00000013411045,-23.515218628213,129.608135858076));
#11087=CARTESIAN_POINT('',(6.00000013411045,-18.5152185537072,134.608135858076));
#11088=CARTESIAN_POINT('',(6.00000013411045,-23.515218628213,134.608135858076));
#11089=CARTESIAN_POINT('',(6.00000013411045,-18.5152185537072,129.608135858076));
#11090=CARTESIAN_POINT('Origin',(3.00000008940697,-23.515218628213,129.608135858076));
#11091=CARTESIAN_POINT('',(3.00000008940697,-23.515218628213,129.608135858076));
#11092=CARTESIAN_POINT('',(2.2698048362603,-23.515218628213,129.608135858076));
#11093=CARTESIAN_POINT('',(3.00000008940697,-23.515218628213,134.608135858076));
#11094=CARTESIAN_POINT('',(3.00000008940697,-23.515218628213,129.608135858076));
#11095=CARTESIAN_POINT('',(3.00000008940697,-23.515218628213,134.608135858076));
#11096=CARTESIAN_POINT('Origin',(3.00000008940697,-18.5152185537072,129.608135858076));
#11097=CARTESIAN_POINT('',(3.00000008940697,-18.5152185537072,129.608135858076));
#11098=CARTESIAN_POINT('',(3.00000008940697,-18.2652185388061,129.608135858076));
#11099=CARTESIAN_POINT('',(3.00000008940697,-18.5152185537072,134.608135858076));
#11100=CARTESIAN_POINT('',(3.00000008940697,-18.5152185537072,129.608135858076));
#11101=CARTESIAN_POINT('',(3.00000008940697,-18.5152185537072,134.608135858076));
#11102=CARTESIAN_POINT('Origin',(6.00000013411045,-18.5152185537072,129.608135858076));
#11103=CARTESIAN_POINT('',(3.76980485861204,-18.5152185537072,129.608135858076));
#11104=CARTESIAN_POINT('',(6.00000013411045,-18.5152185537072,134.608135858076));
#11105=CARTESIAN_POINT('Origin',(4.50000011175871,-21.0152185909601,134.608135858076));
#11106=CARTESIAN_POINT('Origin',(-13.0000001490116,-23.515218628213,129.608135858076));
#11107=CARTESIAN_POINT('',(-13.0000001490116,-23.515218628213,129.608135858076));
#11108=CARTESIAN_POINT('',(-13.0000001490116,-18.5152185537072,129.608135858076));
#11109=CARTESIAN_POINT('',(-13.0000001490116,-20.765218576059,129.608135858076));
#11110=CARTESIAN_POINT('',(-13.0000001490116,-23.515218628213,134.608135858076));
#11111=CARTESIAN_POINT('',(-13.0000001490116,-23.515218628213,129.608135858076));
#11112=CARTESIAN_POINT('',(-13.0000001490116,-18.5152185537072,134.608135858076));
#11113=CARTESIAN_POINT('',(-13.0000001490116,-23.515218628213,134.608135858076));
#11114=CARTESIAN_POINT('',(-13.0000001490116,-18.5152185537072,129.608135858076));
#11115=CARTESIAN_POINT('Origin',(-16.0000001937151,-23.515218628213,129.608135858076));
#11116=CARTESIAN_POINT('',(-16.0000001937151,-23.515218628213,129.608135858076));
#11117=CARTESIAN_POINT('',(-16.7053933568377,-23.515218628213,129.608135858076));
#11118=CARTESIAN_POINT('',(-16.0000001937151,-23.515218628213,134.608135858076));
#11119=CARTESIAN_POINT('',(-16.0000001937151,-23.515218628213,129.608135858076));
#11120=CARTESIAN_POINT('',(-16.0000001937151,-23.515218628213,134.608135858076));
#11121=CARTESIAN_POINT('Origin',(-16.0000001937151,-18.5152185537072,129.608135858076));
#11122=CARTESIAN_POINT('',(-16.0000001937151,-18.5152185537072,129.608135858076));
#11123=CARTESIAN_POINT('',(-16.0000001937151,-18.2652185388061,129.608135858076));
#11124=CARTESIAN_POINT('',(-16.0000001937151,-18.5152185537072,134.608135858076));
#11125=CARTESIAN_POINT('',(-16.0000001937151,-18.5152185537072,129.608135858076));
#11126=CARTESIAN_POINT('',(-16.0000001937151,-18.5152185537072,134.608135858076));
#11127=CARTESIAN_POINT('Origin',(-13.0000001490116,-18.5152185537072,129.608135858076));
#11128=CARTESIAN_POINT('',(-15.205393334486,-18.5152185537072,129.608135858076));
#11129=CARTESIAN_POINT('',(-13.0000001490116,-18.5152185537072,134.608135858076));
#11130=CARTESIAN_POINT('Origin',(-14.5000001713634,-21.0152185909601,134.608135858076));
#11131=CARTESIAN_POINT('Origin',(11.0000002086163,-23.515218628213,129.608135858076));
#11132=CARTESIAN_POINT('',(11.0000002086163,-23.515218628213,129.608135858076));
#11133=CARTESIAN_POINT('',(11.0000002086163,-18.5152185537072,129.608135858076));
#11134=CARTESIAN_POINT('',(11.0000002086163,-20.765218576059,129.608135858076));
#11135=CARTESIAN_POINT('',(11.0000002086163,-23.515218628213,134.608135858076));
#11136=CARTESIAN_POINT('',(11.0000002086163,-23.515218628213,129.608135858076));
#11137=CARTESIAN_POINT('',(11.0000002086163,-18.5152185537072,134.608135858076));
#11138=CARTESIAN_POINT('',(11.0000002086163,-23.515218628213,134.608135858076));
#11139=CARTESIAN_POINT('',(11.0000002086163,-18.5152185537072,129.608135858076));
#11140=CARTESIAN_POINT('Origin',(8.00000016391277,-23.515218628213,129.608135858076));
#11141=CARTESIAN_POINT('',(8.00000016391277,-23.515218628213,129.608135858076));
#11142=CARTESIAN_POINT('',(4.7698048735132,-23.515218628213,129.608135858076));
#11143=CARTESIAN_POINT('',(8.00000016391277,-23.515218628213,134.608135858076));
#11144=CARTESIAN_POINT('',(8.00000016391277,-23.515218628213,129.608135858076));
#11145=CARTESIAN_POINT('',(8.00000016391277,-23.515218628213,134.608135858076));
#11146=CARTESIAN_POINT('Origin',(8.00000016391277,-18.5152185537072,129.608135858076));
#11147=CARTESIAN_POINT('',(8.00000016391277,-18.5152185537072,129.608135858076));
#11148=CARTESIAN_POINT('',(8.00000016391277,-18.2652185388061,129.608135858076));
#11149=CARTESIAN_POINT('',(8.00000016391277,-18.5152185537072,134.608135858076));
#11150=CARTESIAN_POINT('',(8.00000016391277,-18.5152185537072,129.608135858076));
#11151=CARTESIAN_POINT('',(8.00000016391277,-18.5152185537072,134.608135858076));
#11152=CARTESIAN_POINT('Origin',(11.0000002086163,-18.5152185537072,129.608135858076));
#11153=CARTESIAN_POINT('',(6.26980489586495,-18.5152185537072,129.608135858076));
#11154=CARTESIAN_POINT('',(11.0000002086163,-18.5152185537072,134.608135858076));
#11155=CARTESIAN_POINT('Origin',(9.50000018626451,-21.0152185909601,134.608135858076));
#11156=CARTESIAN_POINT('Origin',(-3.,-23.515218628213,129.608135858076));
#11157=CARTESIAN_POINT('',(-3.,-23.515218628213,129.608135858076));
#11158=CARTESIAN_POINT('',(-3.,-18.5152185537072,129.608135858076));
#11159=CARTESIAN_POINT('',(-3.,-20.765218576059,129.608135858076));
#11160=CARTESIAN_POINT('',(-3.,-23.515218628213,134.608135858076));
#11161=CARTESIAN_POINT('',(-3.,-23.515218628213,129.608135858076));
#11162=CARTESIAN_POINT('',(-3.,-18.5152185537072,134.608135858076));
#11163=CARTESIAN_POINT('',(-3.,-23.515218628213,134.608135858076));
#11164=CARTESIAN_POINT('',(-3.,-18.5152185537072,129.608135858076));
#11165=CARTESIAN_POINT('Origin',(-6.00000004470348,-23.515218628213,129.608135858076));
#11166=CARTESIAN_POINT('',(-6.00000004470348,-23.515218628213,129.608135858076));
#11167=CARTESIAN_POINT('',(-11.7053932823319,-23.515218628213,129.608135858076));
#11168=CARTESIAN_POINT('',(-6.00000004470348,-23.515218628213,134.608135858076));
#11169=CARTESIAN_POINT('',(-6.00000004470348,-23.515218628213,129.608135858076));
#11170=CARTESIAN_POINT('',(-6.00000004470348,-23.515218628213,134.608135858076));
#11171=CARTESIAN_POINT('Origin',(-6.00000004470348,-18.5152185537072,129.608135858076));
#11172=CARTESIAN_POINT('',(-6.00000004470348,-18.5152185537072,129.608135858076));
#11173=CARTESIAN_POINT('',(-6.00000004470348,-18.2652185388061,129.608135858076));
#11174=CARTESIAN_POINT('',(-6.00000004470348,-18.5152185537072,134.608135858076));
#11175=CARTESIAN_POINT('',(-6.00000004470348,-18.5152185537072,129.608135858076));
#11176=CARTESIAN_POINT('',(-6.00000004470348,-18.5152185537072,134.608135858076));
#11177=CARTESIAN_POINT('Origin',(-3.,-18.5152185537072,129.608135858076));
#11178=CARTESIAN_POINT('',(-10.2053932599802,-18.5152185537072,129.608135858076));
#11179=CARTESIAN_POINT('',(-3.,-18.5152185537072,134.608135858076));
#11180=CARTESIAN_POINT('Origin',(-4.50000002235174,-21.0152185909601,134.608135858076));
#11181=CARTESIAN_POINT('Origin',(-8.00000007450581,-23.515218628213,129.608135858076));
#11182=CARTESIAN_POINT('',(-8.00000007450581,-23.515218628213,129.608135858076));
#11183=CARTESIAN_POINT('',(-8.00000007450581,-18.5152185537072,129.608135858076));
#11184=CARTESIAN_POINT('',(-8.00000007450581,-20.765218576059,129.608135858076));
#11185=CARTESIAN_POINT('',(-8.00000007450581,-23.515218628213,134.608135858076));
#11186=CARTESIAN_POINT('',(-8.00000007450581,-23.515218628213,129.608135858076));
#11187=CARTESIAN_POINT('',(-8.00000007450581,-18.5152185537072,134.608135858076));
#11188=CARTESIAN_POINT('',(-8.00000007450581,-23.515218628213,134.608135858076));
#11189=CARTESIAN_POINT('',(-8.00000007450581,-18.5152185537072,129.608135858076));
#11190=CARTESIAN_POINT('Origin',(-11.0000001192093,-23.515218628213,129.608135858076));
#11191=CARTESIAN_POINT('',(-11.0000001192093,-23.515218628213,129.608135858076));
#11192=CARTESIAN_POINT('',(-14.2053933195848,-23.515218628213,129.608135858076));
#11193=CARTESIAN_POINT('',(-11.0000001192093,-23.515218628213,134.608135858076));
#11194=CARTESIAN_POINT('',(-11.0000001192093,-23.515218628213,129.608135858076));
#11195=CARTESIAN_POINT('',(-11.0000001192093,-23.515218628213,134.608135858076));
#11196=CARTESIAN_POINT('Origin',(-11.0000001192093,-18.5152185537072,129.608135858076));
#11197=CARTESIAN_POINT('',(-11.0000001192093,-18.5152185537072,129.608135858076));
#11198=CARTESIAN_POINT('',(-11.0000001192093,-18.2652185388061,129.608135858076));
#11199=CARTESIAN_POINT('',(-11.0000001192093,-18.5152185537072,134.608135858076));
#11200=CARTESIAN_POINT('',(-11.0000001192093,-18.5152185537072,129.608135858076));
#11201=CARTESIAN_POINT('',(-11.0000001192093,-18.5152185537072,134.608135858076));
#11202=CARTESIAN_POINT('Origin',(-8.00000007450581,-18.5152185537072,129.608135858076));
#11203=CARTESIAN_POINT('',(-12.7053932972331,-18.5152185537072,129.608135858076));
#11204=CARTESIAN_POINT('',(-8.00000007450581,-18.5152185537072,134.608135858076));
#11205=CARTESIAN_POINT('Origin',(-9.50000009685755,-21.0152185909601,134.608135858076));
#11206=CARTESIAN_POINT('Origin',(16.0000002831221,-23.515218628213,129.608135858076));
#11207=CARTESIAN_POINT('',(16.0000002831221,-23.515218628213,129.608135858076));
#11208=CARTESIAN_POINT('',(16.0000002831221,-18.5152185537072,129.608135858076));
#11209=CARTESIAN_POINT('',(16.0000002831221,-20.765218576059,129.608135858076));
#11210=CARTESIAN_POINT('',(16.0000002831221,-23.515218628213,134.608135858076));
#11211=CARTESIAN_POINT('',(16.0000002831221,-23.515218628213,129.608135858076));
#11212=CARTESIAN_POINT('',(16.0000002831221,-18.5152185537072,134.608135858076));
#11213=CARTESIAN_POINT('',(16.0000002831221,-23.515218628213,134.608135858076));
#11214=CARTESIAN_POINT('',(16.0000002831221,-18.5152185537072,129.608135858076));
#11215=CARTESIAN_POINT('Origin',(13.0000002384186,-23.515218628213,129.608135858076));
#11216=CARTESIAN_POINT('',(13.0000002384186,-23.515218628213,129.608135858076));
#11217=CARTESIAN_POINT('',(7.26980491076611,-23.515218628213,129.608135858076));
#11218=CARTESIAN_POINT('',(13.0000002384186,-23.515218628213,134.608135858076));
#11219=CARTESIAN_POINT('',(13.0000002384186,-23.515218628213,129.608135858076));
#11220=CARTESIAN_POINT('',(13.0000002384186,-23.515218628213,134.608135858076));
#11221=CARTESIAN_POINT('Origin',(13.0000002384186,-18.5152185537072,129.608135858076));
#11222=CARTESIAN_POINT('',(13.0000002384186,-18.5152185537072,129.608135858076));
#11223=CARTESIAN_POINT('',(13.0000002384186,-18.2652185388061,129.608135858076));
#11224=CARTESIAN_POINT('',(13.0000002384186,-18.5152185537072,134.608135858076));
#11225=CARTESIAN_POINT('',(13.0000002384186,-18.5152185537072,129.608135858076));
#11226=CARTESIAN_POINT('',(13.0000002384186,-18.5152185537072,134.608135858076));
#11227=CARTESIAN_POINT('Origin',(16.0000002831221,-18.5152185537072,129.608135858076));
#11228=CARTESIAN_POINT('',(8.76980493311785,-18.5152185537072,129.608135858076));
#11229=CARTESIAN_POINT('',(16.0000002831221,-18.5152185537072,134.608135858076));
#11230=CARTESIAN_POINT('Origin',(14.5000002607703,-21.0152185909601,134.608135858076));
#11231=CARTESIAN_POINT('Origin',(0.500000052154065,-26.0152185239049,164.984781707063));
#11232=CARTESIAN_POINT('',(6.00000013411045,-26.0152185239049,167.484781744316));
#11233=CARTESIAN_POINT('',(-5.00000002980232,-26.0152185239049,167.484781744316));
#11234=CARTESIAN_POINT('',(-5.00000002980232,-26.0152185239049,167.484781744316));
#11235=CARTESIAN_POINT('',(-5.00000002980232,-26.0152185239049,162.48478166981));
#11236=CARTESIAN_POINT('',(-5.00000002980232,-26.0152185239049,162.48478166981));
#11237=CARTESIAN_POINT('',(6.00000013411045,-26.0152185239049,162.48478166981));
#11238=CARTESIAN_POINT('',(6.00000013411045,-26.0152185239049,162.48478166981));
#11239=CARTESIAN_POINT('',(6.00000013411045,-26.0152185239049,167.484781744316));
#11240=CARTESIAN_POINT('Origin',(9.24999998696148,-33.0152185239049,149.78478146939));
#11241=CARTESIAN_POINT('',(17.4999998025596,-33.0152185239049,159.984781241402));
#11242=CARTESIAN_POINT('',(1.00000017136336,-33.0152185239049,159.984781241402));
#11243=CARTESIAN_POINT('',(1.00000017136336,-33.0152185239049,159.984781241402));
#11244=CARTESIAN_POINT('',(1.00000017136336,-33.0152185239049,139.584781697377));
#11245=CARTESIAN_POINT('',(1.00000017136336,-33.0152185239049,139.584781697377));
#11246=CARTESIAN_POINT('',(17.4999998025596,-33.0152185239049,139.584781697377));
#11247=CARTESIAN_POINT('',(17.4999998025596,-33.0152185239049,139.584781697377));
#11248=CARTESIAN_POINT('',(17.4999998025596,-33.0152185239049,159.984781241402));
#11249=CARTESIAN_POINT('Origin',(-9.68885781645426,-33.0152185239049,149.78478146939));
#11250=CARTESIAN_POINT('',(-1.5,-33.0152185239049,139.584781697377));
#11251=CARTESIAN_POINT('',(-1.5,-33.0152185239049,159.984781241402));
#11252=CARTESIAN_POINT('',(-1.5,-33.0152185239049,139.584781697377));
#11253=CARTESIAN_POINT('',(-17.8777156329085,-33.0152185239049,159.984781241402));
#11254=CARTESIAN_POINT('',(-1.5,-33.0152185239049,159.984781241402));
#11255=CARTESIAN_POINT('',(-17.8777156329085,-33.0152185239049,139.584781697377));
#11256=CARTESIAN_POINT('',(-17.8777156329085,-33.0152185239049,159.984781241402));
#11257=CARTESIAN_POINT('',(-17.8777156329085,-33.0152185239049,139.584781697377));
#11258=CARTESIAN_POINT('Origin',(6.00000013411045,-18.0152185239049,162.48478166981));
#11259=CARTESIAN_POINT('',(6.00000013411045,-18.0152185239049,167.484781744316));
#11260=CARTESIAN_POINT('',(6.00000013411045,-18.0152185239049,162.48478166981));
#11261=CARTESIAN_POINT('',(6.00000013411045,-18.0152185239049,155.742390834905));
#11262=CARTESIAN_POINT('',(6.00000013411045,-18.0152185239049,167.484781744316));
#11263=CARTESIAN_POINT('',(6.00000013411045,-18.0152185239049,162.48478166981));
#11264=CARTESIAN_POINT('Origin',(-5.00000002980232,-18.0152185239049,162.48478166981));
#11265=CARTESIAN_POINT('',(-5.00000002980232,-18.0152185239049,162.48478166981));
#11266=CARTESIAN_POINT('',(-2.59052011739776,-18.0152185239049,162.48478166981));
#11267=CARTESIAN_POINT('',(-5.00000002980232,-18.0152185239049,162.48478166981));
#11268=CARTESIAN_POINT('Origin',(-5.00000002980232,-18.0152185239049,167.484781744316));
#11269=CARTESIAN_POINT('',(-5.00000002980232,-18.0152185239049,167.484781744316));
#11270=CARTESIAN_POINT('',(-5.00000002980232,-18.0152185239049,158.242390872158));
#11271=CARTESIAN_POINT('',(-5.00000002980232,-18.0152185239049,167.484781744316));
#11272=CARTESIAN_POINT('Origin',(6.00000013411045,-18.0152185239049,167.484781744316));
#11273=CARTESIAN_POINT('',(2.90947996455862,-18.0152185239049,167.484781744316));
#11274=CARTESIAN_POINT('Origin',(17.212460987503,-18.0152185239049,129.608135858076));
#11275=CARTESIAN_POINT('',(17.212460987503,-18.0152185239049,129.608135858076));
#11276=CARTESIAN_POINT('',(17.212460987503,-18.0152185239049,129.608135858076));
#11277=CARTESIAN_POINT('',(17.212460987503,-18.0152185239049,137.333354005367));
#11278=CARTESIAN_POINT('',(17.212460987503,-18.0152185239049,139.304067929038));
#11279=CARTESIAN_POINT('',(17.212460987503,-18.0152185239049,137.333354005367));
#11280=CARTESIAN_POINT('Origin',(1.53960958311363,-18.0152185239049,129.608135858076));
#11281=CARTESIAN_POINT('',(0.679284689060215,-18.0152185239049,129.608135858076));
#11282=CARTESIAN_POINT('Origin',(17.212460987503,-18.0152185239049,137.333354005367));
#11283=CARTESIAN_POINT('',(8.51571039125487,-18.0152185239049,137.333354005367));
#11284=CARTESIAN_POINT('Origin',(17.4999998025596,-18.0152185239049,139.584781697377));
#11285=CARTESIAN_POINT('',(17.4999998025596,-18.0152185239049,159.984781241402));
#11286=CARTESIAN_POINT('',(17.4999998025596,-18.0152185239049,139.584781697377));
#11287=CARTESIAN_POINT('',(17.4999998025596,-18.0152185239049,144.292390848689));
#11288=CARTESIAN_POINT('',(17.4999998025596,-18.0152185239049,159.984781241402));
#11289=CARTESIAN_POINT('',(17.4999998025596,-18.0152185239049,139.584781697377));
#11290=CARTESIAN_POINT('Origin',(1.00000017136335,-18.0152185239049,139.584781697377));
#11291=CARTESIAN_POINT('',(1.00000017136335,-18.0152185239049,139.584781697377));
#11292=CARTESIAN_POINT('',(0.409479983185075,-18.0152185239049,139.584781697377));
#11293=CARTESIAN_POINT('',(1.00000017136335,-18.0152185239049,139.584781697377));
#11294=CARTESIAN_POINT('Origin',(1.00000017136335,-18.0152185239049,159.984781241402));
#11295=CARTESIAN_POINT('',(1.00000017136335,-18.0152185239049,159.984781241402));
#11296=CARTESIAN_POINT('',(1.00000017136335,-18.0152185239049,154.492390620701));
#11297=CARTESIAN_POINT('',(1.00000017136335,-18.0152185239049,159.984781241402));
#11298=CARTESIAN_POINT('Origin',(17.4999998025596,-18.0152185239049,159.984781241402));
#11299=CARTESIAN_POINT('',(8.65947979878321,-18.0152185239049,159.984781241402));
#11300=CARTESIAN_POINT('Origin',(-2.01975308562244,-18.0152185239049,129.608135858076));
#11301=CARTESIAN_POINT('',(-2.01975308562244,-18.0152185239049,129.608135858076));
#11302=CARTESIAN_POINT('',(-2.01975308562244,-18.0152185239049,129.608135858076));
#11303=CARTESIAN_POINT('',(-2.01975308562244,-18.0152185239049,137.333354005367));
#11304=CARTESIAN_POINT('',(-2.01975308562244,-18.0152185239049,139.304067929038));
#11305=CARTESIAN_POINT('',(-2.01975308562244,-18.0152185239049,137.333354005367));
#11306=CARTESIAN_POINT('Origin',(-17.4107865199604,-18.0152185239049,129.608135858076));
#11307=CARTESIAN_POINT('',(-8.7959133624768,-18.0152185239049,129.608135858076));
#11308=CARTESIAN_POINT('Origin',(-2.01975308562244,-18.0152185239049,137.333354005367));
#11309=CARTESIAN_POINT('',(-1.10039664530782,-18.0152185239049,137.333354005367));
#11310=CARTESIAN_POINT('Origin',(-17.8777156329085,-18.0152185239049,139.584781697377));
#11311=CARTESIAN_POINT('',(-1.5,-18.0152185239049,139.584781697377));
#11312=CARTESIAN_POINT('',(-17.8777156329085,-18.0152185239049,139.584781697377));
#11313=CARTESIAN_POINT('',(-9.02937791895086,-18.0152185239049,139.584781697377));
#11314=CARTESIAN_POINT('',(-1.5,-18.0152185239049,139.584781697377));
#11315=CARTESIAN_POINT('',(-17.8777156329085,-18.0152185239049,139.584781697377));
#11316=CARTESIAN_POINT('Origin',(-17.8777156329085,-18.0152185239049,159.984781241402));
#11317=CARTESIAN_POINT('',(-17.8777156329085,-18.0152185239049,159.984781241402));
#11318=CARTESIAN_POINT('',(-17.8777156329085,-18.0152185239049,154.492390620701));
#11319=CARTESIAN_POINT('',(-17.8777156329085,-18.0152185239049,159.984781241402));
#11320=CARTESIAN_POINT('Origin',(-1.5,-18.0152185239049,159.984781241402));
#11321=CARTESIAN_POINT('',(-1.5,-18.0152185239049,159.984781241402));
#11322=CARTESIAN_POINT('',(-0.840520102496602,-18.0152185239049,159.984781241402));
#11323=CARTESIAN_POINT('',(-1.5,-18.0152185239049,159.984781241402));
#11324=CARTESIAN_POINT('Origin',(-1.5,-18.0152185239049,139.584781697377));
#11325=CARTESIAN_POINT('',(-1.5,-18.0152185239049,144.292390848689));
#11326=CARTESIAN_POINT('Origin',(19.985734686104,-16.5152185239049,129.219672112423));
#11327=CARTESIAN_POINT('',(19.985734686104,-16.5152185239049,168.780327887577));
#11328=CARTESIAN_POINT('',(19.985734686104,-16.5152185239049,129.219672112423));
#11329=CARTESIAN_POINT('',(19.985734686104,-16.5152185239049,168.780327887577));
#11330=CARTESIAN_POINT('',(19.985734686104,-18.0152185239049,168.780327887577));
#11331=CARTESIAN_POINT('',(19.985734686104,-16.5152185239049,168.780327887577));
#11332=CARTESIAN_POINT('',(19.985734686104,-18.0152185239049,129.219672112423));
#11333=CARTESIAN_POINT('',(19.985734686104,-18.0152185239049,168.780327887577));
#11334=CARTESIAN_POINT('',(19.985734686104,-16.5152185239049,129.219672112423));
#11335=CARTESIAN_POINT('Origin',(-20.3478150960904,-16.5152185239049,129.219672112423));
#11336=CARTESIAN_POINT('',(-20.3478150960904,-16.5152185239049,129.219672112423));
#11337=CARTESIAN_POINT('',(19.985734686104,-16.5152185239049,129.219672112423));
#11338=CARTESIAN_POINT('',(-20.3478150960904,-18.0152185239049,129.219672112423));
#11339=CARTESIAN_POINT('',(19.985734686104,-18.0152185239049,129.219672112423));
#11340=CARTESIAN_POINT('',(-20.3478150960904,-16.5152185239049,129.219672112423));
#11341=CARTESIAN_POINT('Origin',(-20.3478150960904,-16.5152185239049,168.780327887577));
#11342=CARTESIAN_POINT('',(-20.3478150960904,-16.5152185239049,168.780327887577));
#11343=CARTESIAN_POINT('',(-20.3478150960904,-16.5152185239049,129.219672112423));
#11344=CARTESIAN_POINT('',(-20.3478150960904,-18.0152185239049,168.780327887577));
#11345=CARTESIAN_POINT('',(-20.3478150960904,-18.0152185239049,129.219672112423));
#11346=CARTESIAN_POINT('',(-20.3478150960904,-16.5152185239049,168.780327887577));
#11347=CARTESIAN_POINT('Origin',(19.985734686104,-16.5152185239049,168.780327887577));
#11348=CARTESIAN_POINT('',(-20.3478150960904,-16.5152185239049,168.780327887577));
#11349=CARTESIAN_POINT('',(-20.3478150960904,-18.0152185239049,168.780327887577));
#11350=CARTESIAN_POINT('Origin',(-0.181040204993203,-18.0152185239049,149.));
#11351=CARTESIAN_POINT('Origin',(-0.181040204993204,-16.5152185239049,149.));
#11352=CARTESIAN_POINT('Origin',(-13.932167517803,26.9847814760951,136.333354005367));
#11353=CARTESIAN_POINT('',(-2.17752896451097,25.9847814760951,137.333354005367));
#11354=CARTESIAN_POINT('',(-2.17752896451097,27.9847814760951,135.333354005367));
#11355=CARTESIAN_POINT('',(-2.17752896451097,24.4847814760951,138.833354005367));
#11356=CARTESIAN_POINT('',(-17.8503803689003,27.9847814760951,135.333354005367));
#11357=CARTESIAN_POINT('',(-13.932167517803,27.9847814760951,135.333354005367));
#11358=CARTESIAN_POINT('',(-17.8503803689003,25.9847814760951,137.333354005367));
#11359=CARTESIAN_POINT('',(-17.8503803689003,26.4160860129179,136.902049468545));
#11360=CARTESIAN_POINT('',(-13.932167517803,25.9847814760951,137.333354005367));
#11361=CARTESIAN_POINT('Origin',(-10.0139546667056,27.9847814760951,133.470744931722));
#11362=CARTESIAN_POINT('',(-2.17752896451097,27.9847814760951,131.608135858076));
#11363=CARTESIAN_POINT('',(-2.17752896451097,27.9847814760951,129.608135858076));
#11364=CARTESIAN_POINT('',(-17.8503803689003,27.9847814760951,131.608135858076));
#11365=CARTESIAN_POINT('',(-6.0957418156083,27.9847814760951,131.608135858076));
#11366=CARTESIAN_POINT('',(-17.8503803689003,27.9847814760951,137.333354005367));
#11367=CARTESIAN_POINT('Origin',(-2.17752896451097,17.9847814760951,137.333354005367));
#11368=CARTESIAN_POINT('',(-2.17752896451097,17.9847814760951,137.333354005367));
#11369=CARTESIAN_POINT('',(-2.17752896451097,17.9847814760951,137.333354005367));
#11370=CARTESIAN_POINT('',(-2.17752896451097,17.9847814760951,129.608135858076));
#11371=CARTESIAN_POINT('',(-2.17752896451097,17.9847814760951,143.166677002684));
#11372=CARTESIAN_POINT('',(-2.17752896451097,25.9847814760951,129.608135858076));
#11373=CARTESIAN_POINT('',(-2.17752896451097,17.9847814760951,129.608135858076));
#11374=CARTESIAN_POINT('',(-2.17752896451097,26.4160860129179,130.039440394899));
#11375=CARTESIAN_POINT('Origin',(5.22959206280959,26.9847814760951,136.333354005367));
#11376=CARTESIAN_POINT('',(16.7728671385631,25.9847814760951,137.333354005367));
#11377=CARTESIAN_POINT('',(16.7728671385631,27.9847814760951,135.333354005367));
#11378=CARTESIAN_POINT('',(16.7728671385631,24.4847814760951,138.833354005367));
#11379=CARTESIAN_POINT('',(1.3818337042251,27.9847814760951,135.333354005367));
#11380=CARTESIAN_POINT('',(5.22959206280959,27.9847814760951,135.333354005367));
#11381=CARTESIAN_POINT('',(1.3818337042251,25.9847814760951,137.333354005367));
#11382=CARTESIAN_POINT('',(1.3818337042251,26.4160860129179,136.902049468545));
#11383=CARTESIAN_POINT('',(5.22959206280959,25.9847814760951,137.333354005367));
#11384=CARTESIAN_POINT('Origin',(9.07735042139407,27.9847814760951,133.470744931722));
#11385=CARTESIAN_POINT('',(16.7728671385631,27.9847814760951,131.608135858076));
#11386=CARTESIAN_POINT('',(16.7728671385631,27.9847814760951,129.608135858076));
#11387=CARTESIAN_POINT('',(1.3818337042251,27.9847814760951,131.608135858076));
#11388=CARTESIAN_POINT('',(12.9251087799786,27.9847814760951,131.608135858076));
#11389=CARTESIAN_POINT('',(1.3818337042251,27.9847814760951,137.333354005367));
#11390=CARTESIAN_POINT('Origin',(16.7728671385631,17.9847814760951,137.333354005367));
#11391=CARTESIAN_POINT('',(16.7728671385631,17.9847814760951,137.333354005367));
#11392=CARTESIAN_POINT('',(16.7728671385631,17.9847814760951,137.333354005367));
#11393=CARTESIAN_POINT('',(16.7728671385631,17.9847814760951,129.608135858076));
#11394=CARTESIAN_POINT('',(16.7728671385631,17.9847814760951,143.166677002684));
#11395=CARTESIAN_POINT('',(16.7728671385631,25.9847814760951,129.608135858076));
#11396=CARTESIAN_POINT('',(16.7728671385631,17.9847814760951,129.608135858076));
#11397=CARTESIAN_POINT('',(16.7728671385631,26.4160860129179,130.039440394899));
#11398=CARTESIAN_POINT('Origin',(12.9251087799786,26.9847814760951,130.608135858076));
#11399=CARTESIAN_POINT('',(1.3818337042251,25.9847814760951,129.608135858076));
#11400=CARTESIAN_POINT('',(1.3818337042251,24.4847814760951,128.108135858076));
#11401=CARTESIAN_POINT('',(12.9251087799786,25.9847814760951,129.608135858076));
#11402=CARTESIAN_POINT('Origin',(-6.0957418156083,26.9847814760951,130.608135858076));
#11403=CARTESIAN_POINT('',(-17.8503803689003,25.9847814760951,129.608135858076));
#11404=CARTESIAN_POINT('',(-17.8503803689003,24.4847814760951,128.108135858076));
#11405=CARTESIAN_POINT('',(-6.0957418156083,25.9847814760951,129.608135858076));
#11406=CARTESIAN_POINT('Origin',(-6.63791951550779,23.4847815804033,129.608135858076));
#11407=CARTESIAN_POINT('',(-6.63791951550779,23.4847815804033,129.608135858076));
#11408=CARTESIAN_POINT('',(-6.63791951550779,18.4847815058975,129.608135858076));
#11409=CARTESIAN_POINT('',(-6.63791951550779,20.7347815282492,129.608135858076));
#11410=CARTESIAN_POINT('',(-6.63791951550779,23.4847815804033,134.608135858076));
#11411=CARTESIAN_POINT('',(-6.63791951550779,23.4847815804033,129.608135858076));
#11412=CARTESIAN_POINT('',(-6.63791951550779,18.4847815058975,134.608135858076));
#11413=CARTESIAN_POINT('',(-6.63791951550779,23.4847815804033,134.608135858076));
#11414=CARTESIAN_POINT('',(-6.63791951550779,18.4847815058975,129.608135858076));
#11415=CARTESIAN_POINT('Origin',(-3.63791947080431,23.4847815804033,129.608135858076));
#11416=CARTESIAN_POINT('',(-3.63791947080431,23.4847815804033,129.608135858076));
#11417=CARTESIAN_POINT('',(-2.90772421765764,23.4847815804033,129.608135858076));
#11418=CARTESIAN_POINT('',(-3.63791947080431,23.4847815804033,134.608135858076));
#11419=CARTESIAN_POINT('',(-3.63791947080431,23.4847815804033,129.608135858076));
#11420=CARTESIAN_POINT('',(-3.63791947080431,23.4847815804033,134.608135858076));
#11421=CARTESIAN_POINT('Origin',(-3.6379194708043,18.4847815058975,129.608135858076));
#11422=CARTESIAN_POINT('',(-3.6379194708043,18.4847815058975,129.608135858076));
#11423=CARTESIAN_POINT('',(-3.6379194708043,18.2347814909963,129.608135858076));
#11424=CARTESIAN_POINT('',(-3.6379194708043,18.4847815058975,134.608135858076));
#11425=CARTESIAN_POINT('',(-3.6379194708043,18.4847815058975,129.608135858076));
#11426=CARTESIAN_POINT('',(-3.6379194708043,18.4847815058975,134.608135858076));
#11427=CARTESIAN_POINT('Origin',(-6.63791951550779,18.4847815058975,129.608135858076));
#11428=CARTESIAN_POINT('',(-4.40772424000938,18.4847815058975,129.608135858076));
#11429=CARTESIAN_POINT('',(-6.63791951550779,18.4847815058975,134.608135858076));
#11430=CARTESIAN_POINT('Origin',(-5.13791949315605,20.9847815431504,134.608135858076));
#11431=CARTESIAN_POINT('Origin',(12.3620807676143,23.4847815804033,129.608135858076));
#11432=CARTESIAN_POINT('',(12.3620807676143,23.4847815804033,129.608135858076));
#11433=CARTESIAN_POINT('',(12.3620807676143,18.4847815058975,129.608135858076));
#11434=CARTESIAN_POINT('',(12.3620807676143,20.7347815282492,129.608135858076));
#11435=CARTESIAN_POINT('',(12.3620807676143,23.4847815804033,134.608135858076));
#11436=CARTESIAN_POINT('',(12.3620807676143,23.4847815804033,129.608135858076));
#11437=CARTESIAN_POINT('',(12.3620807676143,18.4847815058975,134.608135858076));
#11438=CARTESIAN_POINT('',(12.3620807676143,23.4847815804033,134.608135858076));
#11439=CARTESIAN_POINT('',(12.3620807676143,18.4847815058975,129.608135858076));
#11440=CARTESIAN_POINT('Origin',(15.3620808123178,23.4847815804033,129.608135858076));
#11441=CARTESIAN_POINT('',(15.3620808123178,23.4847815804033,129.608135858076));
#11442=CARTESIAN_POINT('',(16.0674739754404,23.4847815804033,129.608135858076));
#11443=CARTESIAN_POINT('',(15.3620808123178,23.4847815804033,134.608135858076));
#11444=CARTESIAN_POINT('',(15.3620808123178,23.4847815804033,129.608135858076));
#11445=CARTESIAN_POINT('',(15.3620808123178,23.4847815804033,134.608135858076));
#11446=CARTESIAN_POINT('Origin',(15.3620808123178,18.4847815058975,129.608135858076));
#11447=CARTESIAN_POINT('',(15.3620808123178,18.4847815058975,129.608135858076));
#11448=CARTESIAN_POINT('',(15.3620808123178,18.2347814909963,129.608135858076));
#11449=CARTESIAN_POINT('',(15.3620808123178,18.4847815058975,134.608135858076));
#11450=CARTESIAN_POINT('',(15.3620808123178,18.4847815058975,129.608135858076));
#11451=CARTESIAN_POINT('',(15.3620808123178,18.4847815058975,134.608135858076));
#11452=CARTESIAN_POINT('Origin',(12.3620807676143,18.4847815058975,129.608135858076));
#11453=CARTESIAN_POINT('',(14.5674739530887,18.4847815058975,129.608135858076));
#11454=CARTESIAN_POINT('',(12.3620807676143,18.4847815058975,134.608135858076));
#11455=CARTESIAN_POINT('Origin',(13.862080789966,20.9847815431504,134.608135858076));
#11456=CARTESIAN_POINT('Origin',(-11.6379195900136,23.4847815804033,129.608135858076));
#11457=CARTESIAN_POINT('',(-11.6379195900136,23.4847815804033,129.608135858076));
#11458=CARTESIAN_POINT('',(-11.6379195900136,18.4847815058975,129.608135858076));
#11459=CARTESIAN_POINT('',(-11.6379195900136,20.7347815282492,129.608135858076));
#11460=CARTESIAN_POINT('',(-11.6379195900136,23.4847815804033,134.608135858076));
#11461=CARTESIAN_POINT('',(-11.6379195900136,23.4847815804033,129.608135858076));
#11462=CARTESIAN_POINT('',(-11.6379195900136,18.4847815058975,134.608135858076));
#11463=CARTESIAN_POINT('',(-11.6379195900136,23.4847815804033,134.608135858076));
#11464=CARTESIAN_POINT('',(-11.6379195900136,18.4847815058975,129.608135858076));
#11465=CARTESIAN_POINT('Origin',(-8.63791954531011,23.4847815804033,129.608135858076));
#11466=CARTESIAN_POINT('',(-8.63791954531011,23.4847815804033,129.608135858076));
#11467=CARTESIAN_POINT('',(-5.40772425491054,23.4847815804033,129.608135858076));
#11468=CARTESIAN_POINT('',(-8.63791954531011,23.4847815804033,134.608135858076));
#11469=CARTESIAN_POINT('',(-8.63791954531011,23.4847815804033,129.608135858076));
#11470=CARTESIAN_POINT('',(-8.63791954531011,23.4847815804033,134.608135858076));
#11471=CARTESIAN_POINT('Origin',(-8.63791954531011,18.4847815058975,129.608135858076));
#11472=CARTESIAN_POINT('',(-8.63791954531011,18.4847815058975,129.608135858076));
#11473=CARTESIAN_POINT('',(-8.63791954531011,18.2347814909963,129.608135858076));
#11474=CARTESIAN_POINT('',(-8.63791954531011,18.4847815058975,134.608135858076));
#11475=CARTESIAN_POINT('',(-8.63791954531011,18.4847815058975,129.608135858076));
#11476=CARTESIAN_POINT('',(-8.63791954531011,18.4847815058975,134.608135858076));
#11477=CARTESIAN_POINT('Origin',(-11.6379195900136,18.4847815058975,129.608135858076));
#11478=CARTESIAN_POINT('',(-6.90772427726229,18.4847815058975,129.608135858076));
#11479=CARTESIAN_POINT('',(-11.6379195900136,18.4847815058975,134.608135858076));
#11480=CARTESIAN_POINT('Origin',(-10.1379195676619,20.9847815431504,134.608135858076));
#11481=CARTESIAN_POINT('Origin',(2.36208061860266,23.4847815804033,129.608135858076));
#11482=CARTESIAN_POINT('',(2.36208061860266,23.4847815804033,129.608135858076));
#11483=CARTESIAN_POINT('',(2.36208061860266,18.4847815058975,129.608135858076));
#11484=CARTESIAN_POINT('',(2.36208061860266,20.7347815282492,129.608135858076));
#11485=CARTESIAN_POINT('',(2.36208061860266,23.4847815804033,134.608135858076));
#11486=CARTESIAN_POINT('',(2.36208061860266,23.4847815804033,129.608135858076));
#11487=CARTESIAN_POINT('',(2.36208061860266,18.4847815058975,134.608135858076));
#11488=CARTESIAN_POINT('',(2.36208061860266,23.4847815804033,134.608135858076));
#11489=CARTESIAN_POINT('',(2.36208061860266,18.4847815058975,129.608135858076));
#11490=CARTESIAN_POINT('Origin',(5.36208066330615,23.4847815804033,129.608135858076));
#11491=CARTESIAN_POINT('',(5.36208066330615,23.4847815804033,129.608135858076));
#11492=CARTESIAN_POINT('',(11.0674739009346,23.4847815804033,129.608135858076));
#11493=CARTESIAN_POINT('',(5.36208066330615,23.4847815804033,134.608135858076));
#11494=CARTESIAN_POINT('',(5.36208066330615,23.4847815804033,129.608135858076));
#11495=CARTESIAN_POINT('',(5.36208066330615,23.4847815804033,134.608135858076));
#11496=CARTESIAN_POINT('Origin',(5.36208066330615,18.4847815058975,129.608135858076));
#11497=CARTESIAN_POINT('',(5.36208066330615,18.4847815058975,129.608135858076));
#11498=CARTESIAN_POINT('',(5.36208066330615,18.2347814909963,129.608135858076));
#11499=CARTESIAN_POINT('',(5.36208066330615,18.4847815058975,134.608135858076));
#11500=CARTESIAN_POINT('',(5.36208066330615,18.4847815058975,129.608135858076));
#11501=CARTESIAN_POINT('',(5.36208066330615,18.4847815058975,134.608135858076));
#11502=CARTESIAN_POINT('Origin',(2.36208061860266,18.4847815058975,129.608135858076));
#11503=CARTESIAN_POINT('',(9.56747387858286,18.4847815058975,129.608135858076));
#11504=CARTESIAN_POINT('',(2.36208061860266,18.4847815058975,134.608135858076));
#11505=CARTESIAN_POINT('Origin',(3.8620806409544,20.9847815431504,134.608135858076));
#11506=CARTESIAN_POINT('Origin',(7.36208069310847,23.4847815804033,129.608135858076));
#11507=CARTESIAN_POINT('',(7.36208069310847,23.4847815804033,129.608135858076));
#11508=CARTESIAN_POINT('',(7.36208069310847,18.4847815058975,129.608135858076));
#11509=CARTESIAN_POINT('',(7.36208069310847,20.7347815282492,129.608135858076));
#11510=CARTESIAN_POINT('',(7.36208069310847,23.4847815804033,134.608135858076));
#11511=CARTESIAN_POINT('',(7.36208069310847,23.4847815804033,129.608135858076));
#11512=CARTESIAN_POINT('',(7.36208069310847,18.4847815058975,134.608135858076));
#11513=CARTESIAN_POINT('',(7.36208069310847,23.4847815804033,134.608135858076));
#11514=CARTESIAN_POINT('',(7.36208069310847,18.4847815058975,129.608135858076));
#11515=CARTESIAN_POINT('Origin',(10.362080737812,23.4847815804033,129.608135858076));
#11516=CARTESIAN_POINT('',(10.362080737812,23.4847815804033,129.608135858076));
#11517=CARTESIAN_POINT('',(13.5674739381875,23.4847815804033,129.608135858076));
#11518=CARTESIAN_POINT('',(10.362080737812,23.4847815804033,134.608135858076));
#11519=CARTESIAN_POINT('',(10.362080737812,23.4847815804033,129.608135858076));
#11520=CARTESIAN_POINT('',(10.362080737812,23.4847815804033,134.608135858076));
#11521=CARTESIAN_POINT('Origin',(10.362080737812,18.4847815058975,129.608135858076));
#11522=CARTESIAN_POINT('',(10.362080737812,18.4847815058975,129.608135858076));
#11523=CARTESIAN_POINT('',(10.362080737812,18.2347814909963,129.608135858076));
#11524=CARTESIAN_POINT('',(10.362080737812,18.4847815058975,134.608135858076));
#11525=CARTESIAN_POINT('',(10.362080737812,18.4847815058975,129.608135858076));
#11526=CARTESIAN_POINT('',(10.362080737812,18.4847815058975,134.608135858076));
#11527=CARTESIAN_POINT('Origin',(7.36208069310847,18.4847815058975,129.608135858076));
#11528=CARTESIAN_POINT('',(12.0674739158358,18.4847815058975,129.608135858076));
#11529=CARTESIAN_POINT('',(7.36208069310847,18.4847815058975,134.608135858076));
#11530=CARTESIAN_POINT('Origin',(8.86208071546021,20.9847815431504,134.608135858076));
#11531=CARTESIAN_POINT('Origin',(-16.6379196645194,23.4847815804033,129.608135858076));
#11532=CARTESIAN_POINT('',(-16.6379196645194,23.4847815804033,129.608135858076));
#11533=CARTESIAN_POINT('',(-16.6379196645194,18.4847815058975,129.608135858076));
#11534=CARTESIAN_POINT('',(-16.6379196645194,20.7347815282492,129.608135858076));
#11535=CARTESIAN_POINT('',(-16.6379196645194,23.4847815804033,134.608135858076));
#11536=CARTESIAN_POINT('',(-16.6379196645194,23.4847815804033,129.608135858076));
#11537=CARTESIAN_POINT('',(-16.6379196645194,18.4847815058975,134.608135858076));
#11538=CARTESIAN_POINT('',(-16.6379196645194,23.4847815804033,134.608135858076));
#11539=CARTESIAN_POINT('',(-16.6379196645194,18.4847815058975,129.608135858076));
#11540=CARTESIAN_POINT('Origin',(-13.6379196198159,23.4847815804033,129.608135858076));
#11541=CARTESIAN_POINT('',(-13.6379196198159,23.4847815804033,129.608135858076));
#11542=CARTESIAN_POINT('',(-7.90772429216345,23.4847815804033,129.608135858076));
#11543=CARTESIAN_POINT('',(-13.6379196198159,23.4847815804033,134.608135858076));
#11544=CARTESIAN_POINT('',(-13.6379196198159,23.4847815804033,129.608135858076));
#11545=CARTESIAN_POINT('',(-13.6379196198159,23.4847815804033,134.608135858076));
#11546=CARTESIAN_POINT('Origin',(-13.6379196198159,18.4847815058975,129.608135858076));
#11547=CARTESIAN_POINT('',(-13.6379196198159,18.4847815058975,129.608135858076));
#11548=CARTESIAN_POINT('',(-13.6379196198159,18.2347814909963,129.608135858076));
#11549=CARTESIAN_POINT('',(-13.6379196198159,18.4847815058975,134.608135858076));
#11550=CARTESIAN_POINT('',(-13.6379196198159,18.4847815058975,129.608135858076));
#11551=CARTESIAN_POINT('',(-13.6379196198159,18.4847815058975,134.608135858076));
#11552=CARTESIAN_POINT('Origin',(-16.6379196645194,18.4847815058975,129.608135858076));
#11553=CARTESIAN_POINT('',(-9.40772431451519,18.4847815058975,129.608135858076));
#11554=CARTESIAN_POINT('',(-16.6379196645194,18.4847815058975,134.608135858076));
#11555=CARTESIAN_POINT('Origin',(-15.1379196421677,20.9847815431504,134.608135858076));
#11556=CARTESIAN_POINT('Origin',(-1.1379194335514,25.9847814760951,164.984781707063));
#11557=CARTESIAN_POINT('',(-6.63791951550779,25.9847814760951,167.484781744316));
#11558=CARTESIAN_POINT('',(4.36208064840498,25.9847814760951,167.484781744316));
#11559=CARTESIAN_POINT('',(4.36208064840498,25.9847814760951,167.484781744316));
#11560=CARTESIAN_POINT('',(4.36208064840498,25.9847814760952,162.48478166981));
#11561=CARTESIAN_POINT('',(4.36208064840498,25.9847814760952,162.48478166981));
#11562=CARTESIAN_POINT('',(-6.63791951550779,25.9847814760951,162.48478166981));
#11563=CARTESIAN_POINT('',(-6.63791951550779,25.9847814760951,162.48478166981));
#11564=CARTESIAN_POINT('',(-6.63791951550779,25.9847814760951,167.484781744316));
#11565=CARTESIAN_POINT('Origin',(-9.88791936835883,32.9847814760951,149.78478146939));
#11566=CARTESIAN_POINT('',(-18.137919183957,32.9847814760951,159.984781241402));
#11567=CARTESIAN_POINT('',(-1.63791955276069,32.9847814760951,159.984781241402));
#11568=CARTESIAN_POINT('',(-1.63791955276069,32.9847814760951,159.984781241402));
#11569=CARTESIAN_POINT('',(-1.63791955276069,32.9847814760951,139.584781697377));
#11570=CARTESIAN_POINT('',(-1.63791955276069,32.9847814760951,139.584781697377));
#11571=CARTESIAN_POINT('',(-18.137919183957,32.9847814760951,139.584781697377));
#11572=CARTESIAN_POINT('',(-18.137919183957,32.9847814760951,139.584781697377));
#11573=CARTESIAN_POINT('',(-18.137919183957,32.9847814760951,159.984781241402));
#11574=CARTESIAN_POINT('Origin',(9.05093843505693,32.9847814760951,149.78478146939));
#11575=CARTESIAN_POINT('',(0.862080618602659,32.9847814760951,139.584781697377));
#11576=CARTESIAN_POINT('',(0.862080618602659,32.9847814760951,159.984781241402));
#11577=CARTESIAN_POINT('',(0.862080618602659,32.9847814760951,139.584781697377));
#11578=CARTESIAN_POINT('',(17.2397962515112,32.9847814760951,159.984781241402));
#11579=CARTESIAN_POINT('',(0.862080618602659,32.9847814760951,159.984781241402));
#11580=CARTESIAN_POINT('',(17.2397962515112,32.9847814760951,139.584781697377));
#11581=CARTESIAN_POINT('',(17.2397962515112,32.9847814760951,159.984781241402));
#11582=CARTESIAN_POINT('',(17.2397962515112,32.9847814760951,139.584781697377));
#11583=CARTESIAN_POINT('Origin',(-6.63791951550779,17.9847814760951,162.48478166981));
#11584=CARTESIAN_POINT('',(-6.63791951550779,17.9847814760951,167.484781744316));
#11585=CARTESIAN_POINT('',(-6.63791951550779,17.9847814760951,162.48478166981));
#11586=CARTESIAN_POINT('',(-6.63791951550779,17.9847814760951,155.742390834905));
#11587=CARTESIAN_POINT('',(-6.63791951550779,17.9847814760951,167.484781744316));
#11588=CARTESIAN_POINT('',(-6.63791951550779,17.9847814760951,162.48478166981));
#11589=CARTESIAN_POINT('Origin',(4.36208064840498,17.9847814760951,162.48478166981));
#11590=CARTESIAN_POINT('',(4.36208064840498,17.9847814760951,162.48478166981));
#11591=CARTESIAN_POINT('',(1.95260073600043,17.9847814760951,162.48478166981));
#11592=CARTESIAN_POINT('',(4.36208064840498,17.9847814760951,162.48478166981));
#11593=CARTESIAN_POINT('Origin',(4.36208064840498,17.9847814760951,167.484781744316));
#11594=CARTESIAN_POINT('',(4.36208064840498,17.9847814760951,167.484781744316));
#11595=CARTESIAN_POINT('',(4.36208064840498,17.9847814760951,158.242390872158));
#11596=CARTESIAN_POINT('',(4.36208064840498,17.9847814760951,167.484781744316));
#11597=CARTESIAN_POINT('Origin',(-6.63791951550779,17.9847814760951,167.484781744316));
#11598=CARTESIAN_POINT('',(-3.54739934595596,17.9847814760951,167.484781744316));
#11599=CARTESIAN_POINT('Origin',(-17.8503803689003,17.9847814760951,129.608135858076));
#11600=CARTESIAN_POINT('',(-17.8503803689003,17.9847814760951,129.608135858076));
#11601=CARTESIAN_POINT('',(-17.8503803689003,17.9847814760951,129.608135858076));
#11602=CARTESIAN_POINT('',(-17.8503803689003,17.9847814760951,137.333354005367));
#11603=CARTESIAN_POINT('',(-17.8503803689003,17.9847814760951,139.304067929038));
#11604=CARTESIAN_POINT('',(-17.8503803689003,17.9847814760951,137.333354005367));
#11605=CARTESIAN_POINT('Origin',(-2.17752896451097,17.9847814760951,129.608135858076));
#11606=CARTESIAN_POINT('',(-1.31720407045755,17.9847814760951,129.608135858076));
#11607=CARTESIAN_POINT('Origin',(-17.8503803689003,17.9847814760951,137.333354005367));
#11608=CARTESIAN_POINT('',(-9.15362977265221,17.9847814760951,137.333354005367));
#11609=CARTESIAN_POINT('Origin',(-18.137919183957,17.9847814760951,139.584781697377));
#11610=CARTESIAN_POINT('',(-18.137919183957,17.9847814760951,159.984781241402));
#11611=CARTESIAN_POINT('',(-18.137919183957,17.9847814760951,139.584781697377));
#11612=CARTESIAN_POINT('',(-18.137919183957,17.9847814760951,144.292390848689));
#11613=CARTESIAN_POINT('',(-18.137919183957,17.9847814760951,159.984781241402));
#11614=CARTESIAN_POINT('',(-18.137919183957,17.9847814760951,139.584781697377));
#11615=CARTESIAN_POINT('Origin',(-1.63791955276069,17.9847814760951,139.584781697377));
#11616=CARTESIAN_POINT('',(-1.63791955276069,17.9847814760951,139.584781697377));
#11617=CARTESIAN_POINT('',(-1.04739936458241,17.9847814760951,139.584781697377));
#11618=CARTESIAN_POINT('',(-1.63791955276069,17.9847814760951,139.584781697377));
#11619=CARTESIAN_POINT('Origin',(-1.63791955276069,17.9847814760951,159.984781241402));
#11620=CARTESIAN_POINT('',(-1.63791955276069,17.9847814760951,159.984781241402));
#11621=CARTESIAN_POINT('',(-1.63791955276069,17.9847814760951,154.492390620701));
#11622=CARTESIAN_POINT('',(-1.63791955276069,17.9847814760951,159.984781241402));
#11623=CARTESIAN_POINT('Origin',(-18.137919183957,17.9847814760951,159.984781241402));
#11624=CARTESIAN_POINT('',(-9.29739918018054,17.9847814760951,159.984781241402));
#11625=CARTESIAN_POINT('Origin',(1.3818337042251,17.9847814760951,129.608135858076));
#11626=CARTESIAN_POINT('',(1.3818337042251,17.9847814760951,129.608135858076));
#11627=CARTESIAN_POINT('',(1.3818337042251,17.9847814760951,129.608135858076));
#11628=CARTESIAN_POINT('',(1.3818337042251,17.9847814760951,137.333354005367));
#11629=CARTESIAN_POINT('',(1.3818337042251,17.9847814760951,139.304067929038));
#11630=CARTESIAN_POINT('',(1.3818337042251,17.9847814760951,137.333354005367));
#11631=CARTESIAN_POINT('Origin',(16.7728671385631,17.9847814760951,129.608135858076));
#11632=CARTESIAN_POINT('',(8.15799398107946,17.9847814760951,129.608135858076));
#11633=CARTESIAN_POINT('Origin',(1.3818337042251,17.9847814760951,137.333354005367));
#11634=CARTESIAN_POINT('',(0.462477263910483,17.9847814760951,137.333354005367));
#11635=CARTESIAN_POINT('Origin',(17.2397962515112,17.9847814760951,139.584781697377));
#11636=CARTESIAN_POINT('',(0.862080618602663,17.9847814760951,139.584781697377));
#11637=CARTESIAN_POINT('',(17.2397962515112,17.9847814760951,139.584781697377));
#11638=CARTESIAN_POINT('',(8.39145853755353,17.9847814760951,139.584781697377));
#11639=CARTESIAN_POINT('',(0.862080618602663,17.9847814760951,139.584781697377));
#11640=CARTESIAN_POINT('',(17.2397962515112,17.9847814760951,139.584781697377));
#11641=CARTESIAN_POINT('Origin',(17.2397962515112,17.9847814760951,159.984781241402));
#11642=CARTESIAN_POINT('',(17.2397962515112,17.9847814760951,159.984781241402));
#11643=CARTESIAN_POINT('',(17.2397962515112,17.9847814760952,154.492390620701));
#11644=CARTESIAN_POINT('',(17.2397962515112,17.9847814760951,159.984781241402));
#11645=CARTESIAN_POINT('Origin',(0.862080618602663,17.9847814760951,159.984781241402));
#11646=CARTESIAN_POINT('',(0.862080618602663,17.9847814760951,159.984781241402));
#11647=CARTESIAN_POINT('',(0.202600721099265,17.9847814760951,159.984781241402));
#11648=CARTESIAN_POINT('',(0.862080618602663,17.9847814760951,159.984781241402));
#11649=CARTESIAN_POINT('Origin',(0.862080618602663,17.9847814760951,139.584781697377));
#11650=CARTESIAN_POINT('',(0.862080618602663,17.9847814760951,144.292390848689));
#11651=CARTESIAN_POINT('Origin',(-20.6236540675014,16.4847814760951,129.219672112423));
#11652=CARTESIAN_POINT('',(-20.6236540675014,16.4847814760951,168.780327887577));
#11653=CARTESIAN_POINT('',(-20.6236540675014,16.4847814760951,129.219672112423));
#11654=CARTESIAN_POINT('',(-20.6236540675014,16.4847814760951,168.780327887577));
#11655=CARTESIAN_POINT('',(-20.6236540675014,17.9847814760951,168.780327887577));
#11656=CARTESIAN_POINT('',(-20.6236540675014,16.4847814760951,168.780327887577));
#11657=CARTESIAN_POINT('',(-20.6236540675014,17.9847814760951,129.219672112423));
#11658=CARTESIAN_POINT('',(-20.6236540675014,17.9847814760951,168.780327887577));
#11659=CARTESIAN_POINT('',(-20.6236540675014,16.4847814760951,129.219672112423));
#11660=CARTESIAN_POINT('Origin',(19.7098957146931,16.4847814760951,129.219672112423));
#11661=CARTESIAN_POINT('',(19.7098957146931,16.4847814760951,129.219672112423));
#11662=CARTESIAN_POINT('',(-20.6236540675014,16.4847814760951,129.219672112423));
#11663=CARTESIAN_POINT('',(19.7098957146931,17.9847814760951,129.219672112423));
#11664=CARTESIAN_POINT('',(-20.6236540675014,17.9847814760951,129.219672112423));
#11665=CARTESIAN_POINT('',(19.7098957146931,16.4847814760951,129.219672112423));
#11666=CARTESIAN_POINT('Origin',(19.7098957146931,16.4847814760952,168.780327887577));
#11667=CARTESIAN_POINT('',(19.7098957146931,16.4847814760952,168.780327887577));
#11668=CARTESIAN_POINT('',(19.7098957146931,16.4847814760951,129.219672112423));
#11669=CARTESIAN_POINT('',(19.7098957146931,17.9847814760952,168.780327887577));
#11670=CARTESIAN_POINT('',(19.7098957146931,17.9847814760951,129.219672112423));
#11671=CARTESIAN_POINT('',(19.7098957146931,16.4847814760952,168.780327887577));
#11672=CARTESIAN_POINT('Origin',(-20.6236540675014,16.4847814760951,168.780327887577));
#11673=CARTESIAN_POINT('',(19.7098957146931,16.4847814760952,168.780327887577));
#11674=CARTESIAN_POINT('',(19.7098957146931,17.9847814760952,168.780327887577));
#11675=CARTESIAN_POINT('Origin',(-0.456879176404134,17.9847814760951,149.));
#11676=CARTESIAN_POINT('Origin',(-0.456879176404134,16.4847814760951,149.));
#11677=CARTESIAN_POINT('Origin',(-2.98023206113385E-8,-22.7499997913837,
196.200002905726));
#11678=CARTESIAN_POINT('',(20.0000002682209,-22.7499997913837,168.200002488494));
#11679=CARTESIAN_POINT('',(-20.0000003278255,-22.7499997913837,168.200002488494));
#11680=CARTESIAN_POINT('',(10.0000001192093,-22.7499997913837,168.200002488494));
#11681=CARTESIAN_POINT('',(20.0000002682209,-22.7499997913837,224.200003322959));
#11682=CARTESIAN_POINT('',(20.0000002682209,-22.7499997913837,210.200003114343));
#11683=CARTESIAN_POINT('',(-20.0000003278255,-22.7499997913837,224.200003322959));
#11684=CARTESIAN_POINT('',(-10.0000001788139,-22.7499997913837,224.200003322959));
#11685=CARTESIAN_POINT('',(-20.0000003278255,-22.7499997913837,182.20000269711));
#11686=CARTESIAN_POINT('',(15.7000000968575,-22.7499997913837,221.95));
#11687=CARTESIAN_POINT('',(-10.0999999031425,-22.7499997913837,221.95));
#11688=CARTESIAN_POINT('',(15.7000000968575,-22.7499997913837,221.95));
#11689=CARTESIAN_POINT('',(15.7000000968575,-22.7499997913837,170.45));
#11690=CARTESIAN_POINT('',(15.7000000968575,-22.7499997913837,170.45));
#11691=CARTESIAN_POINT('',(-10.0999999031425,-22.7499997913837,170.45));
#11692=CARTESIAN_POINT('',(-5.04999996647239,-22.7499997913837,170.45));
#11693=CARTESIAN_POINT('',(-10.0999999031425,-22.7499997913837,209.075001452863));
#11694=CARTESIAN_POINT('Origin',(-20.0000003278255,-27.7499997913837,168.200002488494));
#11695=CARTESIAN_POINT('',(-20.0000003278255,-20.7499997913837,224.200003322959));
#11696=CARTESIAN_POINT('',(-20.0000003278255,-27.7499997913837,224.200003322959));
#11697=CARTESIAN_POINT('',(-20.0000003278255,-20.7499997913837,168.200002488494));
#11698=CARTESIAN_POINT('',(-20.0000003278255,-20.7499997913837,224.200003322959));
#11699=CARTESIAN_POINT('',(-20.0000003278255,-27.7499997913837,168.200002488494));
#11700=CARTESIAN_POINT('Origin',(-20.0000003278255,-27.7499997913837,224.200003322959));
#11701=CARTESIAN_POINT('',(20.0000002682209,-20.7499997913837,224.200003322959));
#11702=CARTESIAN_POINT('',(20.0000002682209,-27.7499997913837,224.200003322959));
#11703=CARTESIAN_POINT('',(20.0000002682209,-20.7499997913837,224.200003322959));
#11704=CARTESIAN_POINT('Origin',(-2.98023206113385E-8,-20.7499997913837,
196.200002905726));
#11705=CARTESIAN_POINT('',(20.0000002682209,-20.7499997913837,168.200002488494));
#11706=CARTESIAN_POINT('',(-20.0000003278255,-20.7499997913837,168.200002488494));
#11707=CARTESIAN_POINT('',(20.0000002682209,-20.7499997913837,168.200002488494));
#11708=CARTESIAN_POINT('',(12.4000004321337,-20.7499997913837,218.052494935481));
#11709=CARTESIAN_POINT('',(15.7000000968575,-20.7499997913837,218.052494935481));
#11710=CARTESIAN_POINT('',(6.20000020116568,-20.7499997913837,218.052494935481));
#11711=CARTESIAN_POINT('',(12.4000004321337,-20.7499997913837,170.45));
#11712=CARTESIAN_POINT('',(12.4000004321337,-20.7499997913837,183.325001452863));
#11713=CARTESIAN_POINT('',(15.7000000968575,-20.7499997913837,170.45));
#11714=CARTESIAN_POINT('',(-5.04999996647239,-20.7499997913837,170.45));
#11715=CARTESIAN_POINT('',(15.7000000968575,-20.7499997913837,183.325001452863));
#11716=CARTESIAN_POINT('',(-10.0999999031425,-20.7499997913837,218.109448316374));
#11717=CARTESIAN_POINT('',(-7.59999986588955,-20.7499997913837,218.109448316374));
#11718=CARTESIAN_POINT('',(-5.04999996647236,-20.7499997913837,218.109448316374));
#11719=CARTESIAN_POINT('',(-10.0999999031425,-20.7499997913837,170.45));
#11720=CARTESIAN_POINT('',(-10.0999999031425,-20.7499997913837,209.075001452863));
#11721=CARTESIAN_POINT('',(-7.59999986588955,-20.7499997913837,170.45));
#11722=CARTESIAN_POINT('',(-5.04999996647239,-20.7499997913837,170.45));
#11723=CARTESIAN_POINT('',(-7.59999986588955,-20.7499997913837,207.15472561105));
#11724=CARTESIAN_POINT('Origin',(20.0000002682209,-27.7499997913837,224.200003322959));
#11725=CARTESIAN_POINT('',(20.0000002682209,-27.7499997913837,168.200002488494));
#11726=CARTESIAN_POINT('Origin',(20.0000002682209,-27.7499997913837,168.200002488494));
#11727=CARTESIAN_POINT('Origin',(12.4000004321337,-27.7499997913837,170.45));
#11728=CARTESIAN_POINT('',(12.4000004321337,-19.2499997913837,218.052494935481));
#11729=CARTESIAN_POINT('',(12.4000004321337,-27.7499997913837,218.052494935481));
#11730=CARTESIAN_POINT('',(12.4000004321337,-19.2499997913837,170.45));
#11731=CARTESIAN_POINT('',(12.4000004321337,-19.2499997913837,218.052494935481));
#11732=CARTESIAN_POINT('',(12.4000004321337,-27.7499997913837,170.45));
#11733=CARTESIAN_POINT('Origin',(-10.0999999031425,-27.7499997913837,170.45));
#11734=CARTESIAN_POINT('',(-10.0999999031425,-19.2499997913837,170.45));
#11735=CARTESIAN_POINT('',(-10.0999999031425,-27.7499997913837,170.45));
#11736=CARTESIAN_POINT('',(-7.59999986588955,-19.2499997913837,170.45));
#11737=CARTESIAN_POINT('',(-7.59999986588955,-19.2499997913837,170.45));
#11738=CARTESIAN_POINT('',(-7.59999986588955,-27.7499997913837,170.45));
#11739=CARTESIAN_POINT('Origin',(-10.0999999031425,-27.7499997913837,170.45));
#11740=CARTESIAN_POINT('',(15.7000000968575,-29.2499997913837,170.45));
#11741=CARTESIAN_POINT('',(15.7000000968575,-27.7499997913837,170.45));
#11742=CARTESIAN_POINT('',(-10.0999999031425,-29.2499997913837,170.45));
#11743=CARTESIAN_POINT('',(-10.0999999031425,-29.2499997913837,170.45));
#11744=CARTESIAN_POINT('',(-10.0999999031425,-27.7499997913837,170.45));
#11745=CARTESIAN_POINT('Origin',(-10.0999999031425,-27.7499997913837,170.45));
#11746=CARTESIAN_POINT('',(15.7000000968575,-19.2499997913837,170.45));
#11747=CARTESIAN_POINT('',(12.4000004321337,-19.2499997913837,170.45));
#11748=CARTESIAN_POINT('',(15.7000000968575,-27.7499997913837,170.45));
#11749=CARTESIAN_POINT('Origin',(-10.0999999031425,-27.7499997913837,221.95));
#11750=CARTESIAN_POINT('',(-10.0999999031425,-29.2499997913837,221.95));
#11751=CARTESIAN_POINT('',(-10.0999999031425,-29.2499997913837,221.95));
#11752=CARTESIAN_POINT('',(-10.0999999031425,-27.7499997913837,221.95));
#11753=CARTESIAN_POINT('Origin',(-10.0999999031425,-27.7499997913837,221.95));
#11754=CARTESIAN_POINT('',(-10.0999999031425,-19.2499997913837,218.109448316374));
#11755=CARTESIAN_POINT('',(-10.0999999031425,-27.7499997913837,218.109448316374));
#11756=CARTESIAN_POINT('',(-10.0999999031425,-19.2499997913837,170.45));
#11757=CARTESIAN_POINT('Origin',(15.7000000968575,-27.7499997913837,170.45));
#11758=CARTESIAN_POINT('',(15.7000000968575,-29.2499997913837,221.95));
#11759=CARTESIAN_POINT('',(15.7000000968575,-27.7499997913837,221.95));
#11760=CARTESIAN_POINT('',(15.7000000968575,-29.2499997913837,170.45));
#11761=CARTESIAN_POINT('Origin',(-8.849999884516,-19.2499997913837,194.279724158187));
#11762=CARTESIAN_POINT('',(-7.59999986588955,-19.2499997913837,218.109448316374));
#11763=CARTESIAN_POINT('',(-7.59999986588955,-19.2499997913837,218.109448316374));
#11764=CARTESIAN_POINT('',(-10.0999999031425,-19.2499997913837,218.109448316374));
#11765=CARTESIAN_POINT('Origin',(14.0500002644956,-19.2499997913837,194.251247467741));
#11766=CARTESIAN_POINT('',(15.7000000968575,-19.2499997913837,218.052494935481));
#11767=CARTESIAN_POINT('',(15.7000000968575,-19.2499997913837,218.052494935481));
#11768=CARTESIAN_POINT('',(15.7000000968575,-19.2499997913837,170.45));
#11769=CARTESIAN_POINT('Origin',(12.4000004321337,-27.7499997913837,218.052494935481));
#11770=CARTESIAN_POINT('',(15.7000000968575,-27.7499997913837,218.052494935481));
#11771=CARTESIAN_POINT('Origin',(-10.0999999031425,-27.7499997913837,218.109448316374));
#11772=CARTESIAN_POINT('',(-7.59999986588955,-27.7499997913837,218.109448316374));
#11773=CARTESIAN_POINT('Origin',(-7.59999986588955,-27.7499997913837,218.109448316374));
#11774=CARTESIAN_POINT('Origin',(6.90390327096946,-29.2499997913837,214.435936896769));
#11775=CARTESIAN_POINT('',(6.90390327096946,-29.2499997913837,221.95));
#11776=CARTESIAN_POINT('',(6.90390327096946,-29.2499997913837,214.435936896769));
#11777=CARTESIAN_POINT('',(6.90390327096946,-29.2499997913837,205.317968448384));
#11778=CARTESIAN_POINT('',(6.90390327096946,-32.2499997913837,221.95));
#11779=CARTESIAN_POINT('',(6.90390327096946,-29.2499997913837,221.95));
#11780=CARTESIAN_POINT('',(6.90390327096946,-32.2499997913837,214.435936896769));
#11781=CARTESIAN_POINT('',(6.90390327096946,-32.2499997913837,221.95));
#11782=CARTESIAN_POINT('',(6.90390327096946,-29.2499997913837,214.435936896769));
#11783=CARTESIAN_POINT('Origin',(-1.91933349441954,-29.2499997913837,214.435936896769));
#11784=CARTESIAN_POINT('',(-1.91933349441954,-29.2499997913837,214.435936896769));
#11785=CARTESIAN_POINT('',(0.440333301219004,-29.2499997913837,214.435936896769));
#11786=CARTESIAN_POINT('',(-1.91933349441954,-32.2499997913837,214.435936896769));
#11787=CARTESIAN_POINT('',(6.90390327096946,-32.2499997913837,214.435936896769));
#11788=CARTESIAN_POINT('',(-1.91933349441954,-29.2499997913837,214.435936896769));
#11789=CARTESIAN_POINT('Origin',(-1.91933349441954,-29.2499997913837,221.95));
#11790=CARTESIAN_POINT('',(-1.91933349441954,-29.2499997913837,221.95));
#11791=CARTESIAN_POINT('',(-1.91933349441954,-29.2499997913837,209.075));
#11792=CARTESIAN_POINT('',(-1.91933349441954,-32.2499997913837,221.95));
#11793=CARTESIAN_POINT('',(-1.91933349441954,-32.2499997913837,214.435936896769));
#11794=CARTESIAN_POINT('',(-1.91933349441954,-29.2499997913837,221.95));
#11795=CARTESIAN_POINT('Origin',(2.49228488827496,-32.2499997913837,218.192968448384));
#11796=CARTESIAN_POINT('',(-1.91933349441954,-32.2499997913837,221.95));
#11797=CARTESIAN_POINT('Origin',(10.5128593571613,-29.2499997913837,177.033138073663));
#11798=CARTESIAN_POINT('',(10.5128593571613,-29.2499997913837,194.450000357628));
#11799=CARTESIAN_POINT('',(10.5128593571613,-29.2499997913837,177.033138073663));
#11800=CARTESIAN_POINT('',(10.5128593571613,-29.2499997913837,186.616569036832));
#11801=CARTESIAN_POINT('',(10.5128593571613,-32.2499997913837,194.450000357628));
#11802=CARTESIAN_POINT('',(10.5128593571613,-29.2499997913837,194.450000357628));
#11803=CARTESIAN_POINT('',(10.5128593571613,-32.2499997913837,177.033138073663));
#11804=CARTESIAN_POINT('',(10.5128593571613,-32.2499997913837,194.450000357628));
#11805=CARTESIAN_POINT('',(10.5128593571613,-29.2499997913837,177.033138073663));
#11806=CARTESIAN_POINT('Origin',(-5.59999983608723,-29.2499997913837,177.033138073663));
#11807=CARTESIAN_POINT('',(-5.59999983608723,-29.2499997913837,177.033138073663));
#11808=CARTESIAN_POINT('',(-1.39999986961484,-29.2499997913837,177.033138073663));
#11809=CARTESIAN_POINT('',(-5.59999983608723,-32.2499997913837,177.033138073663));
#11810=CARTESIAN_POINT('',(10.5128593571613,-32.2499997913837,177.033138073663));
#11811=CARTESIAN_POINT('',(-5.59999983608723,-29.2499997913837,177.033138073663));
#11812=CARTESIAN_POINT('Origin',(-5.59999983608723,-29.2499997913837,194.450000357628));
#11813=CARTESIAN_POINT('',(-5.59999983608723,-29.2499997913837,194.450000357628));
#11814=CARTESIAN_POINT('',(-5.59999983608723,-29.2499997913837,195.325000178814));
#11815=CARTESIAN_POINT('',(-5.59999983608723,-32.2499997913837,194.450000357628));
#11816=CARTESIAN_POINT('',(-5.59999983608723,-32.2499997913837,177.033138073663));
#11817=CARTESIAN_POINT('',(-5.59999983608723,-29.2499997913837,194.450000357628));
#11818=CARTESIAN_POINT('Origin',(10.5128593571613,-29.2499997913837,194.450000357628));
#11819=CARTESIAN_POINT('',(6.65642972700943,-29.2499997913837,194.450000357628));
#11820=CARTESIAN_POINT('',(-5.59999983608723,-32.2499997913837,194.450000357628));
#11821=CARTESIAN_POINT('Origin',(2.45642976053704,-32.2499997913837,185.741569215646));
#11822=CARTESIAN_POINT('Origin',(15.7000000968575,-27.7499997913837,221.95));
#11823=CARTESIAN_POINT('',(15.7000000968575,-29.2499997913837,221.95));
#11824=CARTESIAN_POINT('',(15.7000000968575,-29.2499997913837,221.95));
#11825=CARTESIAN_POINT('Origin',(15.7000000968575,-27.7499997913837,170.45));
#11826=CARTESIAN_POINT('Origin',(2.80000009685754,-29.2499997913837,196.2));
#11827=CARTESIAN_POINT('Origin',(2.5,-30.5000000000001,255.));
#11828=CARTESIAN_POINT('',(-3.50000000000001,-27.0000000000002,255.));
#11829=CARTESIAN_POINT('',(-3.50000000000001,-34.0000000000002,255.));
#11830=CARTESIAN_POINT('',(-3.50000000000001,-30.5000000000001,255.));
#11831=CARTESIAN_POINT('',(8.5,-34.0000000000002,255.));
#11832=CARTESIAN_POINT('',(2.5,-34.0000000000002,255.));
#11833=CARTESIAN_POINT('',(8.49999999999999,-27.0000000000002,255.));
#11834=CARTESIAN_POINT('',(8.5,-30.5000000000001,255.));
#11835=CARTESIAN_POINT('',(2.5,-27.0000000000002,255.));
#11836=CARTESIAN_POINT('Origin',(2.49999999999999,-27.0000000000002,234.5));
#11837=CARTESIAN_POINT('',(8.49999999999999,-27.0000000000002,222.));
#11838=CARTESIAN_POINT('',(8.49999999999999,-27.0000000000002,234.5));
#11839=CARTESIAN_POINT('',(-3.50000000000001,-27.0000000000002,222.));
#11840=CARTESIAN_POINT('',(2.49999999999999,-27.0000000000002,222.));
#11841=CARTESIAN_POINT('',(-3.50000000000001,-27.0000000000002,234.5));
#11842=CARTESIAN_POINT('Origin',(2.5,-34.0000000000002,234.5));
#11843=CARTESIAN_POINT('',(8.49999999999999,-34.0000000000002,222.));
#11844=CARTESIAN_POINT('',(8.5,-34.0000000000002,234.5));
#11845=CARTESIAN_POINT('',(-3.50000000000001,-34.0000000000002,222.));
#11846=CARTESIAN_POINT('',(-3.50000000000001,-34.0000000000002,234.5));
#11847=CARTESIAN_POINT('',(2.49999999999999,-34.0000000000002,222.));
#11848=CARTESIAN_POINT('Origin',(-3.50000000000001,-30.5000000000001,234.5));
#11849=CARTESIAN_POINT('',(-3.50000000000001,-30.5000000000001,222.));
#11850=CARTESIAN_POINT('Origin',(2.49999999999999,-30.5000000000001,222.));
#11851=CARTESIAN_POINT('',(8.49999999999999,-30.5000000000001,222.));
#11852=CARTESIAN_POINT('Origin',(8.5,-30.5000000000001,234.5));
#11853=UNCERTAINTY_MEASURE_WITH_UNIT(LENGTH_MEASURE(0.01),#11857,
'DISTANCE_ACCURACY_VALUE',
'Maximum model space distance between geometric entities at asserted c
onnectivities');
#11854=UNCERTAINTY_MEASURE_WITH_UNIT(LENGTH_MEASURE(0.01),#11857,
'DISTANCE_ACCURACY_VALUE',
'Maximum model space distance between geometric entities at asserted c
onnectivities');
#11855=(
GEOMETRIC_REPRESENTATION_CONTEXT(3)
GLOBAL_UNCERTAINTY_ASSIGNED_CONTEXT((#11853))
GLOBAL_UNIT_ASSIGNED_CONTEXT((#11857,#11859,#11860))
REPRESENTATION_CONTEXT('','3D')
);
#11856=(
GEOMETRIC_REPRESENTATION_CONTEXT(3)
GLOBAL_UNCERTAINTY_ASSIGNED_CONTEXT((#11854))
GLOBAL_UNIT_ASSIGNED_CONTEXT((#11857,#11859,#11860))
REPRESENTATION_CONTEXT('','3D')
);
#11857=(
LENGTH_UNIT()
NAMED_UNIT(*)
SI_UNIT(.MILLI.,.METRE.)
);
#11858=(
LENGTH_UNIT()
NAMED_UNIT(*)
SI_UNIT($,.METRE.)
);
#11859=(
NAMED_UNIT(*)
PLANE_ANGLE_UNIT()
SI_UNIT($,.RADIAN.)
);
#11860=(
NAMED_UNIT(*)
SI_UNIT($,.STERADIAN.)
SOLID_ANGLE_UNIT()
);
#11861=SHAPE_DEFINITION_REPRESENTATION(#11862,#11863);
#11862=PRODUCT_DEFINITION_SHAPE('',$,#11865);
#11863=SHAPE_REPRESENTATION('',(#6078),#11855);
#11864=PRODUCT_DEFINITION_CONTEXT('part definition',#11869,'design');
#11865=PRODUCT_DEFINITION('Interior','Interior v45',#11866,#11864);
#11866=PRODUCT_DEFINITION_FORMATION('',$,#11871);
#11867=PRODUCT_RELATED_PRODUCT_CATEGORY('Interior v45','Interior v45',(#11871));
#11868=APPLICATION_PROTOCOL_DEFINITION('international standard',
'automotive_design',2009,#11869);
#11869=APPLICATION_CONTEXT(
'Core Data for Automotive Mechanical Design Process');
#11870=PRODUCT_CONTEXT('part definition',#11869,'mechanical');
#11871=PRODUCT('Interior','Interior v45',$,(#11870));
#11872=PRESENTATION_STYLE_ASSIGNMENT((#11884));
#11873=PRESENTATION_STYLE_ASSIGNMENT((#11885));
#11874=PRESENTATION_STYLE_ASSIGNMENT((#11886));
#11875=PRESENTATION_STYLE_ASSIGNMENT((#11887));
#11876=PRESENTATION_STYLE_ASSIGNMENT((#11888));
#11877=PRESENTATION_STYLE_ASSIGNMENT((#11889));
#11878=PRESENTATION_STYLE_ASSIGNMENT((#11890));
#11879=PRESENTATION_STYLE_ASSIGNMENT((#11891));
#11880=PRESENTATION_STYLE_ASSIGNMENT((#11892));
#11881=PRESENTATION_STYLE_ASSIGNMENT((#11893));
#11882=PRESENTATION_STYLE_ASSIGNMENT((#11894));
#11883=PRESENTATION_STYLE_ASSIGNMENT((#11895));
#11884=SURFACE_STYLE_USAGE(.BOTH.,#11896);
#11885=SURFACE_STYLE_USAGE(.BOTH.,#11897);
#11886=SURFACE_STYLE_USAGE(.BOTH.,#11898);
#11887=SURFACE_STYLE_USAGE(.BOTH.,#11899);
#11888=SURFACE_STYLE_USAGE(.BOTH.,#11900);
#11889=SURFACE_STYLE_USAGE(.BOTH.,#11901);
#11890=SURFACE_STYLE_USAGE(.BOTH.,#11902);
#11891=SURFACE_STYLE_USAGE(.BOTH.,#11903);
#11892=SURFACE_STYLE_USAGE(.BOTH.,#11904);
#11893=SURFACE_STYLE_USAGE(.BOTH.,#11905);
#11894=SURFACE_STYLE_USAGE(.BOTH.,#11906);
#11895=SURFACE_STYLE_USAGE(.BOTH.,#11907);
#11896=SURFACE_SIDE_STYLE('',(#11908));
#11897=SURFACE_SIDE_STYLE('',(#11909));
#11898=SURFACE_SIDE_STYLE('',(#11910));
#11899=SURFACE_SIDE_STYLE('',(#11911));
#11900=SURFACE_SIDE_STYLE('',(#11912));
#11901=SURFACE_SIDE_STYLE('',(#11913));
#11902=SURFACE_SIDE_STYLE('',(#11914));
#11903=SURFACE_SIDE_STYLE('',(#11915));
#11904=SURFACE_SIDE_STYLE('',(#11916));
#11905=SURFACE_SIDE_STYLE('',(#11917));
#11906=SURFACE_SIDE_STYLE('',(#11918));
#11907=SURFACE_SIDE_STYLE('',(#11919));
#11908=SURFACE_STYLE_FILL_AREA(#11920);
#11909=SURFACE_STYLE_FILL_AREA(#11921);
#11910=SURFACE_STYLE_FILL_AREA(#11922);
#11911=SURFACE_STYLE_FILL_AREA(#11923);
#11912=SURFACE_STYLE_FILL_AREA(#11924);
#11913=SURFACE_STYLE_FILL_AREA(#11925);
#11914=SURFACE_STYLE_FILL_AREA(#11926);
#11915=SURFACE_STYLE_FILL_AREA(#11927);
#11916=SURFACE_STYLE_FILL_AREA(#11928);
#11917=SURFACE_STYLE_FILL_AREA(#11929);
#11918=SURFACE_STYLE_FILL_AREA(#11930);
#11919=SURFACE_STYLE_FILL_AREA(#11931);
#11920=FILL_AREA_STYLE('Acero - Satinado',(#11932));
#11921=FILL_AREA_STYLE('Acero - Satinado (1)',(#11933));
#11922=FILL_AREA_STYLE('Acero - Satinado',(#11934));
#11923=FILL_AREA_STYLE('Acero - Satinado',(#11935));
#11924=FILL_AREA_STYLE('Blanco liso',(#11936));
#11925=FILL_AREA_STYLE('Dorado',(#11937));
#11926=FILL_AREA_STYLE('Acero - Satinado (3)',(#11938));
#11927=FILL_AREA_STYLE('Acero - Satinado (2)',(#11939));
#11928=FILL_AREA_STYLE('Acero - Satinado',(#11940));
#11929=FILL_AREA_STYLE('Acero - Satinado (1) (1)',(#11941));
#11930=FILL_AREA_STYLE('Blanco liso (1)',(#11942));
#11931=FILL_AREA_STYLE('Blanco liso (1) (1)',(#11943));
#11932=FILL_AREA_STYLE_COLOUR('Acero - Satinado',#11944);
#11933=FILL_AREA_STYLE_COLOUR('Acero - Satinado (1)',#11945);
#11934=FILL_AREA_STYLE_COLOUR('Acero - Satinado',#11946);
#11935=FILL_AREA_STYLE_COLOUR('Acero - Satinado',#11947);
#11936=FILL_AREA_STYLE_COLOUR('Blanco liso',#11948);
#11937=FILL_AREA_STYLE_COLOUR('Dorado',#11949);
#11938=FILL_AREA_STYLE_COLOUR('Acero - Satinado (3)',#11950);
#11939=FILL_AREA_STYLE_COLOUR('Acero - Satinado (2)',#11951);
#11940=FILL_AREA_STYLE_COLOUR('Acero - Satinado',#11952);
#11941=FILL_AREA_STYLE_COLOUR('Acero - Satinado (1) (1)',#11953);
#11942=FILL_AREA_STYLE_COLOUR('Blanco liso (1)',#11954);
#11943=FILL_AREA_STYLE_COLOUR('Blanco liso (1) (1)',#11955);
#11944=COLOUR_RGB('Acero - Satinado',0.627450980392157,0.627450980392157,
0.627450980392157);
#11945=COLOUR_RGB('Acero - Satinado (1)',0.392156862745098,0.388235294117647,
0.388235294117647);
#11946=COLOUR_RGB('Acero - Satinado',1.,1.,1.);
#11947=COLOUR_RGB('Acero - Satinado',0.729411764705882,0.352941176470588,
0.741176470588235);
#11948=COLOUR_RGB('Blanco liso',1.,1.,1.);
#11949=COLOUR_RGB('Dorado',1.,0.792156862745098,0.309803921568627);
#11950=COLOUR_RGB('Acero - Satinado (3)',0.149019607843137,0.650980392156863,
0.4);
#11951=COLOUR_RGB('Acero - Satinado (2)',0.,0.662745098039216,0.968627450980392);
#11952=COLOUR_RGB('Acero - Satinado',0.,0.419607843137255,0.968627450980392);
#11953=COLOUR_RGB('Acero - Satinado (1) (1)',0.501960784313725,0.501960784313725,
0.501960784313725);
#11954=COLOUR_RGB('Blanco liso (1)',0.427450980392157,1.,1.);
#11955=COLOUR_RGB('Blanco liso (1) (1)',0.745098039215686,0.988235294117647,
1.);
ENDSEC;
END-ISO-10303-21;
